config_family_index,media_id,group_key,selected_rank,target_decision,target_trigger,caused_frame_positive,strong_separator,strong_in_bay,geometry_candidate_count
0,IMG_007350,hn02-faded-lines-but-confirmably-inside,1,POSITIVE_OUTSIDE,OUTSIDE_FALLBACK_POSITIVE,True,False,False,3
0,IMG_007396,hn06-shadows-cracks-curbs-mimic-lines,1,POSITIVE_OUTSIDE,OUTSIDE_FALLBACK_POSITIVE,True,False,False,3
0,IMG_007396,hn06-shadows-cracks-curbs-mimic-lines,2,POSITIVE_OUTSIDE,OUTSIDE_FALLBACK_POSITIVE,True,False,False,2
0,IMG_007413,n01-standard-inside-bay,1,POSITIVE_OUTSIDE,OUTSIDE_FALLBACK_POSITIVE,True,False,False,3
0,IMG_007413,n01-standard-inside-bay,2,POSITIVE_OUTSIDE,OUTSIDE_FALLBACK_POSITIVE,True,False,False,3
0,IMG_007425,n01-standard-inside-bay,1,POSITIVE_OUTSIDE,OUTSIDE_FALLBACK_POSITIVE,True,False,False,5
0,IMG_007445,n02-close-to-line-but-inside,1,POSITIVE_OUTSIDE,OUTSIDE_FALLBACK_POSITIVE,True,False,False,3
0,IMG_007445,n02-close-to-line-but-inside,2,POSITIVE_OUTSIDE,OUTSIDE_FALLBACK_POSITIVE,True,False,False,3
0,IMG_007450,n02-close-to-line-but-inside,1,POSITIVE_OUTSIDE,OUTSIDE_FALLBACK_POSITIVE,True,False,False,4
0,IMG_007562,p02-cross-single-boundary-line,1,POSITIVE_OUTSIDE,OUTSIDE_FALLBACK_POSITIVE,True,False,False,9
0,IMG_007593,p02-cross-single-boundary-line,1,POSITIVE_OUTSIDE,OUTSIDE_FALLBACK_POSITIVE,True,False,False,2
0,IMG_007626,p04-angled-footprint-outside,1,POSITIVE_OUTSIDE,OUTSIDE_FALLBACK_POSITIVE,True,False,False,7
0,IMG_007637,p04-angled-footprint-outside,1,POSITIVE_OUTSIDE,OUTSIDE_FALLBACK_POSITIVE,True,False,False,1
1,IMG_007350,hn02-faded-lines-but-confirmably-inside,1,POSITIVE_OUTSIDE,OUTSIDE_FALLBACK_POSITIVE,True,False,False,3
1,IMG_007396,hn06-shadows-cracks-curbs-mimic-lines,1,POSITIVE_OUTSIDE,OUTSIDE_FALLBACK_POSITIVE,True,False,False,3
1,IMG_007396,hn06-shadows-cracks-curbs-mimic-lines,2,POSITIVE_OUTSIDE,OUTSIDE_FALLBACK_POSITIVE,True,False,False,2
1,IMG_007413,n01-standard-inside-bay,1,POSITIVE_OUTSIDE,OUTSIDE_FALLBACK_POSITIVE,True,False,False,3
1,IMG_007413,n01-standard-inside-bay,2,POSITIVE_OUTSIDE,OUTSIDE_FALLBACK_POSITIVE,True,False,False,3
1,IMG_007425,n01-standard-inside-bay,1,POSITIVE_OUTSIDE,OUTSIDE_FALLBACK_POSITIVE,True,False,False,5
1,IMG_007445,n02-close-to-line-but-inside,1,POSITIVE_OUTSIDE,OUTSIDE_FALLBACK_POSITIVE,True,False,False,3
1,IMG_007445,n02-close-to-line-but-inside,2,POSITIVE_OUTSIDE,OUTSIDE_FALLBACK_POSITIVE,True,False,False,3
1,IMG_007450,n02-close-to-line-but-inside,1,POSITIVE_OUTSIDE,OUTSIDE_FALLBACK_POSITIVE,True,False,False,4
1,IMG_007562,p02-cross-single-boundary-line,1,POSITIVE_OUTSIDE,OUTSIDE_FALLBACK_POSITIVE,True,False,False,9
1,IMG_007593,p02-cross-single-boundary-line,1,POSITIVE_OUTSIDE,OUTSIDE_FALLBACK_POSITIVE,True,False,False,2
1,IMG_007626,p04-angled-footprint-outside,1,POSITIVE_OUTSIDE,OUTSIDE_FALLBACK_POSITIVE,True,False,False,7
1,IMG_007637,p04-angled-footprint-outside,1,POSITIVE_OUTSIDE,OUTSIDE_FALLBACK_POSITIVE,True,False,False,1
2,IMG_007350,hn02-faded-lines-but-confirmably-inside,1,POSITIVE_OUTSIDE,OUTSIDE_FALLBACK_POSITIVE,True,False,False,3
2,IMG_007396,hn06-shadows-cracks-curbs-mimic-lines,1,POSITIVE_OUTSIDE,OUTSIDE_FALLBACK_POSITIVE,True,False,False,3
2,IMG_007396,hn06-shadows-cracks-curbs-mimic-lines,2,POSITIVE_OUTSIDE,OUTSIDE_FALLBACK_POSITIVE,True,False,False,2
2,IMG_007413,n01-standard-inside-bay,1,POSITIVE_OUTSIDE,OUTSIDE_FALLBACK_POSITIVE,True,False,False,3
2,IMG_007413,n01-standard-inside-bay,2,POSITIVE_OUTSIDE,OUTSIDE_FALLBACK_POSITIVE,True,False,False,3
2,IMG_007425,n01-standard-inside-bay,1,POSITIVE_OUTSIDE,OUTSIDE_FALLBACK_POSITIVE,True,False,False,5
2,IMG_007445,n02-close-to-line-but-inside,1,POSITIVE_OUTSIDE,OUTSIDE_FALLBACK_POSITIVE,True,False,False,3
2,IMG_007445,n02-close-to-line-but-inside,2,POSITIVE_OUTSIDE,OUTSIDE_FALLBACK_POSITIVE,True,False,False,3
2,IMG_007450,n02-close-to-line-but-inside,1,POSITIVE_OUTSIDE,OUTSIDE_FALLBACK_POSITIVE,True,False,False,4
2,IMG_007562,p02-cross-single-boundary-line,1,POSITIVE_OUTSIDE,OUTSIDE_FALLBACK_POSITIVE,True,False,False,9
2,IMG_007593,p02-cross-single-boundary-line,1,POSITIVE_OUTSIDE,OUTSIDE_FALLBACK_POSITIVE,True,False,False,2
2,IMG_007626,p04-angled-footprint-outside,1,POSITIVE_OUTSIDE,OUTSIDE_FALLBACK_POSITIVE,True,False,False,7
2,IMG_007637,p04-angled-footprint-outside,1,POSITIVE_OUTSIDE,OUTSIDE_FALLBACK_POSITIVE,True,False,False,1
3,IMG_007350,hn02-faded-lines-but-confirmably-inside,1,POSITIVE_OUTSIDE,OUTSIDE_FALLBACK_POSITIVE,True,False,False,3
3,IMG_007396,hn06-shadows-cracks-curbs-mimic-lines,1,POSITIVE_OUTSIDE,OUTSIDE_FALLBACK_POSITIVE,True,False,False,3
3,IMG_007396,hn06-shadows-cracks-curbs-mimic-lines,2,POSITIVE_OUTSIDE,OUTSIDE_FALLBACK_POSITIVE,True,False,False,2
3,IMG_007413,n01-standard-inside-bay,1,POSITIVE_OUTSIDE,OUTSIDE_FALLBACK_POSITIVE,True,False,False,3
3,IMG_007413,n01-standard-inside-bay,2,POSITIVE_OUTSIDE,OUTSIDE_FALLBACK_POSITIVE,True,False,False,3
3,IMG_007425,n01-standard-inside-bay,1,POSITIVE_OUTSIDE,OUTSIDE_FALLBACK_POSITIVE,True,False,False,5
3,IMG_007445,n02-close-to-line-but-inside,1,POSITIVE_OUTSIDE,OUTSIDE_FALLBACK_POSITIVE,True,False,False,3
3,IMG_007445,n02-close-to-line-but-inside,2,POSITIVE_OUTSIDE,OUTSIDE_FALLBACK_POSITIVE,True,False,False,3
3,IMG_007450,n02-close-to-line-but-inside,1,POSITIVE_OUTSIDE,OUTSIDE_FALLBACK_POSITIVE,True,False,False,4
3,IMG_007562,p02-cross-single-boundary-line,1,POSITIVE_OUTSIDE,OUTSIDE_FALLBACK_POSITIVE,True,False,False,9
3,IMG_007593,p02-cross-single-boundary-line,1,POSITIVE_OUTSIDE,OUTSIDE_FALLBACK_POSITIVE,True,False,False,2
3,IMG_007626,p04-angled-footprint-outside,1,POSITIVE_OUTSIDE,OUTSIDE_FALLBACK_POSITIVE,True,False,False,7
3,IMG_007637,p04-angled-footprint-outside,1,POSITIVE_OUTSIDE,OUTSIDE_FALLBACK_POSITIVE,True,False,False,1
4,IMG_007350,hn02-faded-lines-but-confirmably-inside,1,POSITIVE_OUTSIDE,OUTSIDE_FALLBACK_POSITIVE,True,False,False,3
4,IMG_007396,hn06-shadows-cracks-curbs-mimic-lines,1,POSITIVE_OUTSIDE,OUTSIDE_FALLBACK_POSITIVE,True,False,False,3
4,IMG_007396,hn06-shadows-cracks-curbs-mimic-lines,2,POSITIVE_OUTSIDE,OUTSIDE_FALLBACK_POSITIVE,True,False,False,2
4,IMG_007413,n01-standard-inside-bay,1,POSITIVE_OUTSIDE,OUTSIDE_FALLBACK_POSITIVE,True,False,False,3
4,IMG_007413,n01-standard-inside-bay,2,POSITIVE_OUTSIDE,OUTSIDE_FALLBACK_POSITIVE,True,False,False,3
4,IMG_007425,n01-standard-inside-bay,1,POSITIVE_OUTSIDE,OUTSIDE_FALLBACK_POSITIVE,True,False,False,5
4,IMG_007445,n02-close-to-line-but-inside,1,POSITIVE_OUTSIDE,OUTSIDE_FALLBACK_POSITIVE,True,False,False,3
4,IMG_007445,n02-close-to-line-but-inside,2,POSITIVE_OUTSIDE,OUTSIDE_FALLBACK_POSITIVE,True,False,False,3
4,IMG_007450,n02-close-to-line-but-inside,1,POSITIVE_OUTSIDE,OUTSIDE_FALLBACK_POSITIVE,True,False,False,4
4,IMG_007562,p02-cross-single-boundary-line,1,POSITIVE_OUTSIDE,OUTSIDE_FALLBACK_POSITIVE,True,False,False,9
4,IMG_007593,p02-cross-single-boundary-line,1,POSITIVE_OUTSIDE,OUTSIDE_FALLBACK_POSITIVE,True,False,False,2
4,IMG_007626,p04-angled-footprint-outside,1,POSITIVE_OUTSIDE,OUTSIDE_FALLBACK_POSITIVE,True,False,False,7
4,IMG_007637,p04-angled-footprint-outside,1,POSITIVE_OUTSIDE,OUTSIDE_FALLBACK_POSITIVE,True,False,False,1
5,IMG_007350,hn02-faded-lines-but-confirmably-inside,1,POSITIVE_OUTSIDE,OUTSIDE_FALLBACK_POSITIVE,True,False,False,3
5,IMG_007396,hn06-shadows-cracks-curbs-mimic-lines,1,POSITIVE_OUTSIDE,OUTSIDE_FALLBACK_POSITIVE,True,False,False,3
5,IMG_007396,hn06-shadows-cracks-curbs-mimic-lines,2,POSITIVE_OUTSIDE,OUTSIDE_FALLBACK_POSITIVE,True,False,False,2
5,IMG_007413,n01-standard-inside-bay,1,POSITIVE_OUTSIDE,OUTSIDE_FALLBACK_POSITIVE,True,False,False,3
5,IMG_007413,n01-standard-inside-bay,2,POSITIVE_OUTSIDE,OUTSIDE_FALLBACK_POSITIVE,True,False,False,3
5,IMG_007425,n01-standard-inside-bay,1,POSITIVE_OUTSIDE,OUTSIDE_FALLBACK_POSITIVE,True,False,False,5
5,IMG_007445,n02-close-to-line-but-inside,1,POSITIVE_OUTSIDE,OUTSIDE_FALLBACK_POSITIVE,True,False,False,3
5,IMG_007445,n02-close-to-line-but-inside,2,POSITIVE_OUTSIDE,OUTSIDE_FALLBACK_POSITIVE,True,False,False,3
5,IMG_007450,n02-close-to-line-but-inside,1,POSITIVE_OUTSIDE,OUTSIDE_FALLBACK_POSITIVE,True,False,False,4
5,IMG_007562,p02-cross-single-boundary-line,1,POSITIVE_OUTSIDE,OUTSIDE_FALLBACK_POSITIVE,True,False,False,9
5,IMG_007593,p02-cross-single-boundary-line,1,POSITIVE_OUTSIDE,OUTSIDE_FALLBACK_POSITIVE,True,False,False,2
5,IMG_007626,p04-angled-footprint-outside,1,POSITIVE_OUTSIDE,OUTSIDE_FALLBACK_POSITIVE,True,False,False,7
5,IMG_007637,p04-angled-footprint-outside,1,POSITIVE_OUTSIDE,OUTSIDE_FALLBACK_POSITIVE,True,False,False,1
6,IMG_007350,hn02-faded-lines-but-confirmably-inside,1,POSITIVE_OUTSIDE,OUTSIDE_FALLBACK_POSITIVE,True,False,False,3
6,IMG_007396,hn06-shadows-cracks-curbs-mimic-lines,1,POSITIVE_OUTSIDE,OUTSIDE_FALLBACK_POSITIVE,True,False,False,3
6,IMG_007396,hn06-shadows-cracks-curbs-mimic-lines,2,POSITIVE_OUTSIDE,OUTSIDE_FALLBACK_POSITIVE,True,False,False,2
6,IMG_007413,n01-standard-inside-bay,1,POSITIVE_OUTSIDE,OUTSIDE_FALLBACK_POSITIVE,True,False,False,3
6,IMG_007413,n01-standard-inside-bay,2,POSITIVE_OUTSIDE,OUTSIDE_FALLBACK_POSITIVE,True,False,False,3
6,IMG_007425,n01-standard-inside-bay,1,POSITIVE_OUTSIDE,OUTSIDE_FALLBACK_POSITIVE,True,False,False,5
6,IMG_007445,n02-close-to-line-but-inside,1,POSITIVE_OUTSIDE,OUTSIDE_FALLBACK_POSITIVE,True,False,False,3
6,IMG_007445,n02-close-to-line-but-inside,2,POSITIVE_OUTSIDE,OUTSIDE_FALLBACK_POSITIVE,True,False,False,3
6,IMG_007450,n02-close-to-line-but-inside,1,POSITIVE_OUTSIDE,OUTSIDE_FALLBACK_POSITIVE,True,False,False,4
6,IMG_007562,p02-cross-single-boundary-line,1,POSITIVE_OUTSIDE,OUTSIDE_FALLBACK_POSITIVE,True,False,False,9
6,IMG_007593,p02-cross-single-boundary-line,1,POSITIVE_OUTSIDE,OUTSIDE_FALLBACK_POSITIVE,True,False,False,2
6,IMG_007626,p04-angled-footprint-outside,1,POSITIVE_OUTSIDE,OUTSIDE_FALLBACK_POSITIVE,True,False,False,7
6,IMG_007637,p04-angled-footprint-outside,1,POSITIVE_OUTSIDE,OUTSIDE_FALLBACK_POSITIVE,True,False,False,1
7,IMG_007350,hn02-faded-lines-but-confirmably-inside,1,POSITIVE_OUTSIDE,OUTSIDE_FALLBACK_POSITIVE,True,False,False,3
7,IMG_007396,hn06-shadows-cracks-curbs-mimic-lines,1,POSITIVE_OUTSIDE,OUTSIDE_FALLBACK_POSITIVE,True,False,False,3
7,IMG_007396,hn06-shadows-cracks-curbs-mimic-lines,2,POSITIVE_OUTSIDE,OUTSIDE_FALLBACK_POSITIVE,True,False,False,2
7,IMG_007413,n01-standard-inside-bay,1,POSITIVE_OUTSIDE,OUTSIDE_FALLBACK_POSITIVE,True,False,False,3
7,IMG_007413,n01-standard-inside-bay,2,POSITIVE_OUTSIDE,OUTSIDE_FALLBACK_POSITIVE,True,False,False,3
7,IMG_007425,n01-standard-inside-bay,1,POSITIVE_OUTSIDE,OUTSIDE_FALLBACK_POSITIVE,True,False,False,5
7,IMG_007445,n02-close-to-line-but-inside,1,POSITIVE_OUTSIDE,OUTSIDE_FALLBACK_POSITIVE,True,False,False,3
7,IMG_007445,n02-close-to-line-but-inside,2,POSITIVE_OUTSIDE,OUTSIDE_FALLBACK_POSITIVE,True,False,False,3
7,IMG_007450,n02-close-to-line-but-inside,1,POSITIVE_OUTSIDE,OUTSIDE_FALLBACK_POSITIVE,True,False,False,4
7,IMG_007562,p02-cross-single-boundary-line,1,POSITIVE_OUTSIDE,OUTSIDE_FALLBACK_POSITIVE,True,False,False,9
7,IMG_007593,p02-cross-single-boundary-line,1,POSITIVE_OUTSIDE,OUTSIDE_FALLBACK_POSITIVE,True,False,False,2
7,IMG_007626,p04-angled-footprint-outside,1,POSITIVE_OUTSIDE,OUTSIDE_FALLBACK_POSITIVE,True,False,False,7
7,IMG_007637,p04-angled-footprint-outside,1,POSITIVE_OUTSIDE,OUTSIDE_FALLBACK_POSITIVE,True,False,False,1
8,IMG_007350,hn02-faded-lines-but-confirmably-inside,1,POSITIVE_OUTSIDE,OUTSIDE_FALLBACK_POSITIVE,True,False,False,3
8,IMG_007396,hn06-shadows-cracks-curbs-mimic-lines,1,POSITIVE_OUTSIDE,OUTSIDE_FALLBACK_POSITIVE,True,False,False,3
8,IMG_007396,hn06-shadows-cracks-curbs-mimic-lines,2,POSITIVE_OUTSIDE,OUTSIDE_FALLBACK_POSITIVE,True,False,False,2
8,IMG_007413,n01-standard-inside-bay,1,POSITIVE_OUTSIDE,OUTSIDE_FALLBACK_POSITIVE,True,False,False,3
8,IMG_007413,n01-standard-inside-bay,2,POSITIVE_OUTSIDE,OUTSIDE_FALLBACK_POSITIVE,True,False,False,3
8,IMG_007425,n01-standard-inside-bay,1,POSITIVE_OUTSIDE,OUTSIDE_FALLBACK_POSITIVE,True,False,False,5
8,IMG_007445,n02-close-to-line-but-inside,1,POSITIVE_OUTSIDE,OUTSIDE_FALLBACK_POSITIVE,True,False,False,3
8,IMG_007445,n02-close-to-line-but-inside,2,POSITIVE_OUTSIDE,OUTSIDE_FALLBACK_POSITIVE,True,False,False,3
8,IMG_007450,n02-close-to-line-but-inside,1,POSITIVE_OUTSIDE,OUTSIDE_FALLBACK_POSITIVE,True,False,False,4
8,IMG_007562,p02-cross-single-boundary-line,1,POSITIVE_OUTSIDE,OUTSIDE_FALLBACK_POSITIVE,True,False,False,9
8,IMG_007593,p02-cross-single-boundary-line,1,POSITIVE_OUTSIDE,OUTSIDE_FALLBACK_POSITIVE,True,False,False,2
8,IMG_007626,p04-angled-footprint-outside,1,POSITIVE_OUTSIDE,OUTSIDE_FALLBACK_POSITIVE,True,False,False,7
8,IMG_007637,p04-angled-footprint-outside,1,POSITIVE_OUTSIDE,OUTSIDE_FALLBACK_POSITIVE,True,False,False,1
9,IMG_007350,hn02-faded-lines-but-confirmably-inside,1,POSITIVE_OUTSIDE,OUTSIDE_FALLBACK_POSITIVE,True,False,False,3
9,IMG_007396,hn06-shadows-cracks-curbs-mimic-lines,1,POSITIVE_OUTSIDE,OUTSIDE_FALLBACK_POSITIVE,True,False,False,3
9,IMG_007396,hn06-shadows-cracks-curbs-mimic-lines,2,POSITIVE_OUTSIDE,OUTSIDE_FALLBACK_POSITIVE,True,False,False,2
9,IMG_007413,n01-standard-inside-bay,1,POSITIVE_OUTSIDE,OUTSIDE_FALLBACK_POSITIVE,True,False,False,3
9,IMG_007413,n01-standard-inside-bay,2,POSITIVE_OUTSIDE,OUTSIDE_FALLBACK_POSITIVE,True,False,False,3
9,IMG_007425,n01-standard-inside-bay,1,POSITIVE_OUTSIDE,OUTSIDE_FALLBACK_POSITIVE,True,False,False,5
9,IMG_007445,n02-close-to-line-but-inside,1,POSITIVE_OUTSIDE,OUTSIDE_FALLBACK_POSITIVE,True,False,False,3
9,IMG_007445,n02-close-to-line-but-inside,2,POSITIVE_OUTSIDE,OUTSIDE_FALLBACK_POSITIVE,True,False,False,3
9,IMG_007450,n02-close-to-line-but-inside,1,POSITIVE_OUTSIDE,OUTSIDE_FALLBACK_POSITIVE,True,False,False,4
9,IMG_007562,p02-cross-single-boundary-line,1,POSITIVE_OUTSIDE,OUTSIDE_FALLBACK_POSITIVE,True,False,False,9
9,IMG_007593,p02-cross-single-boundary-line,1,POSITIVE_OUTSIDE,OUTSIDE_FALLBACK_POSITIVE,True,False,False,2
9,IMG_007626,p04-angled-footprint-outside,1,POSITIVE_OUTSIDE,OUTSIDE_FALLBACK_POSITIVE,True,False,False,7
9,IMG_007637,p04-angled-footprint-outside,1,POSITIVE_OUTSIDE,OUTSIDE_FALLBACK_POSITIVE,True,False,False,1
10,IMG_007350,hn02-faded-lines-but-confirmably-inside,1,POSITIVE_OUTSIDE,OUTSIDE_FALLBACK_POSITIVE,True,False,False,3
10,IMG_007396,hn06-shadows-cracks-curbs-mimic-lines,1,POSITIVE_OUTSIDE,OUTSIDE_FALLBACK_POSITIVE,True,False,False,3
10,IMG_007396,hn06-shadows-cracks-curbs-mimic-lines,2,POSITIVE_OUTSIDE,OUTSIDE_FALLBACK_POSITIVE,True,False,False,2
10,IMG_007413,n01-standard-inside-bay,1,POSITIVE_OUTSIDE,OUTSIDE_FALLBACK_POSITIVE,True,False,False,3
10,IMG_007413,n01-standard-inside-bay,2,POSITIVE_OUTSIDE,OUTSIDE_FALLBACK_POSITIVE,True,False,False,3
10,IMG_007425,n01-standard-inside-bay,1,POSITIVE_OUTSIDE,OUTSIDE_FALLBACK_POSITIVE,True,False,False,5
10,IMG_007445,n02-close-to-line-but-inside,1,POSITIVE_OUTSIDE,OUTSIDE_FALLBACK_POSITIVE,True,False,False,3
10,IMG_007445,n02-close-to-line-but-inside,2,POSITIVE_OUTSIDE,OUTSIDE_FALLBACK_POSITIVE,True,False,False,3
10,IMG_007450,n02-close-to-line-but-inside,1,POSITIVE_OUTSIDE,OUTSIDE_FALLBACK_POSITIVE,True,False,False,4
10,IMG_007562,p02-cross-single-boundary-line,1,POSITIVE_OUTSIDE,OUTSIDE_FALLBACK_POSITIVE,True,False,False,9
10,IMG_007593,p02-cross-single-boundary-line,1,POSITIVE_OUTSIDE,OUTSIDE_FALLBACK_POSITIVE,True,False,False,2
10,IMG_007626,p04-angled-footprint-outside,1,POSITIVE_OUTSIDE,OUTSIDE_FALLBACK_POSITIVE,True,False,False,7
10,IMG_007637,p04-angled-footprint-outside,1,POSITIVE_OUTSIDE,OUTSIDE_FALLBACK_POSITIVE,True,False,False,1
11,IMG_007350,hn02-faded-lines-but-confirmably-inside,1,POSITIVE_OUTSIDE,OUTSIDE_FALLBACK_POSITIVE,True,False,False,3
11,IMG_007396,hn06-shadows-cracks-curbs-mimic-lines,1,POSITIVE_OUTSIDE,OUTSIDE_FALLBACK_POSITIVE,True,False,False,3
11,IMG_007396,hn06-shadows-cracks-curbs-mimic-lines,2,POSITIVE_OUTSIDE,OUTSIDE_FALLBACK_POSITIVE,True,False,False,2
11,IMG_007413,n01-standard-inside-bay,1,POSITIVE_OUTSIDE,OUTSIDE_FALLBACK_POSITIVE,True,False,False,3
11,IMG_007413,n01-standard-inside-bay,2,POSITIVE_OUTSIDE,OUTSIDE_FALLBACK_POSITIVE,True,False,False,3
11,IMG_007425,n01-standard-inside-bay,1,POSITIVE_OUTSIDE,OUTSIDE_FALLBACK_POSITIVE,True,False,False,5
11,IMG_007445,n02-close-to-line-but-inside,1,POSITIVE_OUTSIDE,OUTSIDE_FALLBACK_POSITIVE,True,False,False,3
11,IMG_007445,n02-close-to-line-but-inside,2,POSITIVE_OUTSIDE,OUTSIDE_FALLBACK_POSITIVE,True,False,False,3
11,IMG_007450,n02-close-to-line-but-inside,1,POSITIVE_OUTSIDE,OUTSIDE_FALLBACK_POSITIVE,True,False,False,4
11,IMG_007562,p02-cross-single-boundary-line,1,POSITIVE_OUTSIDE,OUTSIDE_FALLBACK_POSITIVE,True,False,False,9
11,IMG_007593,p02-cross-single-boundary-line,1,POSITIVE_OUTSIDE,OUTSIDE_FALLBACK_POSITIVE,True,False,False,2
11,IMG_007626,p04-angled-footprint-outside,1,POSITIVE_OUTSIDE,OUTSIDE_FALLBACK_POSITIVE,True,False,False,7
11,IMG_007637,p04-angled-footprint-outside,1,POSITIVE_OUTSIDE,OUTSIDE_FALLBACK_POSITIVE,True,False,False,1
12,IMG_007350,hn02-faded-lines-but-confirmably-inside,1,POSITIVE_OUTSIDE,OUTSIDE_FALLBACK_POSITIVE,True,False,False,3
12,IMG_007396,hn06-shadows-cracks-curbs-mimic-lines,1,POSITIVE_OUTSIDE,OUTSIDE_FALLBACK_POSITIVE,True,False,False,3
12,IMG_007396,hn06-shadows-cracks-curbs-mimic-lines,2,POSITIVE_OUTSIDE,OUTSIDE_FALLBACK_POSITIVE,True,False,False,2
12,IMG_007413,n01-standard-inside-bay,1,POSITIVE_OUTSIDE,OUTSIDE_FALLBACK_POSITIVE,True,False,False,3
12,IMG_007413,n01-standard-inside-bay,2,POSITIVE_OUTSIDE,OUTSIDE_FALLBACK_POSITIVE,True,False,False,3
12,IMG_007425,n01-standard-inside-bay,1,POSITIVE_OUTSIDE,OUTSIDE_FALLBACK_POSITIVE,True,False,False,5
12,IMG_007445,n02-close-to-line-but-inside,1,POSITIVE_OUTSIDE,OUTSIDE_FALLBACK_POSITIVE,True,False,False,3
12,IMG_007445,n02-close-to-line-but-inside,2,POSITIVE_OUTSIDE,OUTSIDE_FALLBACK_POSITIVE,True,False,False,3
12,IMG_007450,n02-close-to-line-but-inside,1,POSITIVE_OUTSIDE,OUTSIDE_FALLBACK_POSITIVE,True,False,False,4
12,IMG_007562,p02-cross-single-boundary-line,1,POSITIVE_OUTSIDE,OUTSIDE_FALLBACK_POSITIVE,True,False,False,9
12,IMG_007593,p02-cross-single-boundary-line,1,POSITIVE_OUTSIDE,OUTSIDE_FALLBACK_POSITIVE,True,False,False,2
12,IMG_007626,p04-angled-footprint-outside,1,POSITIVE_OUTSIDE,OUTSIDE_FALLBACK_POSITIVE,True,False,False,7
12,IMG_007637,p04-angled-footprint-outside,1,POSITIVE_OUTSIDE,OUTSIDE_FALLBACK_POSITIVE,True,False,False,1
13,IMG_007350,hn02-faded-lines-but-confirmably-inside,1,POSITIVE_OUTSIDE,OUTSIDE_FALLBACK_POSITIVE,True,False,False,3
13,IMG_007396,hn06-shadows-cracks-curbs-mimic-lines,1,POSITIVE_OUTSIDE,OUTSIDE_FALLBACK_POSITIVE,True,False,False,3
13,IMG_007396,hn06-shadows-cracks-curbs-mimic-lines,2,POSITIVE_OUTSIDE,OUTSIDE_FALLBACK_POSITIVE,True,False,False,2
13,IMG_007413,n01-standard-inside-bay,1,POSITIVE_OUTSIDE,OUTSIDE_FALLBACK_POSITIVE,True,False,False,3
13,IMG_007413,n01-standard-inside-bay,2,POSITIVE_OUTSIDE,OUTSIDE_FALLBACK_POSITIVE,True,False,False,3
13,IMG_007425,n01-standard-inside-bay,1,POSITIVE_OUTSIDE,OUTSIDE_FALLBACK_POSITIVE,True,False,False,5
13,IMG_007445,n02-close-to-line-but-inside,1,POSITIVE_OUTSIDE,OUTSIDE_FALLBACK_POSITIVE,True,False,False,3
13,IMG_007445,n02-close-to-line-but-inside,2,POSITIVE_OUTSIDE,OUTSIDE_FALLBACK_POSITIVE,True,False,False,3
13,IMG_007450,n02-close-to-line-but-inside,1,POSITIVE_OUTSIDE,OUTSIDE_FALLBACK_POSITIVE,True,False,False,4
13,IMG_007562,p02-cross-single-boundary-line,1,POSITIVE_OUTSIDE,OUTSIDE_FALLBACK_POSITIVE,True,False,False,9
13,IMG_007593,p02-cross-single-boundary-line,1,POSITIVE_OUTSIDE,OUTSIDE_FALLBACK_POSITIVE,True,False,False,2
13,IMG_007626,p04-angled-footprint-outside,1,POSITIVE_OUTSIDE,OUTSIDE_FALLBACK_POSITIVE,True,False,False,7
13,IMG_007637,p04-angled-footprint-outside,1,POSITIVE_OUTSIDE,OUTSIDE_FALLBACK_POSITIVE,True,False,False,1
14,IMG_007350,hn02-faded-lines-but-confirmably-inside,1,POSITIVE_OUTSIDE,OUTSIDE_FALLBACK_POSITIVE,True,False,False,3
14,IMG_007396,hn06-shadows-cracks-curbs-mimic-lines,1,POSITIVE_OUTSIDE,OUTSIDE_FALLBACK_POSITIVE,True,False,False,3
14,IMG_007396,hn06-shadows-cracks-curbs-mimic-lines,2,POSITIVE_OUTSIDE,OUTSIDE_FALLBACK_POSITIVE,True,False,False,2
14,IMG_007413,n01-standard-inside-bay,1,POSITIVE_OUTSIDE,OUTSIDE_FALLBACK_POSITIVE,True,False,False,3
14,IMG_007413,n01-standard-inside-bay,2,POSITIVE_OUTSIDE,OUTSIDE_FALLBACK_POSITIVE,True,False,False,3
14,IMG_007425,n01-standard-inside-bay,1,POSITIVE_OUTSIDE,OUTSIDE_FALLBACK_POSITIVE,True,False,False,5
14,IMG_007445,n02-close-to-line-but-inside,1,POSITIVE_OUTSIDE,OUTSIDE_FALLBACK_POSITIVE,True,False,False,3
14,IMG_007445,n02-close-to-line-but-inside,2,POSITIVE_OUTSIDE,OUTSIDE_FALLBACK_POSITIVE,True,False,False,3
14,IMG_007450,n02-close-to-line-but-inside,1,POSITIVE_OUTSIDE,OUTSIDE_FALLBACK_POSITIVE,True,False,False,4
14,IMG_007562,p02-cross-single-boundary-line,1,POSITIVE_OUTSIDE,OUTSIDE_FALLBACK_POSITIVE,True,False,False,9
14,IMG_007593,p02-cross-single-boundary-line,1,POSITIVE_OUTSIDE,OUTSIDE_FALLBACK_POSITIVE,True,False,False,2
14,IMG_007626,p04-angled-footprint-outside,1,POSITIVE_OUTSIDE,OUTSIDE_FALLBACK_POSITIVE,True,False,False,7
14,IMG_007637,p04-angled-footprint-outside,1,POSITIVE_OUTSIDE,OUTSIDE_FALLBACK_POSITIVE,True,False,False,1
15,IMG_007350,hn02-faded-lines-but-confirmably-inside,1,POSITIVE_OUTSIDE,OUTSIDE_FALLBACK_POSITIVE,True,False,False,3
15,IMG_007396,hn06-shadows-cracks-curbs-mimic-lines,1,POSITIVE_OUTSIDE,OUTSIDE_FALLBACK_POSITIVE,True,False,False,3
15,IMG_007396,hn06-shadows-cracks-curbs-mimic-lines,2,POSITIVE_OUTSIDE,OUTSIDE_FALLBACK_POSITIVE,True,False,False,2
15,IMG_007413,n01-standard-inside-bay,1,POSITIVE_OUTSIDE,OUTSIDE_FALLBACK_POSITIVE,True,False,False,3
15,IMG_007413,n01-standard-inside-bay,2,POSITIVE_OUTSIDE,OUTSIDE_FALLBACK_POSITIVE,True,False,False,3
15,IMG_007425,n01-standard-inside-bay,1,POSITIVE_OUTSIDE,OUTSIDE_FALLBACK_POSITIVE,True,False,False,5
15,IMG_007445,n02-close-to-line-but-inside,1,POSITIVE_OUTSIDE,OUTSIDE_FALLBACK_POSITIVE,True,False,False,3
15,IMG_007445,n02-close-to-line-but-inside,2,POSITIVE_OUTSIDE,OUTSIDE_FALLBACK_POSITIVE,True,False,False,3
15,IMG_007450,n02-close-to-line-but-inside,1,POSITIVE_OUTSIDE,OUTSIDE_FALLBACK_POSITIVE,True,False,False,4
15,IMG_007562,p02-cross-single-boundary-line,1,POSITIVE_OUTSIDE,OUTSIDE_FALLBACK_POSITIVE,True,False,False,9
15,IMG_007593,p02-cross-single-boundary-line,1,POSITIVE_OUTSIDE,OUTSIDE_FALLBACK_POSITIVE,True,False,False,2
15,IMG_007626,p04-angled-footprint-outside,1,POSITIVE_OUTSIDE,OUTSIDE_FALLBACK_POSITIVE,True,False,False,7
15,IMG_007637,p04-angled-footprint-outside,1,POSITIVE_OUTSIDE,OUTSIDE_FALLBACK_POSITIVE,True,False,False,1
16,IMG_007350,hn02-faded-lines-but-confirmably-inside,1,POSITIVE_OUTSIDE,OUTSIDE_FALLBACK_POSITIVE,True,False,False,3
16,IMG_007396,hn06-shadows-cracks-curbs-mimic-lines,1,POSITIVE_OUTSIDE,OUTSIDE_FALLBACK_POSITIVE,True,False,False,3
16,IMG_007396,hn06-shadows-cracks-curbs-mimic-lines,2,POSITIVE_OUTSIDE,OUTSIDE_FALLBACK_POSITIVE,True,False,False,2
16,IMG_007413,n01-standard-inside-bay,1,POSITIVE_OUTSIDE,OUTSIDE_FALLBACK_POSITIVE,True,False,False,3
16,IMG_007413,n01-standard-inside-bay,2,POSITIVE_OUTSIDE,OUTSIDE_FALLBACK_POSITIVE,True,False,False,3
16,IMG_007425,n01-standard-inside-bay,1,POSITIVE_OUTSIDE,OUTSIDE_FALLBACK_POSITIVE,True,False,False,5
16,IMG_007445,n02-close-to-line-but-inside,1,POSITIVE_OUTSIDE,OUTSIDE_FALLBACK_POSITIVE,True,False,False,3
16,IMG_007445,n02-close-to-line-but-inside,2,POSITIVE_OUTSIDE,OUTSIDE_FALLBACK_POSITIVE,True,False,False,3
16,IMG_007450,n02-close-to-line-but-inside,1,POSITIVE_OUTSIDE,OUTSIDE_FALLBACK_POSITIVE,True,False,False,4
16,IMG_007562,p02-cross-single-boundary-line,1,POSITIVE_OUTSIDE,OUTSIDE_FALLBACK_POSITIVE,True,False,False,9
16,IMG_007593,p02-cross-single-boundary-line,1,POSITIVE_OUTSIDE,OUTSIDE_FALLBACK_POSITIVE,True,False,False,2
16,IMG_007626,p04-angled-footprint-outside,1,POSITIVE_OUTSIDE,OUTSIDE_FALLBACK_POSITIVE,True,False,False,7
16,IMG_007637,p04-angled-footprint-outside,1,POSITIVE_OUTSIDE,OUTSIDE_FALLBACK_POSITIVE,True,False,False,1
17,IMG_007350,hn02-faded-lines-but-confirmably-inside,1,POSITIVE_OUTSIDE,OUTSIDE_FALLBACK_POSITIVE,True,False,False,3
17,IMG_007396,hn06-shadows-cracks-curbs-mimic-lines,1,POSITIVE_OUTSIDE,OUTSIDE_FALLBACK_POSITIVE,True,False,False,3
17,IMG_007396,hn06-shadows-cracks-curbs-mimic-lines,2,POSITIVE_OUTSIDE,OUTSIDE_FALLBACK_POSITIVE,True,False,False,2
17,IMG_007413,n01-standard-inside-bay,1,POSITIVE_OUTSIDE,OUTSIDE_FALLBACK_POSITIVE,True,False,False,3
17,IMG_007413,n01-standard-inside-bay,2,POSITIVE_OUTSIDE,OUTSIDE_FALLBACK_POSITIVE,True,False,False,3
17,IMG_007425,n01-standard-inside-bay,1,POSITIVE_OUTSIDE,OUTSIDE_FALLBACK_POSITIVE,True,False,False,5
17,IMG_007445,n02-close-to-line-but-inside,1,POSITIVE_OUTSIDE,OUTSIDE_FALLBACK_POSITIVE,True,False,False,3
17,IMG_007445,n02-close-to-line-but-inside,2,POSITIVE_OUTSIDE,OUTSIDE_FALLBACK_POSITIVE,True,False,False,3
17,IMG_007450,n02-close-to-line-but-inside,1,POSITIVE_OUTSIDE,OUTSIDE_FALLBACK_POSITIVE,True,False,False,4
17,IMG_007562,p02-cross-single-boundary-line,1,POSITIVE_OUTSIDE,OUTSIDE_FALLBACK_POSITIVE,True,False,False,9
17,IMG_007593,p02-cross-single-boundary-line,1,POSITIVE_OUTSIDE,OUTSIDE_FALLBACK_POSITIVE,True,False,False,2
17,IMG_007626,p04-angled-footprint-outside,1,POSITIVE_OUTSIDE,OUTSIDE_FALLBACK_POSITIVE,True,False,False,7
17,IMG_007637,p04-angled-footprint-outside,1,POSITIVE_OUTSIDE,OUTSIDE_FALLBACK_POSITIVE,True,False,False,1
18,IMG_007350,hn02-faded-lines-but-confirmably-inside,1,POSITIVE_OUTSIDE,OUTSIDE_FALLBACK_POSITIVE,True,False,False,3
18,IMG_007396,hn06-shadows-cracks-curbs-mimic-lines,1,POSITIVE_OUTSIDE,OUTSIDE_FALLBACK_POSITIVE,True,False,False,3
18,IMG_007396,hn06-shadows-cracks-curbs-mimic-lines,2,POSITIVE_OUTSIDE,OUTSIDE_FALLBACK_POSITIVE,True,False,False,2
18,IMG_007413,n01-standard-inside-bay,1,POSITIVE_OUTSIDE,OUTSIDE_FALLBACK_POSITIVE,True,False,False,3
18,IMG_007413,n01-standard-inside-bay,2,POSITIVE_OUTSIDE,OUTSIDE_FALLBACK_POSITIVE,True,False,False,3
18,IMG_007425,n01-standard-inside-bay,1,POSITIVE_OUTSIDE,OUTSIDE_FALLBACK_POSITIVE,True,False,False,5
18,IMG_007445,n02-close-to-line-but-inside,1,POSITIVE_OUTSIDE,OUTSIDE_FALLBACK_POSITIVE,True,False,False,3
18,IMG_007445,n02-close-to-line-but-inside,2,POSITIVE_OUTSIDE,OUTSIDE_FALLBACK_POSITIVE,True,False,False,3
18,IMG_007450,n02-close-to-line-but-inside,1,POSITIVE_OUTSIDE,OUTSIDE_FALLBACK_POSITIVE,True,False,False,4
18,IMG_007562,p02-cross-single-boundary-line,1,POSITIVE_OUTSIDE,OUTSIDE_FALLBACK_POSITIVE,True,False,False,9
18,IMG_007593,p02-cross-single-boundary-line,1,POSITIVE_OUTSIDE,OUTSIDE_FALLBACK_POSITIVE,True,False,False,2
18,IMG_007626,p04-angled-footprint-outside,1,POSITIVE_OUTSIDE,OUTSIDE_FALLBACK_POSITIVE,True,False,False,7
18,IMG_007637,p04-angled-footprint-outside,1,POSITIVE_OUTSIDE,OUTSIDE_FALLBACK_POSITIVE,True,False,False,1
19,IMG_007350,hn02-faded-lines-but-confirmably-inside,1,POSITIVE_OUTSIDE,OUTSIDE_FALLBACK_POSITIVE,True,False,False,3
19,IMG_007396,hn06-shadows-cracks-curbs-mimic-lines,1,POSITIVE_OUTSIDE,OUTSIDE_FALLBACK_POSITIVE,True,False,False,3
19,IMG_007396,hn06-shadows-cracks-curbs-mimic-lines,2,POSITIVE_OUTSIDE,OUTSIDE_FALLBACK_POSITIVE,True,False,False,2
19,IMG_007413,n01-standard-inside-bay,1,POSITIVE_OUTSIDE,OUTSIDE_FALLBACK_POSITIVE,True,False,False,3
19,IMG_007413,n01-standard-inside-bay,2,POSITIVE_OUTSIDE,OUTSIDE_FALLBACK_POSITIVE,True,False,False,3
19,IMG_007425,n01-standard-inside-bay,1,POSITIVE_OUTSIDE,OUTSIDE_FALLBACK_POSITIVE,True,False,False,5
19,IMG_007445,n02-close-to-line-but-inside,1,POSITIVE_OUTSIDE,OUTSIDE_FALLBACK_POSITIVE,True,False,False,3
19,IMG_007445,n02-close-to-line-but-inside,2,POSITIVE_OUTSIDE,OUTSIDE_FALLBACK_POSITIVE,True,False,False,3
19,IMG_007450,n02-close-to-line-but-inside,1,POSITIVE_OUTSIDE,OUTSIDE_FALLBACK_POSITIVE,True,False,False,4
19,IMG_007562,p02-cross-single-boundary-line,1,POSITIVE_OUTSIDE,OUTSIDE_FALLBACK_POSITIVE,True,False,False,9
19,IMG_007593,p02-cross-single-boundary-line,1,POSITIVE_OUTSIDE,OUTSIDE_FALLBACK_POSITIVE,True,False,False,2
19,IMG_007626,p04-angled-footprint-outside,1,POSITIVE_OUTSIDE,OUTSIDE_FALLBACK_POSITIVE,True,False,False,7
19,IMG_007637,p04-angled-footprint-outside,1,POSITIVE_OUTSIDE,OUTSIDE_FALLBACK_POSITIVE,True,False,False,1
20,IMG_007350,hn02-faded-lines-but-confirmably-inside,1,POSITIVE_OUTSIDE,OUTSIDE_FALLBACK_POSITIVE,True,False,False,3
20,IMG_007396,hn06-shadows-cracks-curbs-mimic-lines,1,POSITIVE_OUTSIDE,OUTSIDE_FALLBACK_POSITIVE,True,False,False,3
20,IMG_007396,hn06-shadows-cracks-curbs-mimic-lines,2,POSITIVE_OUTSIDE,OUTSIDE_FALLBACK_POSITIVE,True,False,False,2
20,IMG_007413,n01-standard-inside-bay,1,POSITIVE_OUTSIDE,OUTSIDE_FALLBACK_POSITIVE,True,False,False,3
20,IMG_007413,n01-standard-inside-bay,2,POSITIVE_OUTSIDE,OUTSIDE_FALLBACK_POSITIVE,True,False,False,3
20,IMG_007425,n01-standard-inside-bay,1,POSITIVE_OUTSIDE,OUTSIDE_FALLBACK_POSITIVE,True,False,False,5
20,IMG_007445,n02-close-to-line-but-inside,1,POSITIVE_OUTSIDE,OUTSIDE_FALLBACK_POSITIVE,True,False,False,3
20,IMG_007445,n02-close-to-line-but-inside,2,POSITIVE_OUTSIDE,OUTSIDE_FALLBACK_POSITIVE,True,False,False,3
20,IMG_007450,n02-close-to-line-but-inside,1,POSITIVE_OUTSIDE,OUTSIDE_FALLBACK_POSITIVE,True,False,False,4
20,IMG_007562,p02-cross-single-boundary-line,1,POSITIVE_OUTSIDE,OUTSIDE_FALLBACK_POSITIVE,True,False,False,9
20,IMG_007593,p02-cross-single-boundary-line,1,POSITIVE_OUTSIDE,OUTSIDE_FALLBACK_POSITIVE,True,False,False,2
20,IMG_007626,p04-angled-footprint-outside,1,POSITIVE_OUTSIDE,OUTSIDE_FALLBACK_POSITIVE,True,False,False,7
20,IMG_007637,p04-angled-footprint-outside,1,POSITIVE_OUTSIDE,OUTSIDE_FALLBACK_POSITIVE,True,False,False,1
21,IMG_007350,hn02-faded-lines-but-confirmably-inside,1,POSITIVE_OUTSIDE,OUTSIDE_FALLBACK_POSITIVE,True,False,False,3
21,IMG_007396,hn06-shadows-cracks-curbs-mimic-lines,1,POSITIVE_OUTSIDE,OUTSIDE_FALLBACK_POSITIVE,True,False,False,3
21,IMG_007396,hn06-shadows-cracks-curbs-mimic-lines,2,POSITIVE_OUTSIDE,OUTSIDE_FALLBACK_POSITIVE,True,False,False,2
21,IMG_007413,n01-standard-inside-bay,1,POSITIVE_OUTSIDE,OUTSIDE_FALLBACK_POSITIVE,True,False,False,3
21,IMG_007413,n01-standard-inside-bay,2,POSITIVE_OUTSIDE,OUTSIDE_FALLBACK_POSITIVE,True,False,False,3
21,IMG_007425,n01-standard-inside-bay,1,POSITIVE_OUTSIDE,OUTSIDE_FALLBACK_POSITIVE,True,False,False,5
21,IMG_007445,n02-close-to-line-but-inside,1,POSITIVE_OUTSIDE,OUTSIDE_FALLBACK_POSITIVE,True,False,False,3
21,IMG_007445,n02-close-to-line-but-inside,2,POSITIVE_OUTSIDE,OUTSIDE_FALLBACK_POSITIVE,True,False,False,3
21,IMG_007450,n02-close-to-line-but-inside,1,POSITIVE_OUTSIDE,OUTSIDE_FALLBACK_POSITIVE,True,False,False,4
21,IMG_007562,p02-cross-single-boundary-line,1,POSITIVE_OUTSIDE,OUTSIDE_FALLBACK_POSITIVE,True,False,False,9
21,IMG_007593,p02-cross-single-boundary-line,1,POSITIVE_OUTSIDE,OUTSIDE_FALLBACK_POSITIVE,True,False,False,2
21,IMG_007626,p04-angled-footprint-outside,1,POSITIVE_OUTSIDE,OUTSIDE_FALLBACK_POSITIVE,True,False,False,7
21,IMG_007637,p04-angled-footprint-outside,1,POSITIVE_OUTSIDE,OUTSIDE_FALLBACK_POSITIVE,True,False,False,1
22,IMG_007350,hn02-faded-lines-but-confirmably-inside,1,POSITIVE_OUTSIDE,OUTSIDE_FALLBACK_POSITIVE,True,False,False,3
22,IMG_007396,hn06-shadows-cracks-curbs-mimic-lines,1,POSITIVE_OUTSIDE,OUTSIDE_FALLBACK_POSITIVE,True,False,False,3
22,IMG_007396,hn06-shadows-cracks-curbs-mimic-lines,2,POSITIVE_OUTSIDE,OUTSIDE_FALLBACK_POSITIVE,True,False,False,2
22,IMG_007413,n01-standard-inside-bay,1,POSITIVE_OUTSIDE,OUTSIDE_FALLBACK_POSITIVE,True,False,False,3
22,IMG_007413,n01-standard-inside-bay,2,POSITIVE_OUTSIDE,OUTSIDE_FALLBACK_POSITIVE,True,False,False,3
22,IMG_007425,n01-standard-inside-bay,1,POSITIVE_OUTSIDE,OUTSIDE_FALLBACK_POSITIVE,True,False,False,5
22,IMG_007445,n02-close-to-line-but-inside,1,POSITIVE_OUTSIDE,OUTSIDE_FALLBACK_POSITIVE,True,False,False,3
22,IMG_007445,n02-close-to-line-but-inside,2,POSITIVE_OUTSIDE,OUTSIDE_FALLBACK_POSITIVE,True,False,False,3
22,IMG_007450,n02-close-to-line-but-inside,1,POSITIVE_OUTSIDE,OUTSIDE_FALLBACK_POSITIVE,True,False,False,4
22,IMG_007562,p02-cross-single-boundary-line,1,POSITIVE_OUTSIDE,OUTSIDE_FALLBACK_POSITIVE,True,False,False,9
22,IMG_007593,p02-cross-single-boundary-line,1,POSITIVE_OUTSIDE,OUTSIDE_FALLBACK_POSITIVE,True,False,False,2
22,IMG_007626,p04-angled-footprint-outside,1,POSITIVE_OUTSIDE,OUTSIDE_FALLBACK_POSITIVE,True,False,False,7
22,IMG_007637,p04-angled-footprint-outside,1,POSITIVE_OUTSIDE,OUTSIDE_FALLBACK_POSITIVE,True,False,False,1
23,IMG_007350,hn02-faded-lines-but-confirmably-inside,1,POSITIVE_OUTSIDE,OUTSIDE_FALLBACK_POSITIVE,True,False,False,3
23,IMG_007396,hn06-shadows-cracks-curbs-mimic-lines,1,POSITIVE_OUTSIDE,OUTSIDE_FALLBACK_POSITIVE,True,False,False,3
23,IMG_007396,hn06-shadows-cracks-curbs-mimic-lines,2,POSITIVE_OUTSIDE,OUTSIDE_FALLBACK_POSITIVE,True,False,False,2
23,IMG_007413,n01-standard-inside-bay,1,POSITIVE_OUTSIDE,OUTSIDE_FALLBACK_POSITIVE,True,False,False,3
23,IMG_007413,n01-standard-inside-bay,2,POSITIVE_OUTSIDE,OUTSIDE_FALLBACK_POSITIVE,True,False,False,3
23,IMG_007425,n01-standard-inside-bay,1,POSITIVE_OUTSIDE,OUTSIDE_FALLBACK_POSITIVE,True,False,False,5
23,IMG_007445,n02-close-to-line-but-inside,1,POSITIVE_OUTSIDE,OUTSIDE_FALLBACK_POSITIVE,True,False,False,3
23,IMG_007445,n02-close-to-line-but-inside,2,POSITIVE_OUTSIDE,OUTSIDE_FALLBACK_POSITIVE,True,False,False,3
23,IMG_007450,n02-close-to-line-but-inside,1,POSITIVE_OUTSIDE,OUTSIDE_FALLBACK_POSITIVE,True,False,False,4
23,IMG_007562,p02-cross-single-boundary-line,1,POSITIVE_OUTSIDE,OUTSIDE_FALLBACK_POSITIVE,True,False,False,9
23,IMG_007593,p02-cross-single-boundary-line,1,POSITIVE_OUTSIDE,OUTSIDE_FALLBACK_POSITIVE,True,False,False,2
23,IMG_007626,p04-angled-footprint-outside,1,POSITIVE_OUTSIDE,OUTSIDE_FALLBACK_POSITIVE,True,False,False,7
23,IMG_007637,p04-angled-footprint-outside,1,POSITIVE_OUTSIDE,OUTSIDE_FALLBACK_POSITIVE,True,False,False,1
24,IMG_007350,hn02-faded-lines-but-confirmably-inside,1,POSITIVE_OUTSIDE,OUTSIDE_FALLBACK_POSITIVE,True,False,False,3
24,IMG_007396,hn06-shadows-cracks-curbs-mimic-lines,1,POSITIVE_OUTSIDE,OUTSIDE_FALLBACK_POSITIVE,True,False,False,3
24,IMG_007396,hn06-shadows-cracks-curbs-mimic-lines,2,POSITIVE_OUTSIDE,OUTSIDE_FALLBACK_POSITIVE,True,False,False,2
24,IMG_007413,n01-standard-inside-bay,1,POSITIVE_OUTSIDE,OUTSIDE_FALLBACK_POSITIVE,True,False,False,3
24,IMG_007413,n01-standard-inside-bay,2,POSITIVE_OUTSIDE,OUTSIDE_FALLBACK_POSITIVE,True,False,False,3
24,IMG_007425,n01-standard-inside-bay,1,POSITIVE_OUTSIDE,OUTSIDE_FALLBACK_POSITIVE,True,False,False,5
24,IMG_007445,n02-close-to-line-but-inside,1,POSITIVE_OUTSIDE,OUTSIDE_FALLBACK_POSITIVE,True,False,False,3
24,IMG_007445,n02-close-to-line-but-inside,2,POSITIVE_OUTSIDE,OUTSIDE_FALLBACK_POSITIVE,True,False,False,3
24,IMG_007450,n02-close-to-line-but-inside,1,POSITIVE_OUTSIDE,OUTSIDE_FALLBACK_POSITIVE,True,False,False,4
24,IMG_007562,p02-cross-single-boundary-line,1,POSITIVE_OUTSIDE,OUTSIDE_FALLBACK_POSITIVE,True,False,False,9
24,IMG_007593,p02-cross-single-boundary-line,1,POSITIVE_OUTSIDE,OUTSIDE_FALLBACK_POSITIVE,True,False,False,2
24,IMG_007626,p04-angled-footprint-outside,1,POSITIVE_OUTSIDE,OUTSIDE_FALLBACK_POSITIVE,True,False,False,7
24,IMG_007637,p04-angled-footprint-outside,1,POSITIVE_OUTSIDE,OUTSIDE_FALLBACK_POSITIVE,True,False,False,1
25,IMG_007350,hn02-faded-lines-but-confirmably-inside,1,POSITIVE_OUTSIDE,OUTSIDE_FALLBACK_POSITIVE,True,False,False,3
25,IMG_007396,hn06-shadows-cracks-curbs-mimic-lines,1,POSITIVE_OUTSIDE,OUTSIDE_FALLBACK_POSITIVE,True,False,False,3
25,IMG_007396,hn06-shadows-cracks-curbs-mimic-lines,2,POSITIVE_OUTSIDE,OUTSIDE_FALLBACK_POSITIVE,True,False,False,2
25,IMG_007413,n01-standard-inside-bay,1,POSITIVE_OUTSIDE,OUTSIDE_FALLBACK_POSITIVE,True,False,False,3
25,IMG_007413,n01-standard-inside-bay,2,POSITIVE_OUTSIDE,OUTSIDE_FALLBACK_POSITIVE,True,False,False,3
25,IMG_007425,n01-standard-inside-bay,1,POSITIVE_OUTSIDE,OUTSIDE_FALLBACK_POSITIVE,True,False,False,5
25,IMG_007445,n02-close-to-line-but-inside,1,POSITIVE_OUTSIDE,OUTSIDE_FALLBACK_POSITIVE,True,False,False,3
25,IMG_007445,n02-close-to-line-but-inside,2,POSITIVE_OUTSIDE,OUTSIDE_FALLBACK_POSITIVE,True,False,False,3
25,IMG_007450,n02-close-to-line-but-inside,1,POSITIVE_OUTSIDE,OUTSIDE_FALLBACK_POSITIVE,True,False,False,4
25,IMG_007562,p02-cross-single-boundary-line,1,POSITIVE_OUTSIDE,OUTSIDE_FALLBACK_POSITIVE,True,False,False,9
25,IMG_007593,p02-cross-single-boundary-line,1,POSITIVE_OUTSIDE,OUTSIDE_FALLBACK_POSITIVE,True,False,False,2
25,IMG_007626,p04-angled-footprint-outside,1,POSITIVE_OUTSIDE,OUTSIDE_FALLBACK_POSITIVE,True,False,False,7
25,IMG_007637,p04-angled-footprint-outside,1,POSITIVE_OUTSIDE,OUTSIDE_FALLBACK_POSITIVE,True,False,False,1
26,IMG_007350,hn02-faded-lines-but-confirmably-inside,1,POSITIVE_OUTSIDE,OUTSIDE_FALLBACK_POSITIVE,True,False,False,3
26,IMG_007396,hn06-shadows-cracks-curbs-mimic-lines,1,POSITIVE_OUTSIDE,OUTSIDE_FALLBACK_POSITIVE,True,False,False,3
26,IMG_007396,hn06-shadows-cracks-curbs-mimic-lines,2,POSITIVE_OUTSIDE,OUTSIDE_FALLBACK_POSITIVE,True,False,False,2
26,IMG_007413,n01-standard-inside-bay,1,POSITIVE_OUTSIDE,OUTSIDE_FALLBACK_POSITIVE,True,False,False,3
26,IMG_007413,n01-standard-inside-bay,2,POSITIVE_OUTSIDE,OUTSIDE_FALLBACK_POSITIVE,True,False,False,3
26,IMG_007425,n01-standard-inside-bay,1,POSITIVE_OUTSIDE,OUTSIDE_FALLBACK_POSITIVE,True,False,False,5
26,IMG_007445,n02-close-to-line-but-inside,1,POSITIVE_OUTSIDE,OUTSIDE_FALLBACK_POSITIVE,True,False,False,3
26,IMG_007445,n02-close-to-line-but-inside,2,POSITIVE_OUTSIDE,OUTSIDE_FALLBACK_POSITIVE,True,False,False,3
26,IMG_007450,n02-close-to-line-but-inside,1,POSITIVE_OUTSIDE,OUTSIDE_FALLBACK_POSITIVE,True,False,False,4
26,IMG_007562,p02-cross-single-boundary-line,1,POSITIVE_OUTSIDE,OUTSIDE_FALLBACK_POSITIVE,True,False,False,9
26,IMG_007593,p02-cross-single-boundary-line,1,POSITIVE_OUTSIDE,OUTSIDE_FALLBACK_POSITIVE,True,False,False,2
26,IMG_007626,p04-angled-footprint-outside,1,POSITIVE_OUTSIDE,OUTSIDE_FALLBACK_POSITIVE,True,False,False,7
26,IMG_007637,p04-angled-footprint-outside,1,POSITIVE_OUTSIDE,OUTSIDE_FALLBACK_POSITIVE,True,False,False,1
27,IMG_007350,hn02-faded-lines-but-confirmably-inside,1,POSITIVE_OUTSIDE,OUTSIDE_FALLBACK_POSITIVE,True,False,False,3
27,IMG_007396,hn06-shadows-cracks-curbs-mimic-lines,1,POSITIVE_OUTSIDE,OUTSIDE_FALLBACK_POSITIVE,True,False,False,3
27,IMG_007396,hn06-shadows-cracks-curbs-mimic-lines,2,POSITIVE_OUTSIDE,OUTSIDE_FALLBACK_POSITIVE,True,False,False,2
27,IMG_007413,n01-standard-inside-bay,1,POSITIVE_OUTSIDE,OUTSIDE_FALLBACK_POSITIVE,True,False,False,3
27,IMG_007413,n01-standard-inside-bay,2,POSITIVE_OUTSIDE,OUTSIDE_FALLBACK_POSITIVE,True,False,False,3
27,IMG_007425,n01-standard-inside-bay,1,POSITIVE_OUTSIDE,OUTSIDE_FALLBACK_POSITIVE,True,False,False,5
27,IMG_007445,n02-close-to-line-but-inside,1,POSITIVE_OUTSIDE,OUTSIDE_FALLBACK_POSITIVE,True,False,False,3
27,IMG_007445,n02-close-to-line-but-inside,2,POSITIVE_OUTSIDE,OUTSIDE_FALLBACK_POSITIVE,True,False,False,3
27,IMG_007450,n02-close-to-line-but-inside,1,POSITIVE_OUTSIDE,OUTSIDE_FALLBACK_POSITIVE,True,False,False,4
27,IMG_007562,p02-cross-single-boundary-line,1,POSITIVE_OUTSIDE,OUTSIDE_FALLBACK_POSITIVE,True,False,False,9
27,IMG_007593,p02-cross-single-boundary-line,1,POSITIVE_OUTSIDE,OUTSIDE_FALLBACK_POSITIVE,True,False,False,2
27,IMG_007626,p04-angled-footprint-outside,1,POSITIVE_OUTSIDE,OUTSIDE_FALLBACK_POSITIVE,True,False,False,7
27,IMG_007637,p04-angled-footprint-outside,1,POSITIVE_OUTSIDE,OUTSIDE_FALLBACK_POSITIVE,True,False,False,1
28,IMG_007350,hn02-faded-lines-but-confirmably-inside,1,POSITIVE_OUTSIDE,OUTSIDE_FALLBACK_POSITIVE,True,False,False,3
28,IMG_007396,hn06-shadows-cracks-curbs-mimic-lines,1,POSITIVE_OUTSIDE,OUTSIDE_FALLBACK_POSITIVE,True,False,False,3
28,IMG_007396,hn06-shadows-cracks-curbs-mimic-lines,2,POSITIVE_OUTSIDE,OUTSIDE_FALLBACK_POSITIVE,True,False,False,2
28,IMG_007413,n01-standard-inside-bay,1,POSITIVE_OUTSIDE,OUTSIDE_FALLBACK_POSITIVE,True,False,False,3
28,IMG_007413,n01-standard-inside-bay,2,POSITIVE_OUTSIDE,OUTSIDE_FALLBACK_POSITIVE,True,False,False,3
28,IMG_007425,n01-standard-inside-bay,1,POSITIVE_OUTSIDE,OUTSIDE_FALLBACK_POSITIVE,True,False,False,5
28,IMG_007445,n02-close-to-line-but-inside,1,POSITIVE_OUTSIDE,OUTSIDE_FALLBACK_POSITIVE,True,False,False,3
28,IMG_007445,n02-close-to-line-but-inside,2,POSITIVE_OUTSIDE,OUTSIDE_FALLBACK_POSITIVE,True,False,False,3
28,IMG_007450,n02-close-to-line-but-inside,1,POSITIVE_OUTSIDE,OUTSIDE_FALLBACK_POSITIVE,True,False,False,4
28,IMG_007562,p02-cross-single-boundary-line,1,POSITIVE_OUTSIDE,OUTSIDE_FALLBACK_POSITIVE,True,False,False,9
28,IMG_007593,p02-cross-single-boundary-line,1,POSITIVE_OUTSIDE,OUTSIDE_FALLBACK_POSITIVE,True,False,False,2
28,IMG_007626,p04-angled-footprint-outside,1,POSITIVE_OUTSIDE,OUTSIDE_FALLBACK_POSITIVE,True,False,False,7
28,IMG_007637,p04-angled-footprint-outside,1,POSITIVE_OUTSIDE,OUTSIDE_FALLBACK_POSITIVE,True,False,False,1
29,IMG_007350,hn02-faded-lines-but-confirmably-inside,1,POSITIVE_OUTSIDE,OUTSIDE_FALLBACK_POSITIVE,True,False,False,3
29,IMG_007396,hn06-shadows-cracks-curbs-mimic-lines,1,POSITIVE_OUTSIDE,OUTSIDE_FALLBACK_POSITIVE,True,False,False,3
29,IMG_007396,hn06-shadows-cracks-curbs-mimic-lines,2,POSITIVE_OUTSIDE,OUTSIDE_FALLBACK_POSITIVE,True,False,False,2
29,IMG_007413,n01-standard-inside-bay,1,POSITIVE_OUTSIDE,OUTSIDE_FALLBACK_POSITIVE,True,False,False,3
29,IMG_007413,n01-standard-inside-bay,2,POSITIVE_OUTSIDE,OUTSIDE_FALLBACK_POSITIVE,True,False,False,3
29,IMG_007425,n01-standard-inside-bay,1,POSITIVE_OUTSIDE,OUTSIDE_FALLBACK_POSITIVE,True,False,False,5
29,IMG_007445,n02-close-to-line-but-inside,1,POSITIVE_OUTSIDE,OUTSIDE_FALLBACK_POSITIVE,True,False,False,3
29,IMG_007445,n02-close-to-line-but-inside,2,POSITIVE_OUTSIDE,OUTSIDE_FALLBACK_POSITIVE,True,False,False,3
29,IMG_007450,n02-close-to-line-but-inside,1,POSITIVE_OUTSIDE,OUTSIDE_FALLBACK_POSITIVE,True,False,False,4
29,IMG_007562,p02-cross-single-boundary-line,1,POSITIVE_OUTSIDE,OUTSIDE_FALLBACK_POSITIVE,True,False,False,9
29,IMG_007593,p02-cross-single-boundary-line,1,POSITIVE_OUTSIDE,OUTSIDE_FALLBACK_POSITIVE,True,False,False,2
29,IMG_007626,p04-angled-footprint-outside,1,POSITIVE_OUTSIDE,OUTSIDE_FALLBACK_POSITIVE,True,False,False,7
29,IMG_007637,p04-angled-footprint-outside,1,POSITIVE_OUTSIDE,OUTSIDE_FALLBACK_POSITIVE,True,False,False,1
30,IMG_007350,hn02-faded-lines-but-confirmably-inside,1,POSITIVE_OUTSIDE,OUTSIDE_FALLBACK_POSITIVE,True,False,False,3
30,IMG_007396,hn06-shadows-cracks-curbs-mimic-lines,1,POSITIVE_OUTSIDE,OUTSIDE_FALLBACK_POSITIVE,True,False,False,3
30,IMG_007396,hn06-shadows-cracks-curbs-mimic-lines,2,POSITIVE_OUTSIDE,OUTSIDE_FALLBACK_POSITIVE,True,False,False,2
30,IMG_007413,n01-standard-inside-bay,1,POSITIVE_OUTSIDE,OUTSIDE_FALLBACK_POSITIVE,True,False,False,3
30,IMG_007413,n01-standard-inside-bay,2,POSITIVE_OUTSIDE,OUTSIDE_FALLBACK_POSITIVE,True,False,False,3
30,IMG_007425,n01-standard-inside-bay,1,POSITIVE_OUTSIDE,OUTSIDE_FALLBACK_POSITIVE,True,False,False,5
30,IMG_007445,n02-close-to-line-but-inside,1,POSITIVE_OUTSIDE,OUTSIDE_FALLBACK_POSITIVE,True,False,False,3
30,IMG_007445,n02-close-to-line-but-inside,2,POSITIVE_OUTSIDE,OUTSIDE_FALLBACK_POSITIVE,True,False,False,3
30,IMG_007450,n02-close-to-line-but-inside,1,POSITIVE_OUTSIDE,OUTSIDE_FALLBACK_POSITIVE,True,False,False,4
30,IMG_007562,p02-cross-single-boundary-line,1,POSITIVE_OUTSIDE,OUTSIDE_FALLBACK_POSITIVE,True,False,False,9
30,IMG_007593,p02-cross-single-boundary-line,1,POSITIVE_OUTSIDE,OUTSIDE_FALLBACK_POSITIVE,True,False,False,2
30,IMG_007626,p04-angled-footprint-outside,1,POSITIVE_OUTSIDE,OUTSIDE_FALLBACK_POSITIVE,True,False,False,7
30,IMG_007637,p04-angled-footprint-outside,1,POSITIVE_OUTSIDE,OUTSIDE_FALLBACK_POSITIVE,True,False,False,1
31,IMG_007350,hn02-faded-lines-but-confirmably-inside,1,POSITIVE_OUTSIDE,OUTSIDE_FALLBACK_POSITIVE,True,False,False,3
31,IMG_007396,hn06-shadows-cracks-curbs-mimic-lines,1,POSITIVE_OUTSIDE,OUTSIDE_FALLBACK_POSITIVE,True,False,False,3
31,IMG_007396,hn06-shadows-cracks-curbs-mimic-lines,2,POSITIVE_OUTSIDE,OUTSIDE_FALLBACK_POSITIVE,True,False,False,2
31,IMG_007413,n01-standard-inside-bay,1,POSITIVE_OUTSIDE,OUTSIDE_FALLBACK_POSITIVE,True,False,False,3
31,IMG_007413,n01-standard-inside-bay,2,POSITIVE_OUTSIDE,OUTSIDE_FALLBACK_POSITIVE,True,False,False,3
31,IMG_007425,n01-standard-inside-bay,1,POSITIVE_OUTSIDE,OUTSIDE_FALLBACK_POSITIVE,True,False,False,5
31,IMG_007445,n02-close-to-line-but-inside,1,POSITIVE_OUTSIDE,OUTSIDE_FALLBACK_POSITIVE,True,False,False,3
31,IMG_007445,n02-close-to-line-but-inside,2,POSITIVE_OUTSIDE,OUTSIDE_FALLBACK_POSITIVE,True,False,False,3
31,IMG_007450,n02-close-to-line-but-inside,1,POSITIVE_OUTSIDE,OUTSIDE_FALLBACK_POSITIVE,True,False,False,4
31,IMG_007562,p02-cross-single-boundary-line,1,POSITIVE_OUTSIDE,OUTSIDE_FALLBACK_POSITIVE,True,False,False,9
31,IMG_007593,p02-cross-single-boundary-line,1,POSITIVE_OUTSIDE,OUTSIDE_FALLBACK_POSITIVE,True,False,False,2
31,IMG_007626,p04-angled-footprint-outside,1,POSITIVE_OUTSIDE,OUTSIDE_FALLBACK_POSITIVE,True,False,False,7
31,IMG_007637,p04-angled-footprint-outside,1,POSITIVE_OUTSIDE,OUTSIDE_FALLBACK_POSITIVE,True,False,False,1
32,IMG_007350,hn02-faded-lines-but-confirmably-inside,1,POSITIVE_OUTSIDE,OUTSIDE_FALLBACK_POSITIVE,True,False,False,3
32,IMG_007396,hn06-shadows-cracks-curbs-mimic-lines,1,POSITIVE_OUTSIDE,OUTSIDE_FALLBACK_POSITIVE,True,False,False,3
32,IMG_007396,hn06-shadows-cracks-curbs-mimic-lines,2,POSITIVE_OUTSIDE,OUTSIDE_FALLBACK_POSITIVE,True,False,False,2
32,IMG_007413,n01-standard-inside-bay,1,POSITIVE_OUTSIDE,OUTSIDE_FALLBACK_POSITIVE,True,False,False,3
32,IMG_007413,n01-standard-inside-bay,2,POSITIVE_OUTSIDE,OUTSIDE_FALLBACK_POSITIVE,True,False,False,3
32,IMG_007425,n01-standard-inside-bay,1,POSITIVE_OUTSIDE,OUTSIDE_FALLBACK_POSITIVE,True,False,False,5
32,IMG_007445,n02-close-to-line-but-inside,1,POSITIVE_OUTSIDE,OUTSIDE_FALLBACK_POSITIVE,True,False,False,3
32,IMG_007445,n02-close-to-line-but-inside,2,POSITIVE_OUTSIDE,OUTSIDE_FALLBACK_POSITIVE,True,False,False,3
32,IMG_007450,n02-close-to-line-but-inside,1,POSITIVE_OUTSIDE,OUTSIDE_FALLBACK_POSITIVE,True,False,False,4
32,IMG_007562,p02-cross-single-boundary-line,1,POSITIVE_OUTSIDE,OUTSIDE_FALLBACK_POSITIVE,True,False,False,9
32,IMG_007593,p02-cross-single-boundary-line,1,POSITIVE_OUTSIDE,OUTSIDE_FALLBACK_POSITIVE,True,False,False,2
32,IMG_007626,p04-angled-footprint-outside,1,POSITIVE_OUTSIDE,OUTSIDE_FALLBACK_POSITIVE,True,False,False,7
32,IMG_007637,p04-angled-footprint-outside,1,POSITIVE_OUTSIDE,OUTSIDE_FALLBACK_POSITIVE,True,False,False,1
33,IMG_007350,hn02-faded-lines-but-confirmably-inside,1,POSITIVE_OUTSIDE,OUTSIDE_FALLBACK_POSITIVE,True,False,False,3
33,IMG_007396,hn06-shadows-cracks-curbs-mimic-lines,1,POSITIVE_OUTSIDE,OUTSIDE_FALLBACK_POSITIVE,True,False,False,3
33,IMG_007396,hn06-shadows-cracks-curbs-mimic-lines,2,POSITIVE_OUTSIDE,OUTSIDE_FALLBACK_POSITIVE,True,False,False,2
33,IMG_007413,n01-standard-inside-bay,1,POSITIVE_OUTSIDE,OUTSIDE_FALLBACK_POSITIVE,True,False,False,3
33,IMG_007413,n01-standard-inside-bay,2,POSITIVE_OUTSIDE,OUTSIDE_FALLBACK_POSITIVE,True,False,False,3
33,IMG_007425,n01-standard-inside-bay,1,POSITIVE_OUTSIDE,OUTSIDE_FALLBACK_POSITIVE,True,False,False,5
33,IMG_007445,n02-close-to-line-but-inside,1,POSITIVE_OUTSIDE,OUTSIDE_FALLBACK_POSITIVE,True,False,False,3
33,IMG_007445,n02-close-to-line-but-inside,2,POSITIVE_OUTSIDE,OUTSIDE_FALLBACK_POSITIVE,True,False,False,3
33,IMG_007450,n02-close-to-line-but-inside,1,POSITIVE_OUTSIDE,OUTSIDE_FALLBACK_POSITIVE,True,False,False,4
33,IMG_007562,p02-cross-single-boundary-line,1,POSITIVE_OUTSIDE,OUTSIDE_FALLBACK_POSITIVE,True,False,False,9
33,IMG_007593,p02-cross-single-boundary-line,1,POSITIVE_OUTSIDE,OUTSIDE_FALLBACK_POSITIVE,True,False,False,2
33,IMG_007626,p04-angled-footprint-outside,1,POSITIVE_OUTSIDE,OUTSIDE_FALLBACK_POSITIVE,True,False,False,7
33,IMG_007637,p04-angled-footprint-outside,1,POSITIVE_OUTSIDE,OUTSIDE_FALLBACK_POSITIVE,True,False,False,1
34,IMG_007350,hn02-faded-lines-but-confirmably-inside,1,POSITIVE_OUTSIDE,OUTSIDE_FALLBACK_POSITIVE,True,False,False,3
34,IMG_007396,hn06-shadows-cracks-curbs-mimic-lines,1,POSITIVE_OUTSIDE,OUTSIDE_FALLBACK_POSITIVE,True,False,False,3
34,IMG_007396,hn06-shadows-cracks-curbs-mimic-lines,2,POSITIVE_OUTSIDE,OUTSIDE_FALLBACK_POSITIVE,True,False,False,2
34,IMG_007413,n01-standard-inside-bay,1,POSITIVE_OUTSIDE,OUTSIDE_FALLBACK_POSITIVE,True,False,False,3
34,IMG_007413,n01-standard-inside-bay,2,POSITIVE_OUTSIDE,OUTSIDE_FALLBACK_POSITIVE,True,False,False,3
34,IMG_007425,n01-standard-inside-bay,1,POSITIVE_OUTSIDE,OUTSIDE_FALLBACK_POSITIVE,True,False,False,5
34,IMG_007445,n02-close-to-line-but-inside,1,POSITIVE_OUTSIDE,OUTSIDE_FALLBACK_POSITIVE,True,False,False,3
34,IMG_007445,n02-close-to-line-but-inside,2,POSITIVE_OUTSIDE,OUTSIDE_FALLBACK_POSITIVE,True,False,False,3
34,IMG_007450,n02-close-to-line-but-inside,1,POSITIVE_OUTSIDE,OUTSIDE_FALLBACK_POSITIVE,True,False,False,4
34,IMG_007562,p02-cross-single-boundary-line,1,POSITIVE_OUTSIDE,OUTSIDE_FALLBACK_POSITIVE,True,False,False,9
34,IMG_007593,p02-cross-single-boundary-line,1,POSITIVE_OUTSIDE,OUTSIDE_FALLBACK_POSITIVE,True,False,False,2
34,IMG_007626,p04-angled-footprint-outside,1,POSITIVE_OUTSIDE,OUTSIDE_FALLBACK_POSITIVE,True,False,False,7
34,IMG_007637,p04-angled-footprint-outside,1,POSITIVE_OUTSIDE,OUTSIDE_FALLBACK_POSITIVE,True,False,False,1
35,IMG_007350,hn02-faded-lines-but-confirmably-inside,1,POSITIVE_OUTSIDE,OUTSIDE_FALLBACK_POSITIVE,True,False,False,3
35,IMG_007396,hn06-shadows-cracks-curbs-mimic-lines,1,POSITIVE_OUTSIDE,OUTSIDE_FALLBACK_POSITIVE,True,False,False,3
35,IMG_007396,hn06-shadows-cracks-curbs-mimic-lines,2,POSITIVE_OUTSIDE,OUTSIDE_FALLBACK_POSITIVE,True,False,False,2
35,IMG_007413,n01-standard-inside-bay,1,POSITIVE_OUTSIDE,OUTSIDE_FALLBACK_POSITIVE,True,False,False,3
35,IMG_007413,n01-standard-inside-bay,2,POSITIVE_OUTSIDE,OUTSIDE_FALLBACK_POSITIVE,True,False,False,3
35,IMG_007425,n01-standard-inside-bay,1,POSITIVE_OUTSIDE,OUTSIDE_FALLBACK_POSITIVE,True,False,False,5
35,IMG_007445,n02-close-to-line-but-inside,1,POSITIVE_OUTSIDE,OUTSIDE_FALLBACK_POSITIVE,True,False,False,3
35,IMG_007445,n02-close-to-line-but-inside,2,POSITIVE_OUTSIDE,OUTSIDE_FALLBACK_POSITIVE,True,False,False,3
35,IMG_007450,n02-close-to-line-but-inside,1,POSITIVE_OUTSIDE,OUTSIDE_FALLBACK_POSITIVE,True,False,False,4
35,IMG_007562,p02-cross-single-boundary-line,1,POSITIVE_OUTSIDE,OUTSIDE_FALLBACK_POSITIVE,True,False,False,9
35,IMG_007593,p02-cross-single-boundary-line,1,POSITIVE_OUTSIDE,OUTSIDE_FALLBACK_POSITIVE,True,False,False,2
35,IMG_007626,p04-angled-footprint-outside,1,POSITIVE_OUTSIDE,OUTSIDE_FALLBACK_POSITIVE,True,False,False,7
35,IMG_007637,p04-angled-footprint-outside,1,POSITIVE_OUTSIDE,OUTSIDE_FALLBACK_POSITIVE,True,False,False,1
36,IMG_007350,hn02-faded-lines-but-confirmably-inside,1,POSITIVE_OUTSIDE,OUTSIDE_FALLBACK_POSITIVE,True,False,False,3
36,IMG_007396,hn06-shadows-cracks-curbs-mimic-lines,1,POSITIVE_OUTSIDE,OUTSIDE_FALLBACK_POSITIVE,True,False,False,3
36,IMG_007396,hn06-shadows-cracks-curbs-mimic-lines,2,POSITIVE_OUTSIDE,OUTSIDE_FALLBACK_POSITIVE,True,False,False,2
36,IMG_007413,n01-standard-inside-bay,1,POSITIVE_OUTSIDE,OUTSIDE_FALLBACK_POSITIVE,True,False,False,3
36,IMG_007413,n01-standard-inside-bay,2,POSITIVE_OUTSIDE,OUTSIDE_FALLBACK_POSITIVE,True,False,False,3
36,IMG_007425,n01-standard-inside-bay,1,POSITIVE_OUTSIDE,OUTSIDE_FALLBACK_POSITIVE,True,False,False,5
36,IMG_007445,n02-close-to-line-but-inside,1,POSITIVE_OUTSIDE,OUTSIDE_FALLBACK_POSITIVE,True,False,False,3
36,IMG_007445,n02-close-to-line-but-inside,2,POSITIVE_OUTSIDE,OUTSIDE_FALLBACK_POSITIVE,True,False,False,3
36,IMG_007450,n02-close-to-line-but-inside,1,POSITIVE_OUTSIDE,OUTSIDE_FALLBACK_POSITIVE,True,False,False,4
36,IMG_007562,p02-cross-single-boundary-line,1,POSITIVE_OUTSIDE,OUTSIDE_FALLBACK_POSITIVE,True,False,False,9
36,IMG_007593,p02-cross-single-boundary-line,1,POSITIVE_OUTSIDE,OUTSIDE_FALLBACK_POSITIVE,True,False,False,2
36,IMG_007626,p04-angled-footprint-outside,1,POSITIVE_OUTSIDE,OUTSIDE_FALLBACK_POSITIVE,True,False,False,7
36,IMG_007637,p04-angled-footprint-outside,1,POSITIVE_OUTSIDE,OUTSIDE_FALLBACK_POSITIVE,True,False,False,1
37,IMG_007350,hn02-faded-lines-but-confirmably-inside,1,POSITIVE_OUTSIDE,OUTSIDE_FALLBACK_POSITIVE,True,False,False,3
37,IMG_007396,hn06-shadows-cracks-curbs-mimic-lines,1,POSITIVE_OUTSIDE,OUTSIDE_FALLBACK_POSITIVE,True,False,False,3
37,IMG_007396,hn06-shadows-cracks-curbs-mimic-lines,2,POSITIVE_OUTSIDE,OUTSIDE_FALLBACK_POSITIVE,True,False,False,2
37,IMG_007413,n01-standard-inside-bay,1,POSITIVE_OUTSIDE,OUTSIDE_FALLBACK_POSITIVE,True,False,False,3
37,IMG_007413,n01-standard-inside-bay,2,POSITIVE_OUTSIDE,OUTSIDE_FALLBACK_POSITIVE,True,False,False,3
37,IMG_007425,n01-standard-inside-bay,1,POSITIVE_OUTSIDE,OUTSIDE_FALLBACK_POSITIVE,True,False,False,5
37,IMG_007445,n02-close-to-line-but-inside,1,POSITIVE_OUTSIDE,OUTSIDE_FALLBACK_POSITIVE,True,False,False,3
37,IMG_007445,n02-close-to-line-but-inside,2,POSITIVE_OUTSIDE,OUTSIDE_FALLBACK_POSITIVE,True,False,False,3
37,IMG_007450,n02-close-to-line-but-inside,1,POSITIVE_OUTSIDE,OUTSIDE_FALLBACK_POSITIVE,True,False,False,4
37,IMG_007562,p02-cross-single-boundary-line,1,POSITIVE_OUTSIDE,OUTSIDE_FALLBACK_POSITIVE,True,False,False,9
37,IMG_007593,p02-cross-single-boundary-line,1,POSITIVE_OUTSIDE,OUTSIDE_FALLBACK_POSITIVE,True,False,False,2
37,IMG_007626,p04-angled-footprint-outside,1,POSITIVE_OUTSIDE,OUTSIDE_FALLBACK_POSITIVE,True,False,False,7
37,IMG_007637,p04-angled-footprint-outside,1,POSITIVE_OUTSIDE,OUTSIDE_FALLBACK_POSITIVE,True,False,False,1
38,IMG_007350,hn02-faded-lines-but-confirmably-inside,1,POSITIVE_OUTSIDE,OUTSIDE_FALLBACK_POSITIVE,True,False,False,3
38,IMG_007396,hn06-shadows-cracks-curbs-mimic-lines,1,POSITIVE_OUTSIDE,OUTSIDE_FALLBACK_POSITIVE,True,False,False,3
38,IMG_007396,hn06-shadows-cracks-curbs-mimic-lines,2,POSITIVE_OUTSIDE,OUTSIDE_FALLBACK_POSITIVE,True,False,False,2
38,IMG_007413,n01-standard-inside-bay,1,POSITIVE_OUTSIDE,OUTSIDE_FALLBACK_POSITIVE,True,False,False,3
38,IMG_007413,n01-standard-inside-bay,2,POSITIVE_OUTSIDE,OUTSIDE_FALLBACK_POSITIVE,True,False,False,3
38,IMG_007425,n01-standard-inside-bay,1,POSITIVE_OUTSIDE,OUTSIDE_FALLBACK_POSITIVE,True,False,False,5
38,IMG_007445,n02-close-to-line-but-inside,1,POSITIVE_OUTSIDE,OUTSIDE_FALLBACK_POSITIVE,True,False,False,3
38,IMG_007445,n02-close-to-line-but-inside,2,POSITIVE_OUTSIDE,OUTSIDE_FALLBACK_POSITIVE,True,False,False,3
38,IMG_007450,n02-close-to-line-but-inside,1,POSITIVE_OUTSIDE,OUTSIDE_FALLBACK_POSITIVE,True,False,False,4
38,IMG_007562,p02-cross-single-boundary-line,1,POSITIVE_OUTSIDE,OUTSIDE_FALLBACK_POSITIVE,True,False,False,9
38,IMG_007593,p02-cross-single-boundary-line,1,POSITIVE_OUTSIDE,OUTSIDE_FALLBACK_POSITIVE,True,False,False,2
38,IMG_007626,p04-angled-footprint-outside,1,POSITIVE_OUTSIDE,OUTSIDE_FALLBACK_POSITIVE,True,False,False,7
38,IMG_007637,p04-angled-footprint-outside,1,POSITIVE_OUTSIDE,OUTSIDE_FALLBACK_POSITIVE,True,False,False,1
39,IMG_007350,hn02-faded-lines-but-confirmably-inside,1,POSITIVE_OUTSIDE,OUTSIDE_FALLBACK_POSITIVE,True,False,False,3
39,IMG_007396,hn06-shadows-cracks-curbs-mimic-lines,1,POSITIVE_OUTSIDE,OUTSIDE_FALLBACK_POSITIVE,True,False,False,3
39,IMG_007396,hn06-shadows-cracks-curbs-mimic-lines,2,POSITIVE_OUTSIDE,OUTSIDE_FALLBACK_POSITIVE,True,False,False,2
39,IMG_007413,n01-standard-inside-bay,1,POSITIVE_OUTSIDE,OUTSIDE_FALLBACK_POSITIVE,True,False,False,3
39,IMG_007413,n01-standard-inside-bay,2,POSITIVE_OUTSIDE,OUTSIDE_FALLBACK_POSITIVE,True,False,False,3
39,IMG_007425,n01-standard-inside-bay,1,POSITIVE_OUTSIDE,OUTSIDE_FALLBACK_POSITIVE,True,False,False,5
39,IMG_007445,n02-close-to-line-but-inside,1,POSITIVE_OUTSIDE,OUTSIDE_FALLBACK_POSITIVE,True,False,False,3
39,IMG_007445,n02-close-to-line-but-inside,2,POSITIVE_OUTSIDE,OUTSIDE_FALLBACK_POSITIVE,True,False,False,3
39,IMG_007450,n02-close-to-line-but-inside,1,POSITIVE_OUTSIDE,OUTSIDE_FALLBACK_POSITIVE,True,False,False,4
39,IMG_007562,p02-cross-single-boundary-line,1,POSITIVE_OUTSIDE,OUTSIDE_FALLBACK_POSITIVE,True,False,False,9
39,IMG_007593,p02-cross-single-boundary-line,1,POSITIVE_OUTSIDE,OUTSIDE_FALLBACK_POSITIVE,True,False,False,2
39,IMG_007626,p04-angled-footprint-outside,1,POSITIVE_OUTSIDE,OUTSIDE_FALLBACK_POSITIVE,True,False,False,7
39,IMG_007637,p04-angled-footprint-outside,1,POSITIVE_OUTSIDE,OUTSIDE_FALLBACK_POSITIVE,True,False,False,1
40,IMG_007350,hn02-faded-lines-but-confirmably-inside,1,POSITIVE_OUTSIDE,OUTSIDE_FALLBACK_POSITIVE,True,False,False,3
40,IMG_007396,hn06-shadows-cracks-curbs-mimic-lines,1,POSITIVE_OUTSIDE,OUTSIDE_FALLBACK_POSITIVE,True,False,False,3
40,IMG_007396,hn06-shadows-cracks-curbs-mimic-lines,2,POSITIVE_OUTSIDE,OUTSIDE_FALLBACK_POSITIVE,True,False,False,2
40,IMG_007413,n01-standard-inside-bay,1,POSITIVE_OUTSIDE,OUTSIDE_FALLBACK_POSITIVE,True,False,False,3
40,IMG_007413,n01-standard-inside-bay,2,POSITIVE_OUTSIDE,OUTSIDE_FALLBACK_POSITIVE,True,False,False,3
40,IMG_007425,n01-standard-inside-bay,1,POSITIVE_OUTSIDE,OUTSIDE_FALLBACK_POSITIVE,True,False,False,5
40,IMG_007445,n02-close-to-line-but-inside,1,POSITIVE_OUTSIDE,OUTSIDE_FALLBACK_POSITIVE,True,False,False,3
40,IMG_007445,n02-close-to-line-but-inside,2,POSITIVE_OUTSIDE,OUTSIDE_FALLBACK_POSITIVE,True,False,False,3
40,IMG_007450,n02-close-to-line-but-inside,1,POSITIVE_OUTSIDE,OUTSIDE_FALLBACK_POSITIVE,True,False,False,4
40,IMG_007562,p02-cross-single-boundary-line,1,POSITIVE_OUTSIDE,OUTSIDE_FALLBACK_POSITIVE,True,False,False,9
40,IMG_007593,p02-cross-single-boundary-line,1,POSITIVE_OUTSIDE,OUTSIDE_FALLBACK_POSITIVE,True,False,False,2
40,IMG_007626,p04-angled-footprint-outside,1,POSITIVE_OUTSIDE,OUTSIDE_FALLBACK_POSITIVE,True,False,False,7
40,IMG_007637,p04-angled-footprint-outside,1,POSITIVE_OUTSIDE,OUTSIDE_FALLBACK_POSITIVE,True,False,False,1
41,IMG_007350,hn02-faded-lines-but-confirmably-inside,1,POSITIVE_OUTSIDE,OUTSIDE_FALLBACK_POSITIVE,True,False,False,3
41,IMG_007396,hn06-shadows-cracks-curbs-mimic-lines,1,POSITIVE_OUTSIDE,OUTSIDE_FALLBACK_POSITIVE,True,False,False,3
41,IMG_007396,hn06-shadows-cracks-curbs-mimic-lines,2,POSITIVE_OUTSIDE,OUTSIDE_FALLBACK_POSITIVE,True,False,False,2
41,IMG_007413,n01-standard-inside-bay,1,POSITIVE_OUTSIDE,OUTSIDE_FALLBACK_POSITIVE,True,False,False,3
41,IMG_007413,n01-standard-inside-bay,2,POSITIVE_OUTSIDE,OUTSIDE_FALLBACK_POSITIVE,True,False,False,3
41,IMG_007425,n01-standard-inside-bay,1,POSITIVE_OUTSIDE,OUTSIDE_FALLBACK_POSITIVE,True,False,False,5
41,IMG_007445,n02-close-to-line-but-inside,1,POSITIVE_OUTSIDE,OUTSIDE_FALLBACK_POSITIVE,True,False,False,3
41,IMG_007445,n02-close-to-line-but-inside,2,POSITIVE_OUTSIDE,OUTSIDE_FALLBACK_POSITIVE,True,False,False,3
41,IMG_007450,n02-close-to-line-but-inside,1,POSITIVE_OUTSIDE,OUTSIDE_FALLBACK_POSITIVE,True,False,False,4
41,IMG_007562,p02-cross-single-boundary-line,1,POSITIVE_OUTSIDE,OUTSIDE_FALLBACK_POSITIVE,True,False,False,9
41,IMG_007593,p02-cross-single-boundary-line,1,POSITIVE_OUTSIDE,OUTSIDE_FALLBACK_POSITIVE,True,False,False,2
41,IMG_007626,p04-angled-footprint-outside,1,POSITIVE_OUTSIDE,OUTSIDE_FALLBACK_POSITIVE,True,False,False,7
41,IMG_007637,p04-angled-footprint-outside,1,POSITIVE_OUTSIDE,OUTSIDE_FALLBACK_POSITIVE,True,False,False,1
42,IMG_007350,hn02-faded-lines-but-confirmably-inside,1,POSITIVE_OUTSIDE,OUTSIDE_FALLBACK_POSITIVE,True,False,False,3
42,IMG_007396,hn06-shadows-cracks-curbs-mimic-lines,1,POSITIVE_OUTSIDE,OUTSIDE_FALLBACK_POSITIVE,True,False,False,3
42,IMG_007396,hn06-shadows-cracks-curbs-mimic-lines,2,POSITIVE_OUTSIDE,OUTSIDE_FALLBACK_POSITIVE,True,False,False,2
42,IMG_007413,n01-standard-inside-bay,1,POSITIVE_OUTSIDE,OUTSIDE_FALLBACK_POSITIVE,True,False,False,3
42,IMG_007413,n01-standard-inside-bay,2,POSITIVE_OUTSIDE,OUTSIDE_FALLBACK_POSITIVE,True,False,False,3
42,IMG_007425,n01-standard-inside-bay,1,POSITIVE_OUTSIDE,OUTSIDE_FALLBACK_POSITIVE,True,False,False,5
42,IMG_007445,n02-close-to-line-but-inside,1,POSITIVE_OUTSIDE,OUTSIDE_FALLBACK_POSITIVE,True,False,False,3
42,IMG_007445,n02-close-to-line-but-inside,2,POSITIVE_OUTSIDE,OUTSIDE_FALLBACK_POSITIVE,True,False,False,3
42,IMG_007450,n02-close-to-line-but-inside,1,POSITIVE_OUTSIDE,OUTSIDE_FALLBACK_POSITIVE,True,False,False,4
42,IMG_007562,p02-cross-single-boundary-line,1,POSITIVE_OUTSIDE,OUTSIDE_FALLBACK_POSITIVE,True,False,False,9
42,IMG_007593,p02-cross-single-boundary-line,1,POSITIVE_OUTSIDE,OUTSIDE_FALLBACK_POSITIVE,True,False,False,2
42,IMG_007626,p04-angled-footprint-outside,1,POSITIVE_OUTSIDE,OUTSIDE_FALLBACK_POSITIVE,True,False,False,7
42,IMG_007637,p04-angled-footprint-outside,1,POSITIVE_OUTSIDE,OUTSIDE_FALLBACK_POSITIVE,True,False,False,1
43,IMG_007350,hn02-faded-lines-but-confirmably-inside,1,POSITIVE_OUTSIDE,OUTSIDE_FALLBACK_POSITIVE,True,False,False,3
43,IMG_007396,hn06-shadows-cracks-curbs-mimic-lines,1,POSITIVE_OUTSIDE,OUTSIDE_FALLBACK_POSITIVE,True,False,False,3
43,IMG_007396,hn06-shadows-cracks-curbs-mimic-lines,2,POSITIVE_OUTSIDE,OUTSIDE_FALLBACK_POSITIVE,True,False,False,2
43,IMG_007413,n01-standard-inside-bay,1,POSITIVE_OUTSIDE,OUTSIDE_FALLBACK_POSITIVE,True,False,False,3
43,IMG_007413,n01-standard-inside-bay,2,POSITIVE_OUTSIDE,OUTSIDE_FALLBACK_POSITIVE,True,False,False,3
43,IMG_007425,n01-standard-inside-bay,1,POSITIVE_OUTSIDE,OUTSIDE_FALLBACK_POSITIVE,True,False,False,5
43,IMG_007445,n02-close-to-line-but-inside,1,POSITIVE_OUTSIDE,OUTSIDE_FALLBACK_POSITIVE,True,False,False,3
43,IMG_007445,n02-close-to-line-but-inside,2,POSITIVE_OUTSIDE,OUTSIDE_FALLBACK_POSITIVE,True,False,False,3
43,IMG_007450,n02-close-to-line-but-inside,1,POSITIVE_OUTSIDE,OUTSIDE_FALLBACK_POSITIVE,True,False,False,4
43,IMG_007562,p02-cross-single-boundary-line,1,POSITIVE_OUTSIDE,OUTSIDE_FALLBACK_POSITIVE,True,False,False,9
43,IMG_007593,p02-cross-single-boundary-line,1,POSITIVE_OUTSIDE,OUTSIDE_FALLBACK_POSITIVE,True,False,False,2
43,IMG_007626,p04-angled-footprint-outside,1,POSITIVE_OUTSIDE,OUTSIDE_FALLBACK_POSITIVE,True,False,False,7
43,IMG_007637,p04-angled-footprint-outside,1,POSITIVE_OUTSIDE,OUTSIDE_FALLBACK_POSITIVE,True,False,False,1
44,IMG_007350,hn02-faded-lines-but-confirmably-inside,1,POSITIVE_OUTSIDE,OUTSIDE_FALLBACK_POSITIVE,True,False,False,3
44,IMG_007396,hn06-shadows-cracks-curbs-mimic-lines,1,POSITIVE_OUTSIDE,OUTSIDE_FALLBACK_POSITIVE,True,False,False,3
44,IMG_007396,hn06-shadows-cracks-curbs-mimic-lines,2,POSITIVE_OUTSIDE,OUTSIDE_FALLBACK_POSITIVE,True,False,False,2
44,IMG_007413,n01-standard-inside-bay,1,POSITIVE_OUTSIDE,OUTSIDE_FALLBACK_POSITIVE,True,False,False,3
44,IMG_007413,n01-standard-inside-bay,2,POSITIVE_OUTSIDE,OUTSIDE_FALLBACK_POSITIVE,True,False,False,3
44,IMG_007425,n01-standard-inside-bay,1,POSITIVE_OUTSIDE,OUTSIDE_FALLBACK_POSITIVE,True,False,False,5
44,IMG_007445,n02-close-to-line-but-inside,1,POSITIVE_OUTSIDE,OUTSIDE_FALLBACK_POSITIVE,True,False,False,3
44,IMG_007445,n02-close-to-line-but-inside,2,POSITIVE_OUTSIDE,OUTSIDE_FALLBACK_POSITIVE,True,False,False,3
44,IMG_007450,n02-close-to-line-but-inside,1,POSITIVE_OUTSIDE,OUTSIDE_FALLBACK_POSITIVE,True,False,False,4
44,IMG_007562,p02-cross-single-boundary-line,1,POSITIVE_OUTSIDE,OUTSIDE_FALLBACK_POSITIVE,True,False,False,9
44,IMG_007593,p02-cross-single-boundary-line,1,POSITIVE_OUTSIDE,OUTSIDE_FALLBACK_POSITIVE,True,False,False,2
44,IMG_007626,p04-angled-footprint-outside,1,POSITIVE_OUTSIDE,OUTSIDE_FALLBACK_POSITIVE,True,False,False,7
44,IMG_007637,p04-angled-footprint-outside,1,POSITIVE_OUTSIDE,OUTSIDE_FALLBACK_POSITIVE,True,False,False,1
45,IMG_007350,hn02-faded-lines-but-confirmably-inside,1,POSITIVE_OUTSIDE,OUTSIDE_FALLBACK_POSITIVE,True,False,False,3
45,IMG_007396,hn06-shadows-cracks-curbs-mimic-lines,1,POSITIVE_OUTSIDE,OUTSIDE_FALLBACK_POSITIVE,True,False,False,3
45,IMG_007396,hn06-shadows-cracks-curbs-mimic-lines,2,POSITIVE_OUTSIDE,OUTSIDE_FALLBACK_POSITIVE,True,False,False,2
45,IMG_007413,n01-standard-inside-bay,1,POSITIVE_OUTSIDE,OUTSIDE_FALLBACK_POSITIVE,True,False,False,3
45,IMG_007413,n01-standard-inside-bay,2,POSITIVE_OUTSIDE,OUTSIDE_FALLBACK_POSITIVE,True,False,False,3
45,IMG_007425,n01-standard-inside-bay,1,POSITIVE_OUTSIDE,OUTSIDE_FALLBACK_POSITIVE,True,False,False,5
45,IMG_007445,n02-close-to-line-but-inside,1,POSITIVE_OUTSIDE,OUTSIDE_FALLBACK_POSITIVE,True,False,False,3
45,IMG_007445,n02-close-to-line-but-inside,2,POSITIVE_OUTSIDE,OUTSIDE_FALLBACK_POSITIVE,True,False,False,3
45,IMG_007450,n02-close-to-line-but-inside,1,POSITIVE_OUTSIDE,OUTSIDE_FALLBACK_POSITIVE,True,False,False,4
45,IMG_007562,p02-cross-single-boundary-line,1,POSITIVE_OUTSIDE,OUTSIDE_FALLBACK_POSITIVE,True,False,False,9
45,IMG_007593,p02-cross-single-boundary-line,1,POSITIVE_OUTSIDE,OUTSIDE_FALLBACK_POSITIVE,True,False,False,2
45,IMG_007626,p04-angled-footprint-outside,1,POSITIVE_OUTSIDE,OUTSIDE_FALLBACK_POSITIVE,True,False,False,7
45,IMG_007637,p04-angled-footprint-outside,1,POSITIVE_OUTSIDE,OUTSIDE_FALLBACK_POSITIVE,True,False,False,1
46,IMG_007350,hn02-faded-lines-but-confirmably-inside,1,POSITIVE_OUTSIDE,OUTSIDE_FALLBACK_POSITIVE,True,False,False,3
46,IMG_007396,hn06-shadows-cracks-curbs-mimic-lines,1,POSITIVE_OUTSIDE,OUTSIDE_FALLBACK_POSITIVE,True,False,False,3
46,IMG_007396,hn06-shadows-cracks-curbs-mimic-lines,2,POSITIVE_OUTSIDE,OUTSIDE_FALLBACK_POSITIVE,True,False,False,2
46,IMG_007413,n01-standard-inside-bay,1,POSITIVE_OUTSIDE,OUTSIDE_FALLBACK_POSITIVE,True,False,False,3
46,IMG_007413,n01-standard-inside-bay,2,POSITIVE_OUTSIDE,OUTSIDE_FALLBACK_POSITIVE,True,False,False,3
46,IMG_007425,n01-standard-inside-bay,1,POSITIVE_OUTSIDE,OUTSIDE_FALLBACK_POSITIVE,True,False,False,5
46,IMG_007445,n02-close-to-line-but-inside,1,POSITIVE_OUTSIDE,OUTSIDE_FALLBACK_POSITIVE,True,False,False,3
46,IMG_007445,n02-close-to-line-but-inside,2,POSITIVE_OUTSIDE,OUTSIDE_FALLBACK_POSITIVE,True,False,False,3
46,IMG_007450,n02-close-to-line-but-inside,1,POSITIVE_OUTSIDE,OUTSIDE_FALLBACK_POSITIVE,True,False,False,4
46,IMG_007562,p02-cross-single-boundary-line,1,POSITIVE_OUTSIDE,OUTSIDE_FALLBACK_POSITIVE,True,False,False,9
46,IMG_007593,p02-cross-single-boundary-line,1,POSITIVE_OUTSIDE,OUTSIDE_FALLBACK_POSITIVE,True,False,False,2
46,IMG_007626,p04-angled-footprint-outside,1,POSITIVE_OUTSIDE,OUTSIDE_FALLBACK_POSITIVE,True,False,False,7
46,IMG_007637,p04-angled-footprint-outside,1,POSITIVE_OUTSIDE,OUTSIDE_FALLBACK_POSITIVE,True,False,False,1
47,IMG_007350,hn02-faded-lines-but-confirmably-inside,1,POSITIVE_OUTSIDE,OUTSIDE_FALLBACK_POSITIVE,True,False,False,3
47,IMG_007396,hn06-shadows-cracks-curbs-mimic-lines,1,POSITIVE_OUTSIDE,OUTSIDE_FALLBACK_POSITIVE,True,False,False,3
47,IMG_007396,hn06-shadows-cracks-curbs-mimic-lines,2,POSITIVE_OUTSIDE,OUTSIDE_FALLBACK_POSITIVE,True,False,False,2
47,IMG_007413,n01-standard-inside-bay,1,POSITIVE_OUTSIDE,OUTSIDE_FALLBACK_POSITIVE,True,False,False,3
47,IMG_007413,n01-standard-inside-bay,2,POSITIVE_OUTSIDE,OUTSIDE_FALLBACK_POSITIVE,True,False,False,3
47,IMG_007425,n01-standard-inside-bay,1,POSITIVE_OUTSIDE,OUTSIDE_FALLBACK_POSITIVE,True,False,False,5
47,IMG_007445,n02-close-to-line-but-inside,1,POSITIVE_OUTSIDE,OUTSIDE_FALLBACK_POSITIVE,True,False,False,3
47,IMG_007445,n02-close-to-line-but-inside,2,POSITIVE_OUTSIDE,OUTSIDE_FALLBACK_POSITIVE,True,False,False,3
47,IMG_007450,n02-close-to-line-but-inside,1,POSITIVE_OUTSIDE,OUTSIDE_FALLBACK_POSITIVE,True,False,False,4
47,IMG_007562,p02-cross-single-boundary-line,1,POSITIVE_OUTSIDE,OUTSIDE_FALLBACK_POSITIVE,True,False,False,9
47,IMG_007593,p02-cross-single-boundary-line,1,POSITIVE_OUTSIDE,OUTSIDE_FALLBACK_POSITIVE,True,False,False,2
47,IMG_007626,p04-angled-footprint-outside,1,POSITIVE_OUTSIDE,OUTSIDE_FALLBACK_POSITIVE,True,False,False,7
47,IMG_007637,p04-angled-footprint-outside,1,POSITIVE_OUTSIDE,OUTSIDE_FALLBACK_POSITIVE,True,False,False,1
48,IMG_007350,hn02-faded-lines-but-confirmably-inside,1,POSITIVE_OUTSIDE,OUTSIDE_FALLBACK_POSITIVE,True,False,False,3
48,IMG_007396,hn06-shadows-cracks-curbs-mimic-lines,1,POSITIVE_OUTSIDE,OUTSIDE_FALLBACK_POSITIVE,True,False,False,3
48,IMG_007396,hn06-shadows-cracks-curbs-mimic-lines,2,POSITIVE_OUTSIDE,OUTSIDE_FALLBACK_POSITIVE,True,False,False,2
48,IMG_007413,n01-standard-inside-bay,1,POSITIVE_OUTSIDE,OUTSIDE_FALLBACK_POSITIVE,True,False,False,3
48,IMG_007413,n01-standard-inside-bay,2,POSITIVE_OUTSIDE,OUTSIDE_FALLBACK_POSITIVE,True,False,False,3
48,IMG_007425,n01-standard-inside-bay,1,POSITIVE_OUTSIDE,OUTSIDE_FALLBACK_POSITIVE,True,False,False,5
48,IMG_007445,n02-close-to-line-but-inside,1,POSITIVE_OUTSIDE,OUTSIDE_FALLBACK_POSITIVE,True,False,False,3
48,IMG_007445,n02-close-to-line-but-inside,2,POSITIVE_OUTSIDE,OUTSIDE_FALLBACK_POSITIVE,True,False,False,3
48,IMG_007450,n02-close-to-line-but-inside,1,POSITIVE_OUTSIDE,OUTSIDE_FALLBACK_POSITIVE,True,False,False,4
48,IMG_007562,p02-cross-single-boundary-line,1,POSITIVE_OUTSIDE,OUTSIDE_FALLBACK_POSITIVE,True,False,False,9
48,IMG_007593,p02-cross-single-boundary-line,1,POSITIVE_OUTSIDE,OUTSIDE_FALLBACK_POSITIVE,True,False,False,2
48,IMG_007626,p04-angled-footprint-outside,1,POSITIVE_OUTSIDE,OUTSIDE_FALLBACK_POSITIVE,True,False,False,7
48,IMG_007637,p04-angled-footprint-outside,1,POSITIVE_OUTSIDE,OUTSIDE_FALLBACK_POSITIVE,True,False,False,1
49,IMG_007350,hn02-faded-lines-but-confirmably-inside,1,POSITIVE_OUTSIDE,OUTSIDE_FALLBACK_POSITIVE,True,False,False,3
49,IMG_007396,hn06-shadows-cracks-curbs-mimic-lines,1,POSITIVE_OUTSIDE,OUTSIDE_FALLBACK_POSITIVE,True,False,False,3
49,IMG_007396,hn06-shadows-cracks-curbs-mimic-lines,2,POSITIVE_OUTSIDE,OUTSIDE_FALLBACK_POSITIVE,True,False,False,2
49,IMG_007413,n01-standard-inside-bay,1,POSITIVE_OUTSIDE,OUTSIDE_FALLBACK_POSITIVE,True,False,False,3
49,IMG_007413,n01-standard-inside-bay,2,POSITIVE_OUTSIDE,OUTSIDE_FALLBACK_POSITIVE,True,False,False,3
49,IMG_007425,n01-standard-inside-bay,1,POSITIVE_OUTSIDE,OUTSIDE_FALLBACK_POSITIVE,True,False,False,5
49,IMG_007445,n02-close-to-line-but-inside,1,POSITIVE_OUTSIDE,OUTSIDE_FALLBACK_POSITIVE,True,False,False,3
49,IMG_007445,n02-close-to-line-but-inside,2,POSITIVE_OUTSIDE,OUTSIDE_FALLBACK_POSITIVE,True,False,False,3
49,IMG_007450,n02-close-to-line-but-inside,1,POSITIVE_OUTSIDE,OUTSIDE_FALLBACK_POSITIVE,True,False,False,4
49,IMG_007562,p02-cross-single-boundary-line,1,POSITIVE_OUTSIDE,OUTSIDE_FALLBACK_POSITIVE,True,False,False,9
49,IMG_007593,p02-cross-single-boundary-line,1,POSITIVE_OUTSIDE,OUTSIDE_FALLBACK_POSITIVE,True,False,False,2
49,IMG_007626,p04-angled-footprint-outside,1,POSITIVE_OUTSIDE,OUTSIDE_FALLBACK_POSITIVE,True,False,False,7
49,IMG_007637,p04-angled-footprint-outside,1,POSITIVE_OUTSIDE,OUTSIDE_FALLBACK_POSITIVE,True,False,False,1
50,IMG_007350,hn02-faded-lines-but-confirmably-inside,1,POSITIVE_OUTSIDE,OUTSIDE_FALLBACK_POSITIVE,True,False,False,3
50,IMG_007396,hn06-shadows-cracks-curbs-mimic-lines,1,POSITIVE_OUTSIDE,OUTSIDE_FALLBACK_POSITIVE,True,False,False,3
50,IMG_007396,hn06-shadows-cracks-curbs-mimic-lines,2,POSITIVE_OUTSIDE,OUTSIDE_FALLBACK_POSITIVE,True,False,False,2
50,IMG_007413,n01-standard-inside-bay,1,POSITIVE_OUTSIDE,OUTSIDE_FALLBACK_POSITIVE,True,False,False,3
50,IMG_007413,n01-standard-inside-bay,2,POSITIVE_OUTSIDE,OUTSIDE_FALLBACK_POSITIVE,True,False,False,3
50,IMG_007425,n01-standard-inside-bay,1,POSITIVE_OUTSIDE,OUTSIDE_FALLBACK_POSITIVE,True,False,False,5
50,IMG_007445,n02-close-to-line-but-inside,1,POSITIVE_OUTSIDE,OUTSIDE_FALLBACK_POSITIVE,True,False,False,3
50,IMG_007445,n02-close-to-line-but-inside,2,POSITIVE_OUTSIDE,OUTSIDE_FALLBACK_POSITIVE,True,False,False,3
50,IMG_007450,n02-close-to-line-but-inside,1,POSITIVE_OUTSIDE,OUTSIDE_FALLBACK_POSITIVE,True,False,False,4
50,IMG_007562,p02-cross-single-boundary-line,1,POSITIVE_OUTSIDE,OUTSIDE_FALLBACK_POSITIVE,True,False,False,9
50,IMG_007593,p02-cross-single-boundary-line,1,POSITIVE_OUTSIDE,OUTSIDE_FALLBACK_POSITIVE,True,False,False,2
50,IMG_007626,p04-angled-footprint-outside,1,POSITIVE_OUTSIDE,OUTSIDE_FALLBACK_POSITIVE,True,False,False,7
50,IMG_007637,p04-angled-footprint-outside,1,POSITIVE_OUTSIDE,OUTSIDE_FALLBACK_POSITIVE,True,False,False,1
51,IMG_007350,hn02-faded-lines-but-confirmably-inside,1,POSITIVE_OUTSIDE,OUTSIDE_FALLBACK_POSITIVE,True,False,False,3
51,IMG_007396,hn06-shadows-cracks-curbs-mimic-lines,1,POSITIVE_OUTSIDE,OUTSIDE_FALLBACK_POSITIVE,True,False,False,3
51,IMG_007396,hn06-shadows-cracks-curbs-mimic-lines,2,POSITIVE_OUTSIDE,OUTSIDE_FALLBACK_POSITIVE,True,False,False,2
51,IMG_007413,n01-standard-inside-bay,1,POSITIVE_OUTSIDE,OUTSIDE_FALLBACK_POSITIVE,True,False,False,3
51,IMG_007413,n01-standard-inside-bay,2,POSITIVE_OUTSIDE,OUTSIDE_FALLBACK_POSITIVE,True,False,False,3
51,IMG_007425,n01-standard-inside-bay,1,POSITIVE_OUTSIDE,OUTSIDE_FALLBACK_POSITIVE,True,False,False,5
51,IMG_007445,n02-close-to-line-but-inside,1,POSITIVE_OUTSIDE,OUTSIDE_FALLBACK_POSITIVE,True,False,False,3
51,IMG_007445,n02-close-to-line-but-inside,2,POSITIVE_OUTSIDE,OUTSIDE_FALLBACK_POSITIVE,True,False,False,3
51,IMG_007450,n02-close-to-line-but-inside,1,POSITIVE_OUTSIDE,OUTSIDE_FALLBACK_POSITIVE,True,False,False,4
51,IMG_007562,p02-cross-single-boundary-line,1,POSITIVE_OUTSIDE,OUTSIDE_FALLBACK_POSITIVE,True,False,False,9
51,IMG_007593,p02-cross-single-boundary-line,1,POSITIVE_OUTSIDE,OUTSIDE_FALLBACK_POSITIVE,True,False,False,2
51,IMG_007626,p04-angled-footprint-outside,1,POSITIVE_OUTSIDE,OUTSIDE_FALLBACK_POSITIVE,True,False,False,7
51,IMG_007637,p04-angled-footprint-outside,1,POSITIVE_OUTSIDE,OUTSIDE_FALLBACK_POSITIVE,True,False,False,1
52,IMG_007350,hn02-faded-lines-but-confirmably-inside,1,POSITIVE_OUTSIDE,OUTSIDE_FALLBACK_POSITIVE,True,False,False,3
52,IMG_007396,hn06-shadows-cracks-curbs-mimic-lines,1,POSITIVE_OUTSIDE,OUTSIDE_FALLBACK_POSITIVE,True,False,False,3
52,IMG_007396,hn06-shadows-cracks-curbs-mimic-lines,2,POSITIVE_OUTSIDE,OUTSIDE_FALLBACK_POSITIVE,True,False,False,2
52,IMG_007413,n01-standard-inside-bay,1,POSITIVE_OUTSIDE,OUTSIDE_FALLBACK_POSITIVE,True,False,False,3
52,IMG_007413,n01-standard-inside-bay,2,POSITIVE_OUTSIDE,OUTSIDE_FALLBACK_POSITIVE,True,False,False,3
52,IMG_007425,n01-standard-inside-bay,1,POSITIVE_OUTSIDE,OUTSIDE_FALLBACK_POSITIVE,True,False,False,5
52,IMG_007445,n02-close-to-line-but-inside,1,POSITIVE_OUTSIDE,OUTSIDE_FALLBACK_POSITIVE,True,False,False,3
52,IMG_007445,n02-close-to-line-but-inside,2,POSITIVE_OUTSIDE,OUTSIDE_FALLBACK_POSITIVE,True,False,False,3
52,IMG_007450,n02-close-to-line-but-inside,1,POSITIVE_OUTSIDE,OUTSIDE_FALLBACK_POSITIVE,True,False,False,4
52,IMG_007562,p02-cross-single-boundary-line,1,POSITIVE_OUTSIDE,OUTSIDE_FALLBACK_POSITIVE,True,False,False,9
52,IMG_007593,p02-cross-single-boundary-line,1,POSITIVE_OUTSIDE,OUTSIDE_FALLBACK_POSITIVE,True,False,False,2
52,IMG_007626,p04-angled-footprint-outside,1,POSITIVE_OUTSIDE,OUTSIDE_FALLBACK_POSITIVE,True,False,False,7
52,IMG_007637,p04-angled-footprint-outside,1,POSITIVE_OUTSIDE,OUTSIDE_FALLBACK_POSITIVE,True,False,False,1
53,IMG_007350,hn02-faded-lines-but-confirmably-inside,1,POSITIVE_OUTSIDE,OUTSIDE_FALLBACK_POSITIVE,True,False,False,3
53,IMG_007396,hn06-shadows-cracks-curbs-mimic-lines,1,POSITIVE_OUTSIDE,OUTSIDE_FALLBACK_POSITIVE,True,False,False,3
53,IMG_007396,hn06-shadows-cracks-curbs-mimic-lines,2,POSITIVE_OUTSIDE,OUTSIDE_FALLBACK_POSITIVE,True,False,False,2
53,IMG_007413,n01-standard-inside-bay,1,POSITIVE_OUTSIDE,OUTSIDE_FALLBACK_POSITIVE,True,False,False,3
53,IMG_007413,n01-standard-inside-bay,2,POSITIVE_OUTSIDE,OUTSIDE_FALLBACK_POSITIVE,True,False,False,3
53,IMG_007425,n01-standard-inside-bay,1,POSITIVE_OUTSIDE,OUTSIDE_FALLBACK_POSITIVE,True,False,False,5
53,IMG_007445,n02-close-to-line-but-inside,1,POSITIVE_OUTSIDE,OUTSIDE_FALLBACK_POSITIVE,True,False,False,3
53,IMG_007445,n02-close-to-line-but-inside,2,POSITIVE_OUTSIDE,OUTSIDE_FALLBACK_POSITIVE,True,False,False,3
53,IMG_007450,n02-close-to-line-but-inside,1,POSITIVE_OUTSIDE,OUTSIDE_FALLBACK_POSITIVE,True,False,False,4
53,IMG_007562,p02-cross-single-boundary-line,1,POSITIVE_OUTSIDE,OUTSIDE_FALLBACK_POSITIVE,True,False,False,9
53,IMG_007593,p02-cross-single-boundary-line,1,POSITIVE_OUTSIDE,OUTSIDE_FALLBACK_POSITIVE,True,False,False,2
53,IMG_007626,p04-angled-footprint-outside,1,POSITIVE_OUTSIDE,OUTSIDE_FALLBACK_POSITIVE,True,False,False,7
53,IMG_007637,p04-angled-footprint-outside,1,POSITIVE_OUTSIDE,OUTSIDE_FALLBACK_POSITIVE,True,False,False,1
54,IMG_007350,hn02-faded-lines-but-confirmably-inside,1,POSITIVE_OUTSIDE,OUTSIDE_FALLBACK_POSITIVE,True,False,False,3
54,IMG_007396,hn06-shadows-cracks-curbs-mimic-lines,1,POSITIVE_OUTSIDE,OUTSIDE_FALLBACK_POSITIVE,True,False,False,3
54,IMG_007396,hn06-shadows-cracks-curbs-mimic-lines,2,POSITIVE_OUTSIDE,OUTSIDE_FALLBACK_POSITIVE,True,False,False,2
54,IMG_007413,n01-standard-inside-bay,1,POSITIVE_OUTSIDE,OUTSIDE_FALLBACK_POSITIVE,True,False,False,3
54,IMG_007413,n01-standard-inside-bay,2,POSITIVE_OUTSIDE,OUTSIDE_FALLBACK_POSITIVE,True,False,False,3
54,IMG_007425,n01-standard-inside-bay,1,POSITIVE_OUTSIDE,OUTSIDE_FALLBACK_POSITIVE,True,False,False,5
54,IMG_007445,n02-close-to-line-but-inside,1,POSITIVE_OUTSIDE,OUTSIDE_FALLBACK_POSITIVE,True,False,False,3
54,IMG_007445,n02-close-to-line-but-inside,2,POSITIVE_OUTSIDE,OUTSIDE_FALLBACK_POSITIVE,True,False,False,3
54,IMG_007450,n02-close-to-line-but-inside,1,POSITIVE_OUTSIDE,OUTSIDE_FALLBACK_POSITIVE,True,False,False,4
54,IMG_007562,p02-cross-single-boundary-line,1,POSITIVE_OUTSIDE,OUTSIDE_FALLBACK_POSITIVE,True,False,False,9
54,IMG_007593,p02-cross-single-boundary-line,1,POSITIVE_OUTSIDE,OUTSIDE_FALLBACK_POSITIVE,True,False,False,2
54,IMG_007626,p04-angled-footprint-outside,1,POSITIVE_OUTSIDE,OUTSIDE_FALLBACK_POSITIVE,True,False,False,7
54,IMG_007637,p04-angled-footprint-outside,1,POSITIVE_OUTSIDE,OUTSIDE_FALLBACK_POSITIVE,True,False,False,1
55,IMG_007350,hn02-faded-lines-but-confirmably-inside,1,POSITIVE_OUTSIDE,OUTSIDE_FALLBACK_POSITIVE,True,False,False,3
55,IMG_007396,hn06-shadows-cracks-curbs-mimic-lines,1,POSITIVE_OUTSIDE,OUTSIDE_FALLBACK_POSITIVE,True,False,False,3
55,IMG_007396,hn06-shadows-cracks-curbs-mimic-lines,2,POSITIVE_OUTSIDE,OUTSIDE_FALLBACK_POSITIVE,True,False,False,2
55,IMG_007413,n01-standard-inside-bay,1,POSITIVE_OUTSIDE,OUTSIDE_FALLBACK_POSITIVE,True,False,False,3
55,IMG_007413,n01-standard-inside-bay,2,POSITIVE_OUTSIDE,OUTSIDE_FALLBACK_POSITIVE,True,False,False,3
55,IMG_007425,n01-standard-inside-bay,1,POSITIVE_OUTSIDE,OUTSIDE_FALLBACK_POSITIVE,True,False,False,5
55,IMG_007445,n02-close-to-line-but-inside,1,POSITIVE_OUTSIDE,OUTSIDE_FALLBACK_POSITIVE,True,False,False,3
55,IMG_007445,n02-close-to-line-but-inside,2,POSITIVE_OUTSIDE,OUTSIDE_FALLBACK_POSITIVE,True,False,False,3
55,IMG_007450,n02-close-to-line-but-inside,1,POSITIVE_OUTSIDE,OUTSIDE_FALLBACK_POSITIVE,True,False,False,4
55,IMG_007562,p02-cross-single-boundary-line,1,POSITIVE_OUTSIDE,OUTSIDE_FALLBACK_POSITIVE,True,False,False,9
55,IMG_007593,p02-cross-single-boundary-line,1,POSITIVE_OUTSIDE,OUTSIDE_FALLBACK_POSITIVE,True,False,False,2
55,IMG_007626,p04-angled-footprint-outside,1,POSITIVE_OUTSIDE,OUTSIDE_FALLBACK_POSITIVE,True,False,False,7
55,IMG_007637,p04-angled-footprint-outside,1,POSITIVE_OUTSIDE,OUTSIDE_FALLBACK_POSITIVE,True,False,False,1
56,IMG_007350,hn02-faded-lines-but-confirmably-inside,1,POSITIVE_OUTSIDE,OUTSIDE_FALLBACK_POSITIVE,True,False,False,3
56,IMG_007396,hn06-shadows-cracks-curbs-mimic-lines,1,POSITIVE_OUTSIDE,OUTSIDE_FALLBACK_POSITIVE,True,False,False,3
56,IMG_007396,hn06-shadows-cracks-curbs-mimic-lines,2,POSITIVE_OUTSIDE,OUTSIDE_FALLBACK_POSITIVE,True,False,False,2
56,IMG_007413,n01-standard-inside-bay,1,POSITIVE_OUTSIDE,OUTSIDE_FALLBACK_POSITIVE,True,False,False,3
56,IMG_007413,n01-standard-inside-bay,2,POSITIVE_OUTSIDE,OUTSIDE_FALLBACK_POSITIVE,True,False,False,3
56,IMG_007425,n01-standard-inside-bay,1,POSITIVE_OUTSIDE,OUTSIDE_FALLBACK_POSITIVE,True,False,False,5
56,IMG_007445,n02-close-to-line-but-inside,1,POSITIVE_OUTSIDE,OUTSIDE_FALLBACK_POSITIVE,True,False,False,3
56,IMG_007445,n02-close-to-line-but-inside,2,POSITIVE_OUTSIDE,OUTSIDE_FALLBACK_POSITIVE,True,False,False,3
56,IMG_007450,n02-close-to-line-but-inside,1,POSITIVE_OUTSIDE,OUTSIDE_FALLBACK_POSITIVE,True,False,False,4
56,IMG_007562,p02-cross-single-boundary-line,1,POSITIVE_OUTSIDE,OUTSIDE_FALLBACK_POSITIVE,True,False,False,9
56,IMG_007593,p02-cross-single-boundary-line,1,POSITIVE_OUTSIDE,OUTSIDE_FALLBACK_POSITIVE,True,False,False,2
56,IMG_007626,p04-angled-footprint-outside,1,POSITIVE_OUTSIDE,OUTSIDE_FALLBACK_POSITIVE,True,False,False,7
56,IMG_007637,p04-angled-footprint-outside,1,POSITIVE_OUTSIDE,OUTSIDE_FALLBACK_POSITIVE,True,False,False,1
57,IMG_007350,hn02-faded-lines-but-confirmably-inside,1,POSITIVE_OUTSIDE,OUTSIDE_FALLBACK_POSITIVE,True,False,False,3
57,IMG_007396,hn06-shadows-cracks-curbs-mimic-lines,1,POSITIVE_OUTSIDE,OUTSIDE_FALLBACK_POSITIVE,True,False,False,3
57,IMG_007396,hn06-shadows-cracks-curbs-mimic-lines,2,POSITIVE_OUTSIDE,OUTSIDE_FALLBACK_POSITIVE,True,False,False,2
57,IMG_007413,n01-standard-inside-bay,1,POSITIVE_OUTSIDE,OUTSIDE_FALLBACK_POSITIVE,True,False,False,3
57,IMG_007413,n01-standard-inside-bay,2,POSITIVE_OUTSIDE,OUTSIDE_FALLBACK_POSITIVE,True,False,False,3
57,IMG_007425,n01-standard-inside-bay,1,POSITIVE_OUTSIDE,OUTSIDE_FALLBACK_POSITIVE,True,False,False,5
57,IMG_007445,n02-close-to-line-but-inside,1,POSITIVE_OUTSIDE,OUTSIDE_FALLBACK_POSITIVE,True,False,False,3
57,IMG_007445,n02-close-to-line-but-inside,2,POSITIVE_OUTSIDE,OUTSIDE_FALLBACK_POSITIVE,True,False,False,3
57,IMG_007450,n02-close-to-line-but-inside,1,POSITIVE_OUTSIDE,OUTSIDE_FALLBACK_POSITIVE,True,False,False,4
57,IMG_007562,p02-cross-single-boundary-line,1,POSITIVE_OUTSIDE,OUTSIDE_FALLBACK_POSITIVE,True,False,False,9
57,IMG_007593,p02-cross-single-boundary-line,1,POSITIVE_OUTSIDE,OUTSIDE_FALLBACK_POSITIVE,True,False,False,2
57,IMG_007626,p04-angled-footprint-outside,1,POSITIVE_OUTSIDE,OUTSIDE_FALLBACK_POSITIVE,True,False,False,7
57,IMG_007637,p04-angled-footprint-outside,1,POSITIVE_OUTSIDE,OUTSIDE_FALLBACK_POSITIVE,True,False,False,1
58,IMG_007350,hn02-faded-lines-but-confirmably-inside,1,POSITIVE_OUTSIDE,OUTSIDE_FALLBACK_POSITIVE,True,False,False,3
58,IMG_007396,hn06-shadows-cracks-curbs-mimic-lines,1,POSITIVE_OUTSIDE,OUTSIDE_FALLBACK_POSITIVE,True,False,False,3
58,IMG_007396,hn06-shadows-cracks-curbs-mimic-lines,2,POSITIVE_OUTSIDE,OUTSIDE_FALLBACK_POSITIVE,True,False,False,2
58,IMG_007413,n01-standard-inside-bay,1,POSITIVE_OUTSIDE,OUTSIDE_FALLBACK_POSITIVE,True,False,False,3
58,IMG_007413,n01-standard-inside-bay,2,POSITIVE_OUTSIDE,OUTSIDE_FALLBACK_POSITIVE,True,False,False,3
58,IMG_007425,n01-standard-inside-bay,1,POSITIVE_OUTSIDE,OUTSIDE_FALLBACK_POSITIVE,True,False,False,5
58,IMG_007445,n02-close-to-line-but-inside,1,POSITIVE_OUTSIDE,OUTSIDE_FALLBACK_POSITIVE,True,False,False,3
58,IMG_007445,n02-close-to-line-but-inside,2,POSITIVE_OUTSIDE,OUTSIDE_FALLBACK_POSITIVE,True,False,False,3
58,IMG_007450,n02-close-to-line-but-inside,1,POSITIVE_OUTSIDE,OUTSIDE_FALLBACK_POSITIVE,True,False,False,4
58,IMG_007562,p02-cross-single-boundary-line,1,POSITIVE_OUTSIDE,OUTSIDE_FALLBACK_POSITIVE,True,False,False,9
58,IMG_007593,p02-cross-single-boundary-line,1,POSITIVE_OUTSIDE,OUTSIDE_FALLBACK_POSITIVE,True,False,False,2
58,IMG_007626,p04-angled-footprint-outside,1,POSITIVE_OUTSIDE,OUTSIDE_FALLBACK_POSITIVE,True,False,False,7
58,IMG_007637,p04-angled-footprint-outside,1,POSITIVE_OUTSIDE,OUTSIDE_FALLBACK_POSITIVE,True,False,False,1
59,IMG_007350,hn02-faded-lines-but-confirmably-inside,1,POSITIVE_OUTSIDE,OUTSIDE_FALLBACK_POSITIVE,True,False,False,3
59,IMG_007396,hn06-shadows-cracks-curbs-mimic-lines,1,POSITIVE_OUTSIDE,OUTSIDE_FALLBACK_POSITIVE,True,False,False,3
59,IMG_007396,hn06-shadows-cracks-curbs-mimic-lines,2,POSITIVE_OUTSIDE,OUTSIDE_FALLBACK_POSITIVE,True,False,False,2
59,IMG_007413,n01-standard-inside-bay,1,POSITIVE_OUTSIDE,OUTSIDE_FALLBACK_POSITIVE,True,False,False,3
59,IMG_007413,n01-standard-inside-bay,2,POSITIVE_OUTSIDE,OUTSIDE_FALLBACK_POSITIVE,True,False,False,3
59,IMG_007425,n01-standard-inside-bay,1,POSITIVE_OUTSIDE,OUTSIDE_FALLBACK_POSITIVE,True,False,False,5
59,IMG_007445,n02-close-to-line-but-inside,1,POSITIVE_OUTSIDE,OUTSIDE_FALLBACK_POSITIVE,True,False,False,3
59,IMG_007445,n02-close-to-line-but-inside,2,POSITIVE_OUTSIDE,OUTSIDE_FALLBACK_POSITIVE,True,False,False,3
59,IMG_007450,n02-close-to-line-but-inside,1,POSITIVE_OUTSIDE,OUTSIDE_FALLBACK_POSITIVE,True,False,False,4
59,IMG_007562,p02-cross-single-boundary-line,1,POSITIVE_OUTSIDE,OUTSIDE_FALLBACK_POSITIVE,True,False,False,9
59,IMG_007593,p02-cross-single-boundary-line,1,POSITIVE_OUTSIDE,OUTSIDE_FALLBACK_POSITIVE,True,False,False,2
59,IMG_007626,p04-angled-footprint-outside,1,POSITIVE_OUTSIDE,OUTSIDE_FALLBACK_POSITIVE,True,False,False,7
59,IMG_007637,p04-angled-footprint-outside,1,POSITIVE_OUTSIDE,OUTSIDE_FALLBACK_POSITIVE,True,False,False,1
60,IMG_007350,hn02-faded-lines-but-confirmably-inside,1,POSITIVE_OUTSIDE,OUTSIDE_FALLBACK_POSITIVE,True,False,False,3
60,IMG_007396,hn06-shadows-cracks-curbs-mimic-lines,1,POSITIVE_OUTSIDE,OUTSIDE_FALLBACK_POSITIVE,True,False,False,3
60,IMG_007396,hn06-shadows-cracks-curbs-mimic-lines,2,POSITIVE_OUTSIDE,OUTSIDE_FALLBACK_POSITIVE,True,False,False,2
60,IMG_007413,n01-standard-inside-bay,1,POSITIVE_OUTSIDE,OUTSIDE_FALLBACK_POSITIVE,True,False,False,3
60,IMG_007413,n01-standard-inside-bay,2,POSITIVE_OUTSIDE,OUTSIDE_FALLBACK_POSITIVE,True,False,False,3
60,IMG_007425,n01-standard-inside-bay,1,POSITIVE_OUTSIDE,OUTSIDE_FALLBACK_POSITIVE,True,False,False,5
60,IMG_007445,n02-close-to-line-but-inside,1,POSITIVE_OUTSIDE,OUTSIDE_FALLBACK_POSITIVE,True,False,False,3
60,IMG_007445,n02-close-to-line-but-inside,2,POSITIVE_OUTSIDE,OUTSIDE_FALLBACK_POSITIVE,True,False,False,3
60,IMG_007450,n02-close-to-line-but-inside,1,POSITIVE_OUTSIDE,OUTSIDE_FALLBACK_POSITIVE,True,False,False,4
60,IMG_007562,p02-cross-single-boundary-line,1,POSITIVE_OUTSIDE,OUTSIDE_FALLBACK_POSITIVE,True,False,False,9
60,IMG_007593,p02-cross-single-boundary-line,1,POSITIVE_OUTSIDE,OUTSIDE_FALLBACK_POSITIVE,True,False,False,2
60,IMG_007626,p04-angled-footprint-outside,1,POSITIVE_OUTSIDE,OUTSIDE_FALLBACK_POSITIVE,True,False,False,7
60,IMG_007637,p04-angled-footprint-outside,1,POSITIVE_OUTSIDE,OUTSIDE_FALLBACK_POSITIVE,True,False,False,1
61,IMG_007350,hn02-faded-lines-but-confirmably-inside,1,POSITIVE_OUTSIDE,OUTSIDE_FALLBACK_POSITIVE,True,False,False,3
61,IMG_007396,hn06-shadows-cracks-curbs-mimic-lines,1,POSITIVE_OUTSIDE,OUTSIDE_FALLBACK_POSITIVE,True,False,False,3
61,IMG_007396,hn06-shadows-cracks-curbs-mimic-lines,2,POSITIVE_OUTSIDE,OUTSIDE_FALLBACK_POSITIVE,True,False,False,2
61,IMG_007413,n01-standard-inside-bay,1,POSITIVE_OUTSIDE,OUTSIDE_FALLBACK_POSITIVE,True,False,False,3
61,IMG_007413,n01-standard-inside-bay,2,POSITIVE_OUTSIDE,OUTSIDE_FALLBACK_POSITIVE,True,False,False,3
61,IMG_007425,n01-standard-inside-bay,1,POSITIVE_OUTSIDE,OUTSIDE_FALLBACK_POSITIVE,True,False,False,5
61,IMG_007445,n02-close-to-line-but-inside,1,POSITIVE_OUTSIDE,OUTSIDE_FALLBACK_POSITIVE,True,False,False,3
61,IMG_007445,n02-close-to-line-but-inside,2,POSITIVE_OUTSIDE,OUTSIDE_FALLBACK_POSITIVE,True,False,False,3
61,IMG_007450,n02-close-to-line-but-inside,1,POSITIVE_OUTSIDE,OUTSIDE_FALLBACK_POSITIVE,True,False,False,4
61,IMG_007562,p02-cross-single-boundary-line,1,POSITIVE_OUTSIDE,OUTSIDE_FALLBACK_POSITIVE,True,False,False,9
61,IMG_007593,p02-cross-single-boundary-line,1,POSITIVE_OUTSIDE,OUTSIDE_FALLBACK_POSITIVE,True,False,False,2
61,IMG_007626,p04-angled-footprint-outside,1,POSITIVE_OUTSIDE,OUTSIDE_FALLBACK_POSITIVE,True,False,False,7
61,IMG_007637,p04-angled-footprint-outside,1,POSITIVE_OUTSIDE,OUTSIDE_FALLBACK_POSITIVE,True,False,False,1
62,IMG_007350,hn02-faded-lines-but-confirmably-inside,1,POSITIVE_OUTSIDE,OUTSIDE_FALLBACK_POSITIVE,True,False,False,3
62,IMG_007396,hn06-shadows-cracks-curbs-mimic-lines,1,POSITIVE_OUTSIDE,OUTSIDE_FALLBACK_POSITIVE,True,False,False,3
62,IMG_007396,hn06-shadows-cracks-curbs-mimic-lines,2,POSITIVE_OUTSIDE,OUTSIDE_FALLBACK_POSITIVE,True,False,False,2
62,IMG_007413,n01-standard-inside-bay,1,POSITIVE_OUTSIDE,OUTSIDE_FALLBACK_POSITIVE,True,False,False,3
62,IMG_007413,n01-standard-inside-bay,2,POSITIVE_OUTSIDE,OUTSIDE_FALLBACK_POSITIVE,True,False,False,3
62,IMG_007425,n01-standard-inside-bay,1,POSITIVE_OUTSIDE,OUTSIDE_FALLBACK_POSITIVE,True,False,False,5
62,IMG_007445,n02-close-to-line-but-inside,1,POSITIVE_OUTSIDE,OUTSIDE_FALLBACK_POSITIVE,True,False,False,3
62,IMG_007445,n02-close-to-line-but-inside,2,POSITIVE_OUTSIDE,OUTSIDE_FALLBACK_POSITIVE,True,False,False,3
62,IMG_007450,n02-close-to-line-but-inside,1,POSITIVE_OUTSIDE,OUTSIDE_FALLBACK_POSITIVE,True,False,False,4
62,IMG_007562,p02-cross-single-boundary-line,1,POSITIVE_OUTSIDE,OUTSIDE_FALLBACK_POSITIVE,True,False,False,9
62,IMG_007593,p02-cross-single-boundary-line,1,POSITIVE_OUTSIDE,OUTSIDE_FALLBACK_POSITIVE,True,False,False,2
62,IMG_007626,p04-angled-footprint-outside,1,POSITIVE_OUTSIDE,OUTSIDE_FALLBACK_POSITIVE,True,False,False,7
62,IMG_007637,p04-angled-footprint-outside,1,POSITIVE_OUTSIDE,OUTSIDE_FALLBACK_POSITIVE,True,False,False,1
63,IMG_007350,hn02-faded-lines-but-confirmably-inside,1,POSITIVE_OUTSIDE,OUTSIDE_FALLBACK_POSITIVE,True,False,False,3
63,IMG_007396,hn06-shadows-cracks-curbs-mimic-lines,1,POSITIVE_OUTSIDE,OUTSIDE_FALLBACK_POSITIVE,True,False,False,3
63,IMG_007396,hn06-shadows-cracks-curbs-mimic-lines,2,POSITIVE_OUTSIDE,OUTSIDE_FALLBACK_POSITIVE,True,False,False,2
63,IMG_007413,n01-standard-inside-bay,1,POSITIVE_OUTSIDE,OUTSIDE_FALLBACK_POSITIVE,True,False,False,3
63,IMG_007413,n01-standard-inside-bay,2,POSITIVE_OUTSIDE,OUTSIDE_FALLBACK_POSITIVE,True,False,False,3
63,IMG_007425,n01-standard-inside-bay,1,POSITIVE_OUTSIDE,OUTSIDE_FALLBACK_POSITIVE,True,False,False,5
63,IMG_007445,n02-close-to-line-but-inside,1,POSITIVE_OUTSIDE,OUTSIDE_FALLBACK_POSITIVE,True,False,False,3
63,IMG_007445,n02-close-to-line-but-inside,2,POSITIVE_OUTSIDE,OUTSIDE_FALLBACK_POSITIVE,True,False,False,3
63,IMG_007450,n02-close-to-line-but-inside,1,POSITIVE_OUTSIDE,OUTSIDE_FALLBACK_POSITIVE,True,False,False,4
63,IMG_007562,p02-cross-single-boundary-line,1,POSITIVE_OUTSIDE,OUTSIDE_FALLBACK_POSITIVE,True,False,False,9
63,IMG_007593,p02-cross-single-boundary-line,1,POSITIVE_OUTSIDE,OUTSIDE_FALLBACK_POSITIVE,True,False,False,2
63,IMG_007626,p04-angled-footprint-outside,1,POSITIVE_OUTSIDE,OUTSIDE_FALLBACK_POSITIVE,True,False,False,7
63,IMG_007637,p04-angled-footprint-outside,1,POSITIVE_OUTSIDE,OUTSIDE_FALLBACK_POSITIVE,True,False,False,1
64,IMG_007350,hn02-faded-lines-but-confirmably-inside,1,POSITIVE_OUTSIDE,OUTSIDE_FALLBACK_POSITIVE,True,False,False,3
64,IMG_007396,hn06-shadows-cracks-curbs-mimic-lines,1,POSITIVE_OUTSIDE,OUTSIDE_FALLBACK_POSITIVE,True,False,False,3
64,IMG_007396,hn06-shadows-cracks-curbs-mimic-lines,2,POSITIVE_OUTSIDE,OUTSIDE_FALLBACK_POSITIVE,True,False,False,2
64,IMG_007413,n01-standard-inside-bay,1,POSITIVE_OUTSIDE,OUTSIDE_FALLBACK_POSITIVE,True,False,False,3
64,IMG_007413,n01-standard-inside-bay,2,POSITIVE_OUTSIDE,OUTSIDE_FALLBACK_POSITIVE,True,False,False,3
64,IMG_007425,n01-standard-inside-bay,1,POSITIVE_OUTSIDE,OUTSIDE_FALLBACK_POSITIVE,True,False,False,5
64,IMG_007445,n02-close-to-line-but-inside,1,POSITIVE_OUTSIDE,OUTSIDE_FALLBACK_POSITIVE,True,False,False,3
64,IMG_007445,n02-close-to-line-but-inside,2,POSITIVE_OUTSIDE,OUTSIDE_FALLBACK_POSITIVE,True,False,False,3
64,IMG_007450,n02-close-to-line-but-inside,1,POSITIVE_OUTSIDE,OUTSIDE_FALLBACK_POSITIVE,True,False,False,4
64,IMG_007562,p02-cross-single-boundary-line,1,POSITIVE_OUTSIDE,OUTSIDE_FALLBACK_POSITIVE,True,False,False,9
64,IMG_007593,p02-cross-single-boundary-line,1,POSITIVE_OUTSIDE,OUTSIDE_FALLBACK_POSITIVE,True,False,False,2
64,IMG_007626,p04-angled-footprint-outside,1,POSITIVE_OUTSIDE,OUTSIDE_FALLBACK_POSITIVE,True,False,False,7
64,IMG_007637,p04-angled-footprint-outside,1,POSITIVE_OUTSIDE,OUTSIDE_FALLBACK_POSITIVE,True,False,False,1
65,IMG_007350,hn02-faded-lines-but-confirmably-inside,1,POSITIVE_OUTSIDE,OUTSIDE_FALLBACK_POSITIVE,True,False,False,3
65,IMG_007396,hn06-shadows-cracks-curbs-mimic-lines,1,POSITIVE_OUTSIDE,OUTSIDE_FALLBACK_POSITIVE,True,False,False,3
65,IMG_007396,hn06-shadows-cracks-curbs-mimic-lines,2,POSITIVE_OUTSIDE,OUTSIDE_FALLBACK_POSITIVE,True,False,False,2
65,IMG_007413,n01-standard-inside-bay,1,POSITIVE_OUTSIDE,OUTSIDE_FALLBACK_POSITIVE,True,False,False,3
65,IMG_007413,n01-standard-inside-bay,2,POSITIVE_OUTSIDE,OUTSIDE_FALLBACK_POSITIVE,True,False,False,3
65,IMG_007425,n01-standard-inside-bay,1,POSITIVE_OUTSIDE,OUTSIDE_FALLBACK_POSITIVE,True,False,False,5
65,IMG_007445,n02-close-to-line-but-inside,1,POSITIVE_OUTSIDE,OUTSIDE_FALLBACK_POSITIVE,True,False,False,3
65,IMG_007445,n02-close-to-line-but-inside,2,POSITIVE_OUTSIDE,OUTSIDE_FALLBACK_POSITIVE,True,False,False,3
65,IMG_007450,n02-close-to-line-but-inside,1,POSITIVE_OUTSIDE,OUTSIDE_FALLBACK_POSITIVE,True,False,False,4
65,IMG_007562,p02-cross-single-boundary-line,1,POSITIVE_OUTSIDE,OUTSIDE_FALLBACK_POSITIVE,True,False,False,9
65,IMG_007593,p02-cross-single-boundary-line,1,POSITIVE_OUTSIDE,OUTSIDE_FALLBACK_POSITIVE,True,False,False,2
65,IMG_007626,p04-angled-footprint-outside,1,POSITIVE_OUTSIDE,OUTSIDE_FALLBACK_POSITIVE,True,False,False,7
65,IMG_007637,p04-angled-footprint-outside,1,POSITIVE_OUTSIDE,OUTSIDE_FALLBACK_POSITIVE,True,False,False,1
66,IMG_007350,hn02-faded-lines-but-confirmably-inside,1,POSITIVE_OUTSIDE,OUTSIDE_FALLBACK_POSITIVE,True,False,False,3
66,IMG_007396,hn06-shadows-cracks-curbs-mimic-lines,1,POSITIVE_OUTSIDE,OUTSIDE_FALLBACK_POSITIVE,True,False,False,3
66,IMG_007396,hn06-shadows-cracks-curbs-mimic-lines,2,POSITIVE_OUTSIDE,OUTSIDE_FALLBACK_POSITIVE,True,False,False,2
66,IMG_007413,n01-standard-inside-bay,1,POSITIVE_OUTSIDE,OUTSIDE_FALLBACK_POSITIVE,True,False,False,3
66,IMG_007413,n01-standard-inside-bay,2,POSITIVE_OUTSIDE,OUTSIDE_FALLBACK_POSITIVE,True,False,False,3
66,IMG_007425,n01-standard-inside-bay,1,POSITIVE_OUTSIDE,OUTSIDE_FALLBACK_POSITIVE,True,False,False,5
66,IMG_007445,n02-close-to-line-but-inside,1,POSITIVE_OUTSIDE,OUTSIDE_FALLBACK_POSITIVE,True,False,False,3
66,IMG_007445,n02-close-to-line-but-inside,2,POSITIVE_OUTSIDE,OUTSIDE_FALLBACK_POSITIVE,True,False,False,3
66,IMG_007450,n02-close-to-line-but-inside,1,POSITIVE_OUTSIDE,OUTSIDE_FALLBACK_POSITIVE,True,False,False,4
66,IMG_007562,p02-cross-single-boundary-line,1,POSITIVE_OUTSIDE,OUTSIDE_FALLBACK_POSITIVE,True,False,False,9
66,IMG_007593,p02-cross-single-boundary-line,1,POSITIVE_OUTSIDE,OUTSIDE_FALLBACK_POSITIVE,True,False,False,2
66,IMG_007626,p04-angled-footprint-outside,1,POSITIVE_OUTSIDE,OUTSIDE_FALLBACK_POSITIVE,True,False,False,7
66,IMG_007637,p04-angled-footprint-outside,1,POSITIVE_OUTSIDE,OUTSIDE_FALLBACK_POSITIVE,True,False,False,1
67,IMG_007350,hn02-faded-lines-but-confirmably-inside,1,POSITIVE_OUTSIDE,OUTSIDE_FALLBACK_POSITIVE,True,False,False,3
67,IMG_007396,hn06-shadows-cracks-curbs-mimic-lines,1,POSITIVE_OUTSIDE,OUTSIDE_FALLBACK_POSITIVE,True,False,False,3
67,IMG_007396,hn06-shadows-cracks-curbs-mimic-lines,2,POSITIVE_OUTSIDE,OUTSIDE_FALLBACK_POSITIVE,True,False,False,2
67,IMG_007413,n01-standard-inside-bay,1,POSITIVE_OUTSIDE,OUTSIDE_FALLBACK_POSITIVE,True,False,False,3
67,IMG_007413,n01-standard-inside-bay,2,POSITIVE_OUTSIDE,OUTSIDE_FALLBACK_POSITIVE,True,False,False,3
67,IMG_007425,n01-standard-inside-bay,1,POSITIVE_OUTSIDE,OUTSIDE_FALLBACK_POSITIVE,True,False,False,5
67,IMG_007445,n02-close-to-line-but-inside,1,POSITIVE_OUTSIDE,OUTSIDE_FALLBACK_POSITIVE,True,False,False,3
67,IMG_007445,n02-close-to-line-but-inside,2,POSITIVE_OUTSIDE,OUTSIDE_FALLBACK_POSITIVE,True,False,False,3
67,IMG_007450,n02-close-to-line-but-inside,1,POSITIVE_OUTSIDE,OUTSIDE_FALLBACK_POSITIVE,True,False,False,4
67,IMG_007562,p02-cross-single-boundary-line,1,POSITIVE_OUTSIDE,OUTSIDE_FALLBACK_POSITIVE,True,False,False,9
67,IMG_007593,p02-cross-single-boundary-line,1,POSITIVE_OUTSIDE,OUTSIDE_FALLBACK_POSITIVE,True,False,False,2
67,IMG_007626,p04-angled-footprint-outside,1,POSITIVE_OUTSIDE,OUTSIDE_FALLBACK_POSITIVE,True,False,False,7
67,IMG_007637,p04-angled-footprint-outside,1,POSITIVE_OUTSIDE,OUTSIDE_FALLBACK_POSITIVE,True,False,False,1
68,IMG_007350,hn02-faded-lines-but-confirmably-inside,1,POSITIVE_OUTSIDE,OUTSIDE_FALLBACK_POSITIVE,True,False,False,3
68,IMG_007396,hn06-shadows-cracks-curbs-mimic-lines,1,POSITIVE_OUTSIDE,OUTSIDE_FALLBACK_POSITIVE,True,False,False,3
68,IMG_007396,hn06-shadows-cracks-curbs-mimic-lines,2,POSITIVE_OUTSIDE,OUTSIDE_FALLBACK_POSITIVE,True,False,False,2
68,IMG_007413,n01-standard-inside-bay,1,POSITIVE_OUTSIDE,OUTSIDE_FALLBACK_POSITIVE,True,False,False,3
68,IMG_007413,n01-standard-inside-bay,2,POSITIVE_OUTSIDE,OUTSIDE_FALLBACK_POSITIVE,True,False,False,3
68,IMG_007425,n01-standard-inside-bay,1,POSITIVE_OUTSIDE,OUTSIDE_FALLBACK_POSITIVE,True,False,False,5
68,IMG_007445,n02-close-to-line-but-inside,1,POSITIVE_OUTSIDE,OUTSIDE_FALLBACK_POSITIVE,True,False,False,3
68,IMG_007445,n02-close-to-line-but-inside,2,POSITIVE_OUTSIDE,OUTSIDE_FALLBACK_POSITIVE,True,False,False,3
68,IMG_007450,n02-close-to-line-but-inside,1,POSITIVE_OUTSIDE,OUTSIDE_FALLBACK_POSITIVE,True,False,False,4
68,IMG_007562,p02-cross-single-boundary-line,1,POSITIVE_OUTSIDE,OUTSIDE_FALLBACK_POSITIVE,True,False,False,9
68,IMG_007593,p02-cross-single-boundary-line,1,POSITIVE_OUTSIDE,OUTSIDE_FALLBACK_POSITIVE,True,False,False,2
68,IMG_007626,p04-angled-footprint-outside,1,POSITIVE_OUTSIDE,OUTSIDE_FALLBACK_POSITIVE,True,False,False,7
68,IMG_007637,p04-angled-footprint-outside,1,POSITIVE_OUTSIDE,OUTSIDE_FALLBACK_POSITIVE,True,False,False,1
69,IMG_007350,hn02-faded-lines-but-confirmably-inside,1,POSITIVE_OUTSIDE,OUTSIDE_FALLBACK_POSITIVE,True,False,False,3
69,IMG_007396,hn06-shadows-cracks-curbs-mimic-lines,1,POSITIVE_OUTSIDE,OUTSIDE_FALLBACK_POSITIVE,True,False,False,3
69,IMG_007396,hn06-shadows-cracks-curbs-mimic-lines,2,POSITIVE_OUTSIDE,OUTSIDE_FALLBACK_POSITIVE,True,False,False,2
69,IMG_007413,n01-standard-inside-bay,1,POSITIVE_OUTSIDE,OUTSIDE_FALLBACK_POSITIVE,True,False,False,3
69,IMG_007413,n01-standard-inside-bay,2,POSITIVE_OUTSIDE,OUTSIDE_FALLBACK_POSITIVE,True,False,False,3
69,IMG_007425,n01-standard-inside-bay,1,POSITIVE_OUTSIDE,OUTSIDE_FALLBACK_POSITIVE,True,False,False,5
69,IMG_007445,n02-close-to-line-but-inside,1,POSITIVE_OUTSIDE,OUTSIDE_FALLBACK_POSITIVE,True,False,False,3
69,IMG_007445,n02-close-to-line-but-inside,2,POSITIVE_OUTSIDE,OUTSIDE_FALLBACK_POSITIVE,True,False,False,3
69,IMG_007450,n02-close-to-line-but-inside,1,POSITIVE_OUTSIDE,OUTSIDE_FALLBACK_POSITIVE,True,False,False,4
69,IMG_007562,p02-cross-single-boundary-line,1,POSITIVE_OUTSIDE,OUTSIDE_FALLBACK_POSITIVE,True,False,False,9
69,IMG_007593,p02-cross-single-boundary-line,1,POSITIVE_OUTSIDE,OUTSIDE_FALLBACK_POSITIVE,True,False,False,2
69,IMG_007626,p04-angled-footprint-outside,1,POSITIVE_OUTSIDE,OUTSIDE_FALLBACK_POSITIVE,True,False,False,7
69,IMG_007637,p04-angled-footprint-outside,1,POSITIVE_OUTSIDE,OUTSIDE_FALLBACK_POSITIVE,True,False,False,1
70,IMG_007350,hn02-faded-lines-but-confirmably-inside,1,POSITIVE_OUTSIDE,OUTSIDE_FALLBACK_POSITIVE,True,False,False,3
70,IMG_007396,hn06-shadows-cracks-curbs-mimic-lines,1,POSITIVE_OUTSIDE,OUTSIDE_FALLBACK_POSITIVE,True,False,False,3
70,IMG_007396,hn06-shadows-cracks-curbs-mimic-lines,2,POSITIVE_OUTSIDE,OUTSIDE_FALLBACK_POSITIVE,True,False,False,2
70,IMG_007413,n01-standard-inside-bay,1,POSITIVE_OUTSIDE,OUTSIDE_FALLBACK_POSITIVE,True,False,False,3
70,IMG_007413,n01-standard-inside-bay,2,POSITIVE_OUTSIDE,OUTSIDE_FALLBACK_POSITIVE,True,False,False,3
70,IMG_007425,n01-standard-inside-bay,1,POSITIVE_OUTSIDE,OUTSIDE_FALLBACK_POSITIVE,True,False,False,5
70,IMG_007445,n02-close-to-line-but-inside,1,POSITIVE_OUTSIDE,OUTSIDE_FALLBACK_POSITIVE,True,False,False,3
70,IMG_007445,n02-close-to-line-but-inside,2,POSITIVE_OUTSIDE,OUTSIDE_FALLBACK_POSITIVE,True,False,False,3
70,IMG_007450,n02-close-to-line-but-inside,1,POSITIVE_OUTSIDE,OUTSIDE_FALLBACK_POSITIVE,True,False,False,4
70,IMG_007562,p02-cross-single-boundary-line,1,POSITIVE_OUTSIDE,OUTSIDE_FALLBACK_POSITIVE,True,False,False,9
70,IMG_007593,p02-cross-single-boundary-line,1,POSITIVE_OUTSIDE,OUTSIDE_FALLBACK_POSITIVE,True,False,False,2
70,IMG_007626,p04-angled-footprint-outside,1,POSITIVE_OUTSIDE,OUTSIDE_FALLBACK_POSITIVE,True,False,False,7
70,IMG_007637,p04-angled-footprint-outside,1,POSITIVE_OUTSIDE,OUTSIDE_FALLBACK_POSITIVE,True,False,False,1
71,IMG_007350,hn02-faded-lines-but-confirmably-inside,1,POSITIVE_OUTSIDE,OUTSIDE_FALLBACK_POSITIVE,True,False,False,3
71,IMG_007396,hn06-shadows-cracks-curbs-mimic-lines,1,POSITIVE_OUTSIDE,OUTSIDE_FALLBACK_POSITIVE,True,False,False,3
71,IMG_007396,hn06-shadows-cracks-curbs-mimic-lines,2,POSITIVE_OUTSIDE,OUTSIDE_FALLBACK_POSITIVE,True,False,False,2
71,IMG_007413,n01-standard-inside-bay,1,POSITIVE_OUTSIDE,OUTSIDE_FALLBACK_POSITIVE,True,False,False,3
71,IMG_007413,n01-standard-inside-bay,2,POSITIVE_OUTSIDE,OUTSIDE_FALLBACK_POSITIVE,True,False,False,3
71,IMG_007425,n01-standard-inside-bay,1,POSITIVE_OUTSIDE,OUTSIDE_FALLBACK_POSITIVE,True,False,False,5
71,IMG_007445,n02-close-to-line-but-inside,1,POSITIVE_OUTSIDE,OUTSIDE_FALLBACK_POSITIVE,True,False,False,3
71,IMG_007445,n02-close-to-line-but-inside,2,POSITIVE_OUTSIDE,OUTSIDE_FALLBACK_POSITIVE,True,False,False,3
71,IMG_007450,n02-close-to-line-but-inside,1,POSITIVE_OUTSIDE,OUTSIDE_FALLBACK_POSITIVE,True,False,False,4
71,IMG_007562,p02-cross-single-boundary-line,1,POSITIVE_OUTSIDE,OUTSIDE_FALLBACK_POSITIVE,True,False,False,9
71,IMG_007593,p02-cross-single-boundary-line,1,POSITIVE_OUTSIDE,OUTSIDE_FALLBACK_POSITIVE,True,False,False,2
71,IMG_007626,p04-angled-footprint-outside,1,POSITIVE_OUTSIDE,OUTSIDE_FALLBACK_POSITIVE,True,False,False,7
71,IMG_007637,p04-angled-footprint-outside,1,POSITIVE_OUTSIDE,OUTSIDE_FALLBACK_POSITIVE,True,False,False,1
72,IMG_007350,hn02-faded-lines-but-confirmably-inside,1,POSITIVE_OUTSIDE,OUTSIDE_FALLBACK_POSITIVE,True,False,False,3
72,IMG_007396,hn06-shadows-cracks-curbs-mimic-lines,1,POSITIVE_OUTSIDE,OUTSIDE_FALLBACK_POSITIVE,True,False,False,3
72,IMG_007396,hn06-shadows-cracks-curbs-mimic-lines,2,POSITIVE_OUTSIDE,OUTSIDE_FALLBACK_POSITIVE,True,False,False,2
72,IMG_007413,n01-standard-inside-bay,1,POSITIVE_OUTSIDE,OUTSIDE_FALLBACK_POSITIVE,True,False,False,3
72,IMG_007413,n01-standard-inside-bay,2,POSITIVE_OUTSIDE,OUTSIDE_FALLBACK_POSITIVE,True,False,False,3
72,IMG_007425,n01-standard-inside-bay,1,POSITIVE_OUTSIDE,OUTSIDE_FALLBACK_POSITIVE,True,False,False,5
72,IMG_007445,n02-close-to-line-but-inside,1,POSITIVE_OUTSIDE,OUTSIDE_FALLBACK_POSITIVE,True,False,False,3
72,IMG_007445,n02-close-to-line-but-inside,2,POSITIVE_OUTSIDE,OUTSIDE_FALLBACK_POSITIVE,True,False,False,3
72,IMG_007450,n02-close-to-line-but-inside,1,POSITIVE_OUTSIDE,OUTSIDE_FALLBACK_POSITIVE,True,False,False,4
72,IMG_007562,p02-cross-single-boundary-line,1,POSITIVE_OUTSIDE,OUTSIDE_FALLBACK_POSITIVE,True,False,False,9
72,IMG_007593,p02-cross-single-boundary-line,1,POSITIVE_OUTSIDE,OUTSIDE_FALLBACK_POSITIVE,True,False,False,2
72,IMG_007626,p04-angled-footprint-outside,1,POSITIVE_OUTSIDE,OUTSIDE_FALLBACK_POSITIVE,True,False,False,7
72,IMG_007637,p04-angled-footprint-outside,1,POSITIVE_OUTSIDE,OUTSIDE_FALLBACK_POSITIVE,True,False,False,1
73,IMG_007350,hn02-faded-lines-but-confirmably-inside,1,POSITIVE_OUTSIDE,OUTSIDE_FALLBACK_POSITIVE,True,False,False,3
73,IMG_007396,hn06-shadows-cracks-curbs-mimic-lines,1,POSITIVE_OUTSIDE,OUTSIDE_FALLBACK_POSITIVE,True,False,False,3
73,IMG_007396,hn06-shadows-cracks-curbs-mimic-lines,2,POSITIVE_OUTSIDE,OUTSIDE_FALLBACK_POSITIVE,True,False,False,2
73,IMG_007413,n01-standard-inside-bay,1,POSITIVE_OUTSIDE,OUTSIDE_FALLBACK_POSITIVE,True,False,False,3
73,IMG_007413,n01-standard-inside-bay,2,POSITIVE_OUTSIDE,OUTSIDE_FALLBACK_POSITIVE,True,False,False,3
73,IMG_007425,n01-standard-inside-bay,1,POSITIVE_OUTSIDE,OUTSIDE_FALLBACK_POSITIVE,True,False,False,5
73,IMG_007445,n02-close-to-line-but-inside,1,POSITIVE_OUTSIDE,OUTSIDE_FALLBACK_POSITIVE,True,False,False,3
73,IMG_007445,n02-close-to-line-but-inside,2,POSITIVE_OUTSIDE,OUTSIDE_FALLBACK_POSITIVE,True,False,False,3
73,IMG_007450,n02-close-to-line-but-inside,1,POSITIVE_OUTSIDE,OUTSIDE_FALLBACK_POSITIVE,True,False,False,4
73,IMG_007562,p02-cross-single-boundary-line,1,POSITIVE_OUTSIDE,OUTSIDE_FALLBACK_POSITIVE,True,False,False,9
73,IMG_007593,p02-cross-single-boundary-line,1,POSITIVE_OUTSIDE,OUTSIDE_FALLBACK_POSITIVE,True,False,False,2
73,IMG_007626,p04-angled-footprint-outside,1,POSITIVE_OUTSIDE,OUTSIDE_FALLBACK_POSITIVE,True,False,False,7
73,IMG_007637,p04-angled-footprint-outside,1,POSITIVE_OUTSIDE,OUTSIDE_FALLBACK_POSITIVE,True,False,False,1
74,IMG_007350,hn02-faded-lines-but-confirmably-inside,1,POSITIVE_OUTSIDE,OUTSIDE_FALLBACK_POSITIVE,True,False,False,3
74,IMG_007396,hn06-shadows-cracks-curbs-mimic-lines,1,POSITIVE_OUTSIDE,OUTSIDE_FALLBACK_POSITIVE,True,False,False,3
74,IMG_007396,hn06-shadows-cracks-curbs-mimic-lines,2,POSITIVE_OUTSIDE,OUTSIDE_FALLBACK_POSITIVE,True,False,False,2
74,IMG_007413,n01-standard-inside-bay,1,POSITIVE_OUTSIDE,OUTSIDE_FALLBACK_POSITIVE,True,False,False,3
74,IMG_007413,n01-standard-inside-bay,2,POSITIVE_OUTSIDE,OUTSIDE_FALLBACK_POSITIVE,True,False,False,3
74,IMG_007425,n01-standard-inside-bay,1,POSITIVE_OUTSIDE,OUTSIDE_FALLBACK_POSITIVE,True,False,False,5
74,IMG_007445,n02-close-to-line-but-inside,1,POSITIVE_OUTSIDE,OUTSIDE_FALLBACK_POSITIVE,True,False,False,3
74,IMG_007445,n02-close-to-line-but-inside,2,POSITIVE_OUTSIDE,OUTSIDE_FALLBACK_POSITIVE,True,False,False,3
74,IMG_007450,n02-close-to-line-but-inside,1,POSITIVE_OUTSIDE,OUTSIDE_FALLBACK_POSITIVE,True,False,False,4
74,IMG_007562,p02-cross-single-boundary-line,1,POSITIVE_OUTSIDE,OUTSIDE_FALLBACK_POSITIVE,True,False,False,9
74,IMG_007593,p02-cross-single-boundary-line,1,POSITIVE_OUTSIDE,OUTSIDE_FALLBACK_POSITIVE,True,False,False,2
74,IMG_007626,p04-angled-footprint-outside,1,POSITIVE_OUTSIDE,OUTSIDE_FALLBACK_POSITIVE,True,False,False,7
74,IMG_007637,p04-angled-footprint-outside,1,POSITIVE_OUTSIDE,OUTSIDE_FALLBACK_POSITIVE,True,False,False,1
75,IMG_007350,hn02-faded-lines-but-confirmably-inside,1,POSITIVE_OUTSIDE,OUTSIDE_FALLBACK_POSITIVE,True,False,False,3
75,IMG_007396,hn06-shadows-cracks-curbs-mimic-lines,1,POSITIVE_OUTSIDE,OUTSIDE_FALLBACK_POSITIVE,True,False,False,3
75,IMG_007396,hn06-shadows-cracks-curbs-mimic-lines,2,POSITIVE_OUTSIDE,OUTSIDE_FALLBACK_POSITIVE,True,False,False,2
75,IMG_007413,n01-standard-inside-bay,1,POSITIVE_OUTSIDE,OUTSIDE_FALLBACK_POSITIVE,True,False,False,3
75,IMG_007413,n01-standard-inside-bay,2,POSITIVE_OUTSIDE,OUTSIDE_FALLBACK_POSITIVE,True,False,False,3
75,IMG_007425,n01-standard-inside-bay,1,POSITIVE_OUTSIDE,OUTSIDE_FALLBACK_POSITIVE,True,False,False,5
75,IMG_007445,n02-close-to-line-but-inside,1,POSITIVE_OUTSIDE,OUTSIDE_FALLBACK_POSITIVE,True,False,False,3
75,IMG_007445,n02-close-to-line-but-inside,2,POSITIVE_OUTSIDE,OUTSIDE_FALLBACK_POSITIVE,True,False,False,3
75,IMG_007450,n02-close-to-line-but-inside,1,POSITIVE_OUTSIDE,OUTSIDE_FALLBACK_POSITIVE,True,False,False,4
75,IMG_007562,p02-cross-single-boundary-line,1,POSITIVE_OUTSIDE,OUTSIDE_FALLBACK_POSITIVE,True,False,False,9
75,IMG_007593,p02-cross-single-boundary-line,1,POSITIVE_OUTSIDE,OUTSIDE_FALLBACK_POSITIVE,True,False,False,2
75,IMG_007626,p04-angled-footprint-outside,1,POSITIVE_OUTSIDE,OUTSIDE_FALLBACK_POSITIVE,True,False,False,7
75,IMG_007637,p04-angled-footprint-outside,1,POSITIVE_OUTSIDE,OUTSIDE_FALLBACK_POSITIVE,True,False,False,1
76,IMG_007350,hn02-faded-lines-but-confirmably-inside,1,POSITIVE_OUTSIDE,OUTSIDE_FALLBACK_POSITIVE,True,False,False,3
76,IMG_007396,hn06-shadows-cracks-curbs-mimic-lines,1,POSITIVE_OUTSIDE,OUTSIDE_FALLBACK_POSITIVE,True,False,False,3
76,IMG_007396,hn06-shadows-cracks-curbs-mimic-lines,2,POSITIVE_OUTSIDE,OUTSIDE_FALLBACK_POSITIVE,True,False,False,2
76,IMG_007413,n01-standard-inside-bay,1,POSITIVE_OUTSIDE,OUTSIDE_FALLBACK_POSITIVE,True,False,False,3
76,IMG_007413,n01-standard-inside-bay,2,POSITIVE_OUTSIDE,OUTSIDE_FALLBACK_POSITIVE,True,False,False,3
76,IMG_007425,n01-standard-inside-bay,1,POSITIVE_OUTSIDE,OUTSIDE_FALLBACK_POSITIVE,True,False,False,5
76,IMG_007445,n02-close-to-line-but-inside,1,POSITIVE_OUTSIDE,OUTSIDE_FALLBACK_POSITIVE,True,False,False,3
76,IMG_007445,n02-close-to-line-but-inside,2,POSITIVE_OUTSIDE,OUTSIDE_FALLBACK_POSITIVE,True,False,False,3
76,IMG_007450,n02-close-to-line-but-inside,1,POSITIVE_OUTSIDE,OUTSIDE_FALLBACK_POSITIVE,True,False,False,4
76,IMG_007562,p02-cross-single-boundary-line,1,POSITIVE_OUTSIDE,OUTSIDE_FALLBACK_POSITIVE,True,False,False,9
76,IMG_007593,p02-cross-single-boundary-line,1,POSITIVE_OUTSIDE,OUTSIDE_FALLBACK_POSITIVE,True,False,False,2
76,IMG_007626,p04-angled-footprint-outside,1,POSITIVE_OUTSIDE,OUTSIDE_FALLBACK_POSITIVE,True,False,False,7
76,IMG_007637,p04-angled-footprint-outside,1,POSITIVE_OUTSIDE,OUTSIDE_FALLBACK_POSITIVE,True,False,False,1
77,IMG_007350,hn02-faded-lines-but-confirmably-inside,1,POSITIVE_OUTSIDE,OUTSIDE_FALLBACK_POSITIVE,True,False,False,3
77,IMG_007396,hn06-shadows-cracks-curbs-mimic-lines,1,POSITIVE_OUTSIDE,OUTSIDE_FALLBACK_POSITIVE,True,False,False,3
77,IMG_007396,hn06-shadows-cracks-curbs-mimic-lines,2,POSITIVE_OUTSIDE,OUTSIDE_FALLBACK_POSITIVE,True,False,False,2
77,IMG_007413,n01-standard-inside-bay,1,POSITIVE_OUTSIDE,OUTSIDE_FALLBACK_POSITIVE,True,False,False,3
77,IMG_007413,n01-standard-inside-bay,2,POSITIVE_OUTSIDE,OUTSIDE_FALLBACK_POSITIVE,True,False,False,3
77,IMG_007425,n01-standard-inside-bay,1,POSITIVE_OUTSIDE,OUTSIDE_FALLBACK_POSITIVE,True,False,False,5
77,IMG_007445,n02-close-to-line-but-inside,1,POSITIVE_OUTSIDE,OUTSIDE_FALLBACK_POSITIVE,True,False,False,3
77,IMG_007445,n02-close-to-line-but-inside,2,POSITIVE_OUTSIDE,OUTSIDE_FALLBACK_POSITIVE,True,False,False,3
77,IMG_007450,n02-close-to-line-but-inside,1,POSITIVE_OUTSIDE,OUTSIDE_FALLBACK_POSITIVE,True,False,False,4
77,IMG_007562,p02-cross-single-boundary-line,1,POSITIVE_OUTSIDE,OUTSIDE_FALLBACK_POSITIVE,True,False,False,9
77,IMG_007593,p02-cross-single-boundary-line,1,POSITIVE_OUTSIDE,OUTSIDE_FALLBACK_POSITIVE,True,False,False,2
77,IMG_007626,p04-angled-footprint-outside,1,POSITIVE_OUTSIDE,OUTSIDE_FALLBACK_POSITIVE,True,False,False,7
77,IMG_007637,p04-angled-footprint-outside,1,POSITIVE_OUTSIDE,OUTSIDE_FALLBACK_POSITIVE,True,False,False,1
78,IMG_007350,hn02-faded-lines-but-confirmably-inside,1,POSITIVE_OUTSIDE,OUTSIDE_FALLBACK_POSITIVE,True,False,False,3
78,IMG_007396,hn06-shadows-cracks-curbs-mimic-lines,1,POSITIVE_OUTSIDE,OUTSIDE_FALLBACK_POSITIVE,True,False,False,3
78,IMG_007396,hn06-shadows-cracks-curbs-mimic-lines,2,POSITIVE_OUTSIDE,OUTSIDE_FALLBACK_POSITIVE,True,False,False,2
78,IMG_007413,n01-standard-inside-bay,1,POSITIVE_OUTSIDE,OUTSIDE_FALLBACK_POSITIVE,True,False,False,3
78,IMG_007413,n01-standard-inside-bay,2,POSITIVE_OUTSIDE,OUTSIDE_FALLBACK_POSITIVE,True,False,False,3
78,IMG_007425,n01-standard-inside-bay,1,POSITIVE_OUTSIDE,OUTSIDE_FALLBACK_POSITIVE,True,False,False,5
78,IMG_007445,n02-close-to-line-but-inside,1,POSITIVE_OUTSIDE,OUTSIDE_FALLBACK_POSITIVE,True,False,False,3
78,IMG_007445,n02-close-to-line-but-inside,2,POSITIVE_OUTSIDE,OUTSIDE_FALLBACK_POSITIVE,True,False,False,3
78,IMG_007450,n02-close-to-line-but-inside,1,POSITIVE_OUTSIDE,OUTSIDE_FALLBACK_POSITIVE,True,False,False,4
78,IMG_007562,p02-cross-single-boundary-line,1,POSITIVE_OUTSIDE,OUTSIDE_FALLBACK_POSITIVE,True,False,False,9
78,IMG_007593,p02-cross-single-boundary-line,1,POSITIVE_OUTSIDE,OUTSIDE_FALLBACK_POSITIVE,True,False,False,2
78,IMG_007626,p04-angled-footprint-outside,1,POSITIVE_OUTSIDE,OUTSIDE_FALLBACK_POSITIVE,True,False,False,7
78,IMG_007637,p04-angled-footprint-outside,1,POSITIVE_OUTSIDE,OUTSIDE_FALLBACK_POSITIVE,True,False,False,1
79,IMG_007350,hn02-faded-lines-but-confirmably-inside,1,POSITIVE_OUTSIDE,OUTSIDE_FALLBACK_POSITIVE,True,False,False,3
79,IMG_007396,hn06-shadows-cracks-curbs-mimic-lines,1,POSITIVE_OUTSIDE,OUTSIDE_FALLBACK_POSITIVE,True,False,False,3
79,IMG_007396,hn06-shadows-cracks-curbs-mimic-lines,2,POSITIVE_OUTSIDE,OUTSIDE_FALLBACK_POSITIVE,True,False,False,2
79,IMG_007413,n01-standard-inside-bay,1,POSITIVE_OUTSIDE,OUTSIDE_FALLBACK_POSITIVE,True,False,False,3
79,IMG_007413,n01-standard-inside-bay,2,POSITIVE_OUTSIDE,OUTSIDE_FALLBACK_POSITIVE,True,False,False,3
79,IMG_007425,n01-standard-inside-bay,1,POSITIVE_OUTSIDE,OUTSIDE_FALLBACK_POSITIVE,True,False,False,5
79,IMG_007445,n02-close-to-line-but-inside,1,POSITIVE_OUTSIDE,OUTSIDE_FALLBACK_POSITIVE,True,False,False,3
79,IMG_007445,n02-close-to-line-but-inside,2,POSITIVE_OUTSIDE,OUTSIDE_FALLBACK_POSITIVE,True,False,False,3
79,IMG_007450,n02-close-to-line-but-inside,1,POSITIVE_OUTSIDE,OUTSIDE_FALLBACK_POSITIVE,True,False,False,4
79,IMG_007562,p02-cross-single-boundary-line,1,POSITIVE_OUTSIDE,OUTSIDE_FALLBACK_POSITIVE,True,False,False,9
79,IMG_007593,p02-cross-single-boundary-line,1,POSITIVE_OUTSIDE,OUTSIDE_FALLBACK_POSITIVE,True,False,False,2
79,IMG_007626,p04-angled-footprint-outside,1,POSITIVE_OUTSIDE,OUTSIDE_FALLBACK_POSITIVE,True,False,False,7
79,IMG_007637,p04-angled-footprint-outside,1,POSITIVE_OUTSIDE,OUTSIDE_FALLBACK_POSITIVE,True,False,False,1
80,IMG_007350,hn02-faded-lines-but-confirmably-inside,1,POSITIVE_OUTSIDE,OUTSIDE_FALLBACK_POSITIVE,True,False,False,3
80,IMG_007396,hn06-shadows-cracks-curbs-mimic-lines,1,POSITIVE_OUTSIDE,OUTSIDE_FALLBACK_POSITIVE,True,False,False,3
80,IMG_007396,hn06-shadows-cracks-curbs-mimic-lines,2,POSITIVE_OUTSIDE,OUTSIDE_FALLBACK_POSITIVE,True,False,False,2
80,IMG_007413,n01-standard-inside-bay,1,POSITIVE_OUTSIDE,OUTSIDE_FALLBACK_POSITIVE,True,False,False,3
80,IMG_007413,n01-standard-inside-bay,2,POSITIVE_OUTSIDE,OUTSIDE_FALLBACK_POSITIVE,True,False,False,3
80,IMG_007425,n01-standard-inside-bay,1,POSITIVE_OUTSIDE,OUTSIDE_FALLBACK_POSITIVE,True,False,False,5
80,IMG_007445,n02-close-to-line-but-inside,1,POSITIVE_OUTSIDE,OUTSIDE_FALLBACK_POSITIVE,True,False,False,3
80,IMG_007445,n02-close-to-line-but-inside,2,POSITIVE_OUTSIDE,OUTSIDE_FALLBACK_POSITIVE,True,False,False,3
80,IMG_007450,n02-close-to-line-but-inside,1,POSITIVE_OUTSIDE,OUTSIDE_FALLBACK_POSITIVE,True,False,False,4
80,IMG_007562,p02-cross-single-boundary-line,1,POSITIVE_OUTSIDE,OUTSIDE_FALLBACK_POSITIVE,True,False,False,9
80,IMG_007593,p02-cross-single-boundary-line,1,POSITIVE_OUTSIDE,OUTSIDE_FALLBACK_POSITIVE,True,False,False,2
80,IMG_007626,p04-angled-footprint-outside,1,POSITIVE_OUTSIDE,OUTSIDE_FALLBACK_POSITIVE,True,False,False,7
80,IMG_007637,p04-angled-footprint-outside,1,POSITIVE_OUTSIDE,OUTSIDE_FALLBACK_POSITIVE,True,False,False,1
81,IMG_007350,hn02-faded-lines-but-confirmably-inside,1,POSITIVE_OUTSIDE,OUTSIDE_FALLBACK_POSITIVE,True,False,False,3
81,IMG_007396,hn06-shadows-cracks-curbs-mimic-lines,1,POSITIVE_OUTSIDE,OUTSIDE_FALLBACK_POSITIVE,True,False,False,3
81,IMG_007396,hn06-shadows-cracks-curbs-mimic-lines,2,POSITIVE_OUTSIDE,OUTSIDE_FALLBACK_POSITIVE,True,False,False,2
81,IMG_007413,n01-standard-inside-bay,1,POSITIVE_OUTSIDE,OUTSIDE_FALLBACK_POSITIVE,True,False,False,3
81,IMG_007413,n01-standard-inside-bay,2,POSITIVE_OUTSIDE,OUTSIDE_FALLBACK_POSITIVE,True,False,False,3
81,IMG_007425,n01-standard-inside-bay,1,POSITIVE_OUTSIDE,OUTSIDE_FALLBACK_POSITIVE,True,False,False,5
81,IMG_007445,n02-close-to-line-but-inside,1,POSITIVE_OUTSIDE,OUTSIDE_FALLBACK_POSITIVE,True,False,False,3
81,IMG_007445,n02-close-to-line-but-inside,2,POSITIVE_OUTSIDE,OUTSIDE_FALLBACK_POSITIVE,True,False,False,3
81,IMG_007450,n02-close-to-line-but-inside,1,POSITIVE_OUTSIDE,OUTSIDE_FALLBACK_POSITIVE,True,False,False,4
81,IMG_007562,p02-cross-single-boundary-line,1,POSITIVE_OUTSIDE,OUTSIDE_FALLBACK_POSITIVE,True,False,False,9
81,IMG_007593,p02-cross-single-boundary-line,1,POSITIVE_OUTSIDE,OUTSIDE_FALLBACK_POSITIVE,True,False,False,2
81,IMG_007626,p04-angled-footprint-outside,1,POSITIVE_OUTSIDE,OUTSIDE_FALLBACK_POSITIVE,True,False,False,7
81,IMG_007637,p04-angled-footprint-outside,1,POSITIVE_OUTSIDE,OUTSIDE_FALLBACK_POSITIVE,True,False,False,1
82,IMG_007350,hn02-faded-lines-but-confirmably-inside,1,POSITIVE_OUTSIDE,OUTSIDE_FALLBACK_POSITIVE,True,False,False,3
82,IMG_007396,hn06-shadows-cracks-curbs-mimic-lines,1,POSITIVE_OUTSIDE,OUTSIDE_FALLBACK_POSITIVE,True,False,False,3
82,IMG_007396,hn06-shadows-cracks-curbs-mimic-lines,2,POSITIVE_OUTSIDE,OUTSIDE_FALLBACK_POSITIVE,True,False,False,2
82,IMG_007413,n01-standard-inside-bay,1,POSITIVE_OUTSIDE,OUTSIDE_FALLBACK_POSITIVE,True,False,False,3
82,IMG_007413,n01-standard-inside-bay,2,POSITIVE_OUTSIDE,OUTSIDE_FALLBACK_POSITIVE,True,False,False,3
82,IMG_007425,n01-standard-inside-bay,1,POSITIVE_OUTSIDE,OUTSIDE_FALLBACK_POSITIVE,True,False,False,5
82,IMG_007445,n02-close-to-line-but-inside,1,POSITIVE_OUTSIDE,OUTSIDE_FALLBACK_POSITIVE,True,False,False,3
82,IMG_007445,n02-close-to-line-but-inside,2,POSITIVE_OUTSIDE,OUTSIDE_FALLBACK_POSITIVE,True,False,False,3
82,IMG_007450,n02-close-to-line-but-inside,1,POSITIVE_OUTSIDE,OUTSIDE_FALLBACK_POSITIVE,True,False,False,4
82,IMG_007562,p02-cross-single-boundary-line,1,POSITIVE_OUTSIDE,OUTSIDE_FALLBACK_POSITIVE,True,False,False,9
82,IMG_007593,p02-cross-single-boundary-line,1,POSITIVE_OUTSIDE,OUTSIDE_FALLBACK_POSITIVE,True,False,False,2
82,IMG_007626,p04-angled-footprint-outside,1,POSITIVE_OUTSIDE,OUTSIDE_FALLBACK_POSITIVE,True,False,False,7
82,IMG_007637,p04-angled-footprint-outside,1,POSITIVE_OUTSIDE,OUTSIDE_FALLBACK_POSITIVE,True,False,False,1
83,IMG_007350,hn02-faded-lines-but-confirmably-inside,1,POSITIVE_OUTSIDE,OUTSIDE_FALLBACK_POSITIVE,True,False,False,3
83,IMG_007396,hn06-shadows-cracks-curbs-mimic-lines,1,POSITIVE_OUTSIDE,OUTSIDE_FALLBACK_POSITIVE,True,False,False,3
83,IMG_007396,hn06-shadows-cracks-curbs-mimic-lines,2,POSITIVE_OUTSIDE,OUTSIDE_FALLBACK_POSITIVE,True,False,False,2
83,IMG_007413,n01-standard-inside-bay,1,POSITIVE_OUTSIDE,OUTSIDE_FALLBACK_POSITIVE,True,False,False,3
83,IMG_007413,n01-standard-inside-bay,2,POSITIVE_OUTSIDE,OUTSIDE_FALLBACK_POSITIVE,True,False,False,3
83,IMG_007425,n01-standard-inside-bay,1,POSITIVE_OUTSIDE,OUTSIDE_FALLBACK_POSITIVE,True,False,False,5
83,IMG_007445,n02-close-to-line-but-inside,1,POSITIVE_OUTSIDE,OUTSIDE_FALLBACK_POSITIVE,True,False,False,3
83,IMG_007445,n02-close-to-line-but-inside,2,POSITIVE_OUTSIDE,OUTSIDE_FALLBACK_POSITIVE,True,False,False,3
83,IMG_007450,n02-close-to-line-but-inside,1,POSITIVE_OUTSIDE,OUTSIDE_FALLBACK_POSITIVE,True,False,False,4
83,IMG_007562,p02-cross-single-boundary-line,1,POSITIVE_OUTSIDE,OUTSIDE_FALLBACK_POSITIVE,True,False,False,9
83,IMG_007593,p02-cross-single-boundary-line,1,POSITIVE_OUTSIDE,OUTSIDE_FALLBACK_POSITIVE,True,False,False,2
83,IMG_007626,p04-angled-footprint-outside,1,POSITIVE_OUTSIDE,OUTSIDE_FALLBACK_POSITIVE,True,False,False,7
83,IMG_007637,p04-angled-footprint-outside,1,POSITIVE_OUTSIDE,OUTSIDE_FALLBACK_POSITIVE,True,False,False,1
84,IMG_007350,hn02-faded-lines-but-confirmably-inside,1,POSITIVE_OUTSIDE,OUTSIDE_FALLBACK_POSITIVE,True,False,False,3
84,IMG_007396,hn06-shadows-cracks-curbs-mimic-lines,1,POSITIVE_OUTSIDE,OUTSIDE_FALLBACK_POSITIVE,True,False,False,3
84,IMG_007396,hn06-shadows-cracks-curbs-mimic-lines,2,POSITIVE_OUTSIDE,OUTSIDE_FALLBACK_POSITIVE,True,False,False,2
84,IMG_007413,n01-standard-inside-bay,1,POSITIVE_OUTSIDE,OUTSIDE_FALLBACK_POSITIVE,True,False,False,3
84,IMG_007413,n01-standard-inside-bay,2,POSITIVE_OUTSIDE,OUTSIDE_FALLBACK_POSITIVE,True,False,False,3
84,IMG_007425,n01-standard-inside-bay,1,POSITIVE_OUTSIDE,OUTSIDE_FALLBACK_POSITIVE,True,False,False,5
84,IMG_007445,n02-close-to-line-but-inside,1,POSITIVE_OUTSIDE,OUTSIDE_FALLBACK_POSITIVE,True,False,False,3
84,IMG_007445,n02-close-to-line-but-inside,2,POSITIVE_OUTSIDE,OUTSIDE_FALLBACK_POSITIVE,True,False,False,3
84,IMG_007450,n02-close-to-line-but-inside,1,POSITIVE_OUTSIDE,OUTSIDE_FALLBACK_POSITIVE,True,False,False,4
84,IMG_007562,p02-cross-single-boundary-line,1,POSITIVE_OUTSIDE,OUTSIDE_FALLBACK_POSITIVE,True,False,False,9
84,IMG_007593,p02-cross-single-boundary-line,1,POSITIVE_OUTSIDE,OUTSIDE_FALLBACK_POSITIVE,True,False,False,2
84,IMG_007626,p04-angled-footprint-outside,1,POSITIVE_OUTSIDE,OUTSIDE_FALLBACK_POSITIVE,True,False,False,7
84,IMG_007637,p04-angled-footprint-outside,1,POSITIVE_OUTSIDE,OUTSIDE_FALLBACK_POSITIVE,True,False,False,1
85,IMG_007350,hn02-faded-lines-but-confirmably-inside,1,POSITIVE_OUTSIDE,OUTSIDE_FALLBACK_POSITIVE,True,False,False,3
85,IMG_007396,hn06-shadows-cracks-curbs-mimic-lines,1,POSITIVE_OUTSIDE,OUTSIDE_FALLBACK_POSITIVE,True,False,False,3
85,IMG_007396,hn06-shadows-cracks-curbs-mimic-lines,2,POSITIVE_OUTSIDE,OUTSIDE_FALLBACK_POSITIVE,True,False,False,2
85,IMG_007413,n01-standard-inside-bay,1,POSITIVE_OUTSIDE,OUTSIDE_FALLBACK_POSITIVE,True,False,False,3
85,IMG_007413,n01-standard-inside-bay,2,POSITIVE_OUTSIDE,OUTSIDE_FALLBACK_POSITIVE,True,False,False,3
85,IMG_007425,n01-standard-inside-bay,1,POSITIVE_OUTSIDE,OUTSIDE_FALLBACK_POSITIVE,True,False,False,5
85,IMG_007445,n02-close-to-line-but-inside,1,POSITIVE_OUTSIDE,OUTSIDE_FALLBACK_POSITIVE,True,False,False,3
85,IMG_007445,n02-close-to-line-but-inside,2,POSITIVE_OUTSIDE,OUTSIDE_FALLBACK_POSITIVE,True,False,False,3
85,IMG_007450,n02-close-to-line-but-inside,1,POSITIVE_OUTSIDE,OUTSIDE_FALLBACK_POSITIVE,True,False,False,4
85,IMG_007562,p02-cross-single-boundary-line,1,POSITIVE_OUTSIDE,OUTSIDE_FALLBACK_POSITIVE,True,False,False,9
85,IMG_007593,p02-cross-single-boundary-line,1,POSITIVE_OUTSIDE,OUTSIDE_FALLBACK_POSITIVE,True,False,False,2
85,IMG_007626,p04-angled-footprint-outside,1,POSITIVE_OUTSIDE,OUTSIDE_FALLBACK_POSITIVE,True,False,False,7
85,IMG_007637,p04-angled-footprint-outside,1,POSITIVE_OUTSIDE,OUTSIDE_FALLBACK_POSITIVE,True,False,False,1
86,IMG_007350,hn02-faded-lines-but-confirmably-inside,1,POSITIVE_OUTSIDE,OUTSIDE_FALLBACK_POSITIVE,True,False,False,3
86,IMG_007396,hn06-shadows-cracks-curbs-mimic-lines,1,POSITIVE_OUTSIDE,OUTSIDE_FALLBACK_POSITIVE,True,False,False,3
86,IMG_007396,hn06-shadows-cracks-curbs-mimic-lines,2,POSITIVE_OUTSIDE,OUTSIDE_FALLBACK_POSITIVE,True,False,False,2
86,IMG_007413,n01-standard-inside-bay,1,POSITIVE_OUTSIDE,OUTSIDE_FALLBACK_POSITIVE,True,False,False,3
86,IMG_007413,n01-standard-inside-bay,2,POSITIVE_OUTSIDE,OUTSIDE_FALLBACK_POSITIVE,True,False,False,3
86,IMG_007425,n01-standard-inside-bay,1,POSITIVE_OUTSIDE,OUTSIDE_FALLBACK_POSITIVE,True,False,False,5
86,IMG_007445,n02-close-to-line-but-inside,1,POSITIVE_OUTSIDE,OUTSIDE_FALLBACK_POSITIVE,True,False,False,3
86,IMG_007445,n02-close-to-line-but-inside,2,POSITIVE_OUTSIDE,OUTSIDE_FALLBACK_POSITIVE,True,False,False,3
86,IMG_007450,n02-close-to-line-but-inside,1,POSITIVE_OUTSIDE,OUTSIDE_FALLBACK_POSITIVE,True,False,False,4
86,IMG_007562,p02-cross-single-boundary-line,1,POSITIVE_OUTSIDE,OUTSIDE_FALLBACK_POSITIVE,True,False,False,9
86,IMG_007593,p02-cross-single-boundary-line,1,POSITIVE_OUTSIDE,OUTSIDE_FALLBACK_POSITIVE,True,False,False,2
86,IMG_007626,p04-angled-footprint-outside,1,POSITIVE_OUTSIDE,OUTSIDE_FALLBACK_POSITIVE,True,False,False,7
86,IMG_007637,p04-angled-footprint-outside,1,POSITIVE_OUTSIDE,OUTSIDE_FALLBACK_POSITIVE,True,False,False,1
87,IMG_007350,hn02-faded-lines-but-confirmably-inside,1,POSITIVE_OUTSIDE,OUTSIDE_FALLBACK_POSITIVE,True,False,False,3
87,IMG_007396,hn06-shadows-cracks-curbs-mimic-lines,1,POSITIVE_OUTSIDE,OUTSIDE_FALLBACK_POSITIVE,True,False,False,3
87,IMG_007396,hn06-shadows-cracks-curbs-mimic-lines,2,POSITIVE_OUTSIDE,OUTSIDE_FALLBACK_POSITIVE,True,False,False,2
87,IMG_007413,n01-standard-inside-bay,1,POSITIVE_OUTSIDE,OUTSIDE_FALLBACK_POSITIVE,True,False,False,3
87,IMG_007413,n01-standard-inside-bay,2,POSITIVE_OUTSIDE,OUTSIDE_FALLBACK_POSITIVE,True,False,False,3
87,IMG_007425,n01-standard-inside-bay,1,POSITIVE_OUTSIDE,OUTSIDE_FALLBACK_POSITIVE,True,False,False,5
87,IMG_007445,n02-close-to-line-but-inside,1,POSITIVE_OUTSIDE,OUTSIDE_FALLBACK_POSITIVE,True,False,False,3
87,IMG_007445,n02-close-to-line-but-inside,2,POSITIVE_OUTSIDE,OUTSIDE_FALLBACK_POSITIVE,True,False,False,3
87,IMG_007450,n02-close-to-line-but-inside,1,POSITIVE_OUTSIDE,OUTSIDE_FALLBACK_POSITIVE,True,False,False,4
87,IMG_007562,p02-cross-single-boundary-line,1,POSITIVE_OUTSIDE,OUTSIDE_FALLBACK_POSITIVE,True,False,False,9
87,IMG_007593,p02-cross-single-boundary-line,1,POSITIVE_OUTSIDE,OUTSIDE_FALLBACK_POSITIVE,True,False,False,2
87,IMG_007626,p04-angled-footprint-outside,1,POSITIVE_OUTSIDE,OUTSIDE_FALLBACK_POSITIVE,True,False,False,7
87,IMG_007637,p04-angled-footprint-outside,1,POSITIVE_OUTSIDE,OUTSIDE_FALLBACK_POSITIVE,True,False,False,1
88,IMG_007350,hn02-faded-lines-but-confirmably-inside,1,POSITIVE_OUTSIDE,OUTSIDE_FALLBACK_POSITIVE,True,False,False,3
88,IMG_007396,hn06-shadows-cracks-curbs-mimic-lines,1,POSITIVE_OUTSIDE,OUTSIDE_FALLBACK_POSITIVE,True,False,False,3
88,IMG_007396,hn06-shadows-cracks-curbs-mimic-lines,2,POSITIVE_OUTSIDE,OUTSIDE_FALLBACK_POSITIVE,True,False,False,2
88,IMG_007413,n01-standard-inside-bay,1,POSITIVE_OUTSIDE,OUTSIDE_FALLBACK_POSITIVE,True,False,False,3
88,IMG_007413,n01-standard-inside-bay,2,POSITIVE_OUTSIDE,OUTSIDE_FALLBACK_POSITIVE,True,False,False,3
88,IMG_007425,n01-standard-inside-bay,1,POSITIVE_OUTSIDE,OUTSIDE_FALLBACK_POSITIVE,True,False,False,5
88,IMG_007445,n02-close-to-line-but-inside,1,POSITIVE_OUTSIDE,OUTSIDE_FALLBACK_POSITIVE,True,False,False,3
88,IMG_007445,n02-close-to-line-but-inside,2,POSITIVE_OUTSIDE,OUTSIDE_FALLBACK_POSITIVE,True,False,False,3
88,IMG_007450,n02-close-to-line-but-inside,1,POSITIVE_OUTSIDE,OUTSIDE_FALLBACK_POSITIVE,True,False,False,4
88,IMG_007562,p02-cross-single-boundary-line,1,POSITIVE_OUTSIDE,OUTSIDE_FALLBACK_POSITIVE,True,False,False,9
88,IMG_007593,p02-cross-single-boundary-line,1,POSITIVE_OUTSIDE,OUTSIDE_FALLBACK_POSITIVE,True,False,False,2
88,IMG_007626,p04-angled-footprint-outside,1,POSITIVE_OUTSIDE,OUTSIDE_FALLBACK_POSITIVE,True,False,False,7
88,IMG_007637,p04-angled-footprint-outside,1,POSITIVE_OUTSIDE,OUTSIDE_FALLBACK_POSITIVE,True,False,False,1
89,IMG_007350,hn02-faded-lines-but-confirmably-inside,1,POSITIVE_OUTSIDE,OUTSIDE_FALLBACK_POSITIVE,True,False,False,3
89,IMG_007396,hn06-shadows-cracks-curbs-mimic-lines,1,POSITIVE_OUTSIDE,OUTSIDE_FALLBACK_POSITIVE,True,False,False,3
89,IMG_007396,hn06-shadows-cracks-curbs-mimic-lines,2,POSITIVE_OUTSIDE,OUTSIDE_FALLBACK_POSITIVE,True,False,False,2
89,IMG_007413,n01-standard-inside-bay,1,POSITIVE_OUTSIDE,OUTSIDE_FALLBACK_POSITIVE,True,False,False,3
89,IMG_007413,n01-standard-inside-bay,2,POSITIVE_OUTSIDE,OUTSIDE_FALLBACK_POSITIVE,True,False,False,3
89,IMG_007425,n01-standard-inside-bay,1,POSITIVE_OUTSIDE,OUTSIDE_FALLBACK_POSITIVE,True,False,False,5
89,IMG_007445,n02-close-to-line-but-inside,1,POSITIVE_OUTSIDE,OUTSIDE_FALLBACK_POSITIVE,True,False,False,3
89,IMG_007445,n02-close-to-line-but-inside,2,POSITIVE_OUTSIDE,OUTSIDE_FALLBACK_POSITIVE,True,False,False,3
89,IMG_007450,n02-close-to-line-but-inside,1,POSITIVE_OUTSIDE,OUTSIDE_FALLBACK_POSITIVE,True,False,False,4
89,IMG_007562,p02-cross-single-boundary-line,1,POSITIVE_OUTSIDE,OUTSIDE_FALLBACK_POSITIVE,True,False,False,9
89,IMG_007593,p02-cross-single-boundary-line,1,POSITIVE_OUTSIDE,OUTSIDE_FALLBACK_POSITIVE,True,False,False,2
89,IMG_007626,p04-angled-footprint-outside,1,POSITIVE_OUTSIDE,OUTSIDE_FALLBACK_POSITIVE,True,False,False,7
89,IMG_007637,p04-angled-footprint-outside,1,POSITIVE_OUTSIDE,OUTSIDE_FALLBACK_POSITIVE,True,False,False,1
90,IMG_007350,hn02-faded-lines-but-confirmably-inside,1,POSITIVE_OUTSIDE,OUTSIDE_FALLBACK_POSITIVE,True,False,False,3
90,IMG_007396,hn06-shadows-cracks-curbs-mimic-lines,1,POSITIVE_OUTSIDE,OUTSIDE_FALLBACK_POSITIVE,True,False,False,3
90,IMG_007396,hn06-shadows-cracks-curbs-mimic-lines,2,POSITIVE_OUTSIDE,OUTSIDE_FALLBACK_POSITIVE,True,False,False,2
90,IMG_007413,n01-standard-inside-bay,1,POSITIVE_OUTSIDE,OUTSIDE_FALLBACK_POSITIVE,True,False,False,3
90,IMG_007413,n01-standard-inside-bay,2,POSITIVE_OUTSIDE,OUTSIDE_FALLBACK_POSITIVE,True,False,False,3
90,IMG_007425,n01-standard-inside-bay,1,POSITIVE_OUTSIDE,OUTSIDE_FALLBACK_POSITIVE,True,False,False,5
90,IMG_007445,n02-close-to-line-but-inside,1,POSITIVE_OUTSIDE,OUTSIDE_FALLBACK_POSITIVE,True,False,False,3
90,IMG_007445,n02-close-to-line-but-inside,2,POSITIVE_OUTSIDE,OUTSIDE_FALLBACK_POSITIVE,True,False,False,3
90,IMG_007450,n02-close-to-line-but-inside,1,POSITIVE_OUTSIDE,OUTSIDE_FALLBACK_POSITIVE,True,False,False,4
90,IMG_007562,p02-cross-single-boundary-line,1,POSITIVE_OUTSIDE,OUTSIDE_FALLBACK_POSITIVE,True,False,False,9
90,IMG_007593,p02-cross-single-boundary-line,1,POSITIVE_OUTSIDE,OUTSIDE_FALLBACK_POSITIVE,True,False,False,2
90,IMG_007626,p04-angled-footprint-outside,1,POSITIVE_OUTSIDE,OUTSIDE_FALLBACK_POSITIVE,True,False,False,7
90,IMG_007637,p04-angled-footprint-outside,1,POSITIVE_OUTSIDE,OUTSIDE_FALLBACK_POSITIVE,True,False,False,1
91,IMG_007350,hn02-faded-lines-but-confirmably-inside,1,POSITIVE_OUTSIDE,OUTSIDE_FALLBACK_POSITIVE,True,False,False,3
91,IMG_007396,hn06-shadows-cracks-curbs-mimic-lines,1,POSITIVE_OUTSIDE,OUTSIDE_FALLBACK_POSITIVE,True,False,False,3
91,IMG_007396,hn06-shadows-cracks-curbs-mimic-lines,2,POSITIVE_OUTSIDE,OUTSIDE_FALLBACK_POSITIVE,True,False,False,2
91,IMG_007413,n01-standard-inside-bay,1,POSITIVE_OUTSIDE,OUTSIDE_FALLBACK_POSITIVE,True,False,False,3
91,IMG_007413,n01-standard-inside-bay,2,POSITIVE_OUTSIDE,OUTSIDE_FALLBACK_POSITIVE,True,False,False,3
91,IMG_007425,n01-standard-inside-bay,1,POSITIVE_OUTSIDE,OUTSIDE_FALLBACK_POSITIVE,True,False,False,5
91,IMG_007445,n02-close-to-line-but-inside,1,POSITIVE_OUTSIDE,OUTSIDE_FALLBACK_POSITIVE,True,False,False,3
91,IMG_007445,n02-close-to-line-but-inside,2,POSITIVE_OUTSIDE,OUTSIDE_FALLBACK_POSITIVE,True,False,False,3
91,IMG_007450,n02-close-to-line-but-inside,1,POSITIVE_OUTSIDE,OUTSIDE_FALLBACK_POSITIVE,True,False,False,4
91,IMG_007562,p02-cross-single-boundary-line,1,POSITIVE_OUTSIDE,OUTSIDE_FALLBACK_POSITIVE,True,False,False,9
91,IMG_007593,p02-cross-single-boundary-line,1,POSITIVE_OUTSIDE,OUTSIDE_FALLBACK_POSITIVE,True,False,False,2
91,IMG_007626,p04-angled-footprint-outside,1,POSITIVE_OUTSIDE,OUTSIDE_FALLBACK_POSITIVE,True,False,False,7
91,IMG_007637,p04-angled-footprint-outside,1,POSITIVE_OUTSIDE,OUTSIDE_FALLBACK_POSITIVE,True,False,False,1
92,IMG_007350,hn02-faded-lines-but-confirmably-inside,1,POSITIVE_OUTSIDE,OUTSIDE_FALLBACK_POSITIVE,True,False,False,3
92,IMG_007396,hn06-shadows-cracks-curbs-mimic-lines,1,POSITIVE_OUTSIDE,OUTSIDE_FALLBACK_POSITIVE,True,False,False,3
92,IMG_007396,hn06-shadows-cracks-curbs-mimic-lines,2,POSITIVE_OUTSIDE,OUTSIDE_FALLBACK_POSITIVE,True,False,False,2
92,IMG_007413,n01-standard-inside-bay,1,POSITIVE_OUTSIDE,OUTSIDE_FALLBACK_POSITIVE,True,False,False,3
92,IMG_007413,n01-standard-inside-bay,2,POSITIVE_OUTSIDE,OUTSIDE_FALLBACK_POSITIVE,True,False,False,3
92,IMG_007425,n01-standard-inside-bay,1,POSITIVE_OUTSIDE,OUTSIDE_FALLBACK_POSITIVE,True,False,False,5
92,IMG_007445,n02-close-to-line-but-inside,1,POSITIVE_OUTSIDE,OUTSIDE_FALLBACK_POSITIVE,True,False,False,3
92,IMG_007445,n02-close-to-line-but-inside,2,POSITIVE_OUTSIDE,OUTSIDE_FALLBACK_POSITIVE,True,False,False,3
92,IMG_007450,n02-close-to-line-but-inside,1,POSITIVE_OUTSIDE,OUTSIDE_FALLBACK_POSITIVE,True,False,False,4
92,IMG_007562,p02-cross-single-boundary-line,1,POSITIVE_OUTSIDE,OUTSIDE_FALLBACK_POSITIVE,True,False,False,9
92,IMG_007593,p02-cross-single-boundary-line,1,POSITIVE_OUTSIDE,OUTSIDE_FALLBACK_POSITIVE,True,False,False,2
92,IMG_007626,p04-angled-footprint-outside,1,POSITIVE_OUTSIDE,OUTSIDE_FALLBACK_POSITIVE,True,False,False,7
92,IMG_007637,p04-angled-footprint-outside,1,POSITIVE_OUTSIDE,OUTSIDE_FALLBACK_POSITIVE,True,False,False,1
93,IMG_007350,hn02-faded-lines-but-confirmably-inside,1,POSITIVE_OUTSIDE,OUTSIDE_FALLBACK_POSITIVE,True,False,False,3
93,IMG_007396,hn06-shadows-cracks-curbs-mimic-lines,1,POSITIVE_OUTSIDE,OUTSIDE_FALLBACK_POSITIVE,True,False,False,3
93,IMG_007396,hn06-shadows-cracks-curbs-mimic-lines,2,POSITIVE_OUTSIDE,OUTSIDE_FALLBACK_POSITIVE,True,False,False,2
93,IMG_007413,n01-standard-inside-bay,1,POSITIVE_OUTSIDE,OUTSIDE_FALLBACK_POSITIVE,True,False,False,3
93,IMG_007413,n01-standard-inside-bay,2,POSITIVE_OUTSIDE,OUTSIDE_FALLBACK_POSITIVE,True,False,False,3
93,IMG_007425,n01-standard-inside-bay,1,POSITIVE_OUTSIDE,OUTSIDE_FALLBACK_POSITIVE,True,False,False,5
93,IMG_007445,n02-close-to-line-but-inside,1,POSITIVE_OUTSIDE,OUTSIDE_FALLBACK_POSITIVE,True,False,False,3
93,IMG_007445,n02-close-to-line-but-inside,2,POSITIVE_OUTSIDE,OUTSIDE_FALLBACK_POSITIVE,True,False,False,3
93,IMG_007450,n02-close-to-line-but-inside,1,POSITIVE_OUTSIDE,OUTSIDE_FALLBACK_POSITIVE,True,False,False,4
93,IMG_007562,p02-cross-single-boundary-line,1,POSITIVE_OUTSIDE,OUTSIDE_FALLBACK_POSITIVE,True,False,False,9
93,IMG_007593,p02-cross-single-boundary-line,1,POSITIVE_OUTSIDE,OUTSIDE_FALLBACK_POSITIVE,True,False,False,2
93,IMG_007626,p04-angled-footprint-outside,1,POSITIVE_OUTSIDE,OUTSIDE_FALLBACK_POSITIVE,True,False,False,7
93,IMG_007637,p04-angled-footprint-outside,1,POSITIVE_OUTSIDE,OUTSIDE_FALLBACK_POSITIVE,True,False,False,1
94,IMG_007350,hn02-faded-lines-but-confirmably-inside,1,POSITIVE_OUTSIDE,OUTSIDE_FALLBACK_POSITIVE,True,False,False,3
94,IMG_007396,hn06-shadows-cracks-curbs-mimic-lines,1,POSITIVE_OUTSIDE,OUTSIDE_FALLBACK_POSITIVE,True,False,False,3
94,IMG_007396,hn06-shadows-cracks-curbs-mimic-lines,2,POSITIVE_OUTSIDE,OUTSIDE_FALLBACK_POSITIVE,True,False,False,2
94,IMG_007413,n01-standard-inside-bay,1,POSITIVE_OUTSIDE,OUTSIDE_FALLBACK_POSITIVE,True,False,False,3
94,IMG_007413,n01-standard-inside-bay,2,POSITIVE_OUTSIDE,OUTSIDE_FALLBACK_POSITIVE,True,False,False,3
94,IMG_007425,n01-standard-inside-bay,1,POSITIVE_OUTSIDE,OUTSIDE_FALLBACK_POSITIVE,True,False,False,5
94,IMG_007445,n02-close-to-line-but-inside,1,POSITIVE_OUTSIDE,OUTSIDE_FALLBACK_POSITIVE,True,False,False,3
94,IMG_007445,n02-close-to-line-but-inside,2,POSITIVE_OUTSIDE,OUTSIDE_FALLBACK_POSITIVE,True,False,False,3
94,IMG_007450,n02-close-to-line-but-inside,1,POSITIVE_OUTSIDE,OUTSIDE_FALLBACK_POSITIVE,True,False,False,4
94,IMG_007562,p02-cross-single-boundary-line,1,POSITIVE_OUTSIDE,OUTSIDE_FALLBACK_POSITIVE,True,False,False,9
94,IMG_007593,p02-cross-single-boundary-line,1,POSITIVE_OUTSIDE,OUTSIDE_FALLBACK_POSITIVE,True,False,False,2
94,IMG_007626,p04-angled-footprint-outside,1,POSITIVE_OUTSIDE,OUTSIDE_FALLBACK_POSITIVE,True,False,False,7
94,IMG_007637,p04-angled-footprint-outside,1,POSITIVE_OUTSIDE,OUTSIDE_FALLBACK_POSITIVE,True,False,False,1
95,IMG_007350,hn02-faded-lines-but-confirmably-inside,1,POSITIVE_OUTSIDE,OUTSIDE_FALLBACK_POSITIVE,True,False,False,3
95,IMG_007396,hn06-shadows-cracks-curbs-mimic-lines,1,POSITIVE_OUTSIDE,OUTSIDE_FALLBACK_POSITIVE,True,False,False,3
95,IMG_007396,hn06-shadows-cracks-curbs-mimic-lines,2,POSITIVE_OUTSIDE,OUTSIDE_FALLBACK_POSITIVE,True,False,False,2
95,IMG_007413,n01-standard-inside-bay,1,POSITIVE_OUTSIDE,OUTSIDE_FALLBACK_POSITIVE,True,False,False,3
95,IMG_007413,n01-standard-inside-bay,2,POSITIVE_OUTSIDE,OUTSIDE_FALLBACK_POSITIVE,True,False,False,3
95,IMG_007425,n01-standard-inside-bay,1,POSITIVE_OUTSIDE,OUTSIDE_FALLBACK_POSITIVE,True,False,False,5
95,IMG_007445,n02-close-to-line-but-inside,1,POSITIVE_OUTSIDE,OUTSIDE_FALLBACK_POSITIVE,True,False,False,3
95,IMG_007445,n02-close-to-line-but-inside,2,POSITIVE_OUTSIDE,OUTSIDE_FALLBACK_POSITIVE,True,False,False,3
95,IMG_007450,n02-close-to-line-but-inside,1,POSITIVE_OUTSIDE,OUTSIDE_FALLBACK_POSITIVE,True,False,False,4
95,IMG_007562,p02-cross-single-boundary-line,1,POSITIVE_OUTSIDE,OUTSIDE_FALLBACK_POSITIVE,True,False,False,9
95,IMG_007593,p02-cross-single-boundary-line,1,POSITIVE_OUTSIDE,OUTSIDE_FALLBACK_POSITIVE,True,False,False,2
95,IMG_007626,p04-angled-footprint-outside,1,POSITIVE_OUTSIDE,OUTSIDE_FALLBACK_POSITIVE,True,False,False,7
95,IMG_007637,p04-angled-footprint-outside,1,POSITIVE_OUTSIDE,OUTSIDE_FALLBACK_POSITIVE,True,False,False,1
96,IMG_007350,hn02-faded-lines-but-confirmably-inside,1,POSITIVE_OUTSIDE,OUTSIDE_FALLBACK_POSITIVE,True,False,False,3
96,IMG_007396,hn06-shadows-cracks-curbs-mimic-lines,1,POSITIVE_OUTSIDE,OUTSIDE_FALLBACK_POSITIVE,True,False,False,3
96,IMG_007396,hn06-shadows-cracks-curbs-mimic-lines,2,POSITIVE_OUTSIDE,OUTSIDE_FALLBACK_POSITIVE,True,False,False,2
96,IMG_007413,n01-standard-inside-bay,1,POSITIVE_OUTSIDE,OUTSIDE_FALLBACK_POSITIVE,True,False,False,3
96,IMG_007413,n01-standard-inside-bay,2,POSITIVE_OUTSIDE,OUTSIDE_FALLBACK_POSITIVE,True,False,False,3
96,IMG_007425,n01-standard-inside-bay,1,POSITIVE_OUTSIDE,OUTSIDE_FALLBACK_POSITIVE,True,False,False,5
96,IMG_007445,n02-close-to-line-but-inside,1,POSITIVE_OUTSIDE,OUTSIDE_FALLBACK_POSITIVE,True,False,False,3
96,IMG_007445,n02-close-to-line-but-inside,2,POSITIVE_OUTSIDE,OUTSIDE_FALLBACK_POSITIVE,True,False,False,3
96,IMG_007450,n02-close-to-line-but-inside,1,POSITIVE_OUTSIDE,OUTSIDE_FALLBACK_POSITIVE,True,False,False,4
96,IMG_007562,p02-cross-single-boundary-line,1,POSITIVE_OUTSIDE,OUTSIDE_FALLBACK_POSITIVE,True,False,False,9
96,IMG_007593,p02-cross-single-boundary-line,1,POSITIVE_OUTSIDE,OUTSIDE_FALLBACK_POSITIVE,True,False,False,2
96,IMG_007626,p04-angled-footprint-outside,1,POSITIVE_OUTSIDE,OUTSIDE_FALLBACK_POSITIVE,True,False,False,7
96,IMG_007637,p04-angled-footprint-outside,1,POSITIVE_OUTSIDE,OUTSIDE_FALLBACK_POSITIVE,True,False,False,1
97,IMG_007350,hn02-faded-lines-but-confirmably-inside,1,POSITIVE_OUTSIDE,OUTSIDE_FALLBACK_POSITIVE,True,False,False,3
97,IMG_007396,hn06-shadows-cracks-curbs-mimic-lines,1,POSITIVE_OUTSIDE,OUTSIDE_FALLBACK_POSITIVE,True,False,False,3
97,IMG_007396,hn06-shadows-cracks-curbs-mimic-lines,2,POSITIVE_OUTSIDE,OUTSIDE_FALLBACK_POSITIVE,True,False,False,2
97,IMG_007413,n01-standard-inside-bay,1,POSITIVE_OUTSIDE,OUTSIDE_FALLBACK_POSITIVE,True,False,False,3
97,IMG_007413,n01-standard-inside-bay,2,POSITIVE_OUTSIDE,OUTSIDE_FALLBACK_POSITIVE,True,False,False,3
97,IMG_007425,n01-standard-inside-bay,1,POSITIVE_OUTSIDE,OUTSIDE_FALLBACK_POSITIVE,True,False,False,5
97,IMG_007445,n02-close-to-line-but-inside,1,POSITIVE_OUTSIDE,OUTSIDE_FALLBACK_POSITIVE,True,False,False,3
97,IMG_007445,n02-close-to-line-but-inside,2,POSITIVE_OUTSIDE,OUTSIDE_FALLBACK_POSITIVE,True,False,False,3
97,IMG_007450,n02-close-to-line-but-inside,1,POSITIVE_OUTSIDE,OUTSIDE_FALLBACK_POSITIVE,True,False,False,4
97,IMG_007562,p02-cross-single-boundary-line,1,POSITIVE_OUTSIDE,OUTSIDE_FALLBACK_POSITIVE,True,False,False,9
97,IMG_007593,p02-cross-single-boundary-line,1,POSITIVE_OUTSIDE,OUTSIDE_FALLBACK_POSITIVE,True,False,False,2
97,IMG_007626,p04-angled-footprint-outside,1,POSITIVE_OUTSIDE,OUTSIDE_FALLBACK_POSITIVE,True,False,False,7
97,IMG_007637,p04-angled-footprint-outside,1,POSITIVE_OUTSIDE,OUTSIDE_FALLBACK_POSITIVE,True,False,False,1
98,IMG_007350,hn02-faded-lines-but-confirmably-inside,1,POSITIVE_OUTSIDE,OUTSIDE_FALLBACK_POSITIVE,True,False,False,3
98,IMG_007396,hn06-shadows-cracks-curbs-mimic-lines,1,POSITIVE_OUTSIDE,OUTSIDE_FALLBACK_POSITIVE,True,False,False,3
98,IMG_007396,hn06-shadows-cracks-curbs-mimic-lines,2,POSITIVE_OUTSIDE,OUTSIDE_FALLBACK_POSITIVE,True,False,False,2
98,IMG_007413,n01-standard-inside-bay,1,POSITIVE_OUTSIDE,OUTSIDE_FALLBACK_POSITIVE,True,False,False,3
98,IMG_007413,n01-standard-inside-bay,2,POSITIVE_OUTSIDE,OUTSIDE_FALLBACK_POSITIVE,True,False,False,3
98,IMG_007425,n01-standard-inside-bay,1,POSITIVE_OUTSIDE,OUTSIDE_FALLBACK_POSITIVE,True,False,False,5
98,IMG_007445,n02-close-to-line-but-inside,1,POSITIVE_OUTSIDE,OUTSIDE_FALLBACK_POSITIVE,True,False,False,3
98,IMG_007445,n02-close-to-line-but-inside,2,POSITIVE_OUTSIDE,OUTSIDE_FALLBACK_POSITIVE,True,False,False,3
98,IMG_007450,n02-close-to-line-but-inside,1,POSITIVE_OUTSIDE,OUTSIDE_FALLBACK_POSITIVE,True,False,False,4
98,IMG_007562,p02-cross-single-boundary-line,1,POSITIVE_OUTSIDE,OUTSIDE_FALLBACK_POSITIVE,True,False,False,9
98,IMG_007593,p02-cross-single-boundary-line,1,POSITIVE_OUTSIDE,OUTSIDE_FALLBACK_POSITIVE,True,False,False,2
98,IMG_007626,p04-angled-footprint-outside,1,POSITIVE_OUTSIDE,OUTSIDE_FALLBACK_POSITIVE,True,False,False,7
98,IMG_007637,p04-angled-footprint-outside,1,POSITIVE_OUTSIDE,OUTSIDE_FALLBACK_POSITIVE,True,False,False,1
99,IMG_007350,hn02-faded-lines-but-confirmably-inside,1,POSITIVE_OUTSIDE,OUTSIDE_FALLBACK_POSITIVE,True,False,False,3
99,IMG_007396,hn06-shadows-cracks-curbs-mimic-lines,1,POSITIVE_OUTSIDE,OUTSIDE_FALLBACK_POSITIVE,True,False,False,3
99,IMG_007396,hn06-shadows-cracks-curbs-mimic-lines,2,POSITIVE_OUTSIDE,OUTSIDE_FALLBACK_POSITIVE,True,False,False,2
99,IMG_007413,n01-standard-inside-bay,1,POSITIVE_OUTSIDE,OUTSIDE_FALLBACK_POSITIVE,True,False,False,3
99,IMG_007413,n01-standard-inside-bay,2,POSITIVE_OUTSIDE,OUTSIDE_FALLBACK_POSITIVE,True,False,False,3
99,IMG_007425,n01-standard-inside-bay,1,POSITIVE_OUTSIDE,OUTSIDE_FALLBACK_POSITIVE,True,False,False,5
99,IMG_007445,n02-close-to-line-but-inside,1,POSITIVE_OUTSIDE,OUTSIDE_FALLBACK_POSITIVE,True,False,False,3
99,IMG_007445,n02-close-to-line-but-inside,2,POSITIVE_OUTSIDE,OUTSIDE_FALLBACK_POSITIVE,True,False,False,3
99,IMG_007450,n02-close-to-line-but-inside,1,POSITIVE_OUTSIDE,OUTSIDE_FALLBACK_POSITIVE,True,False,False,4
99,IMG_007562,p02-cross-single-boundary-line,1,POSITIVE_OUTSIDE,OUTSIDE_FALLBACK_POSITIVE,True,False,False,9
99,IMG_007593,p02-cross-single-boundary-line,1,POSITIVE_OUTSIDE,OUTSIDE_FALLBACK_POSITIVE,True,False,False,2
99,IMG_007626,p04-angled-footprint-outside,1,POSITIVE_OUTSIDE,OUTSIDE_FALLBACK_POSITIVE,True,False,False,7
99,IMG_007637,p04-angled-footprint-outside,1,POSITIVE_OUTSIDE,OUTSIDE_FALLBACK_POSITIVE,True,False,False,1
100,IMG_007350,hn02-faded-lines-but-confirmably-inside,1,POSITIVE_OUTSIDE,OUTSIDE_FALLBACK_POSITIVE,True,False,False,3
100,IMG_007396,hn06-shadows-cracks-curbs-mimic-lines,1,POSITIVE_OUTSIDE,OUTSIDE_FALLBACK_POSITIVE,True,False,False,3
100,IMG_007396,hn06-shadows-cracks-curbs-mimic-lines,2,POSITIVE_OUTSIDE,OUTSIDE_FALLBACK_POSITIVE,True,False,False,2
100,IMG_007413,n01-standard-inside-bay,1,POSITIVE_OUTSIDE,OUTSIDE_FALLBACK_POSITIVE,True,False,False,3
100,IMG_007413,n01-standard-inside-bay,2,POSITIVE_OUTSIDE,OUTSIDE_FALLBACK_POSITIVE,True,False,False,3
100,IMG_007425,n01-standard-inside-bay,1,POSITIVE_OUTSIDE,OUTSIDE_FALLBACK_POSITIVE,True,False,False,5
100,IMG_007445,n02-close-to-line-but-inside,1,POSITIVE_OUTSIDE,OUTSIDE_FALLBACK_POSITIVE,True,False,False,3
100,IMG_007445,n02-close-to-line-but-inside,2,POSITIVE_OUTSIDE,OUTSIDE_FALLBACK_POSITIVE,True,False,False,3
100,IMG_007450,n02-close-to-line-but-inside,1,POSITIVE_OUTSIDE,OUTSIDE_FALLBACK_POSITIVE,True,False,False,4
100,IMG_007562,p02-cross-single-boundary-line,1,POSITIVE_OUTSIDE,OUTSIDE_FALLBACK_POSITIVE,True,False,False,9
100,IMG_007593,p02-cross-single-boundary-line,1,POSITIVE_OUTSIDE,OUTSIDE_FALLBACK_POSITIVE,True,False,False,2
100,IMG_007626,p04-angled-footprint-outside,1,POSITIVE_OUTSIDE,OUTSIDE_FALLBACK_POSITIVE,True,False,False,7
100,IMG_007637,p04-angled-footprint-outside,1,POSITIVE_OUTSIDE,OUTSIDE_FALLBACK_POSITIVE,True,False,False,1
101,IMG_007350,hn02-faded-lines-but-confirmably-inside,1,POSITIVE_OUTSIDE,OUTSIDE_FALLBACK_POSITIVE,True,False,False,3
101,IMG_007396,hn06-shadows-cracks-curbs-mimic-lines,1,POSITIVE_OUTSIDE,OUTSIDE_FALLBACK_POSITIVE,True,False,False,3
101,IMG_007396,hn06-shadows-cracks-curbs-mimic-lines,2,POSITIVE_OUTSIDE,OUTSIDE_FALLBACK_POSITIVE,True,False,False,2
101,IMG_007413,n01-standard-inside-bay,1,POSITIVE_OUTSIDE,OUTSIDE_FALLBACK_POSITIVE,True,False,False,3
101,IMG_007413,n01-standard-inside-bay,2,POSITIVE_OUTSIDE,OUTSIDE_FALLBACK_POSITIVE,True,False,False,3
101,IMG_007425,n01-standard-inside-bay,1,POSITIVE_OUTSIDE,OUTSIDE_FALLBACK_POSITIVE,True,False,False,5
101,IMG_007445,n02-close-to-line-but-inside,1,POSITIVE_OUTSIDE,OUTSIDE_FALLBACK_POSITIVE,True,False,False,3
101,IMG_007445,n02-close-to-line-but-inside,2,POSITIVE_OUTSIDE,OUTSIDE_FALLBACK_POSITIVE,True,False,False,3
101,IMG_007450,n02-close-to-line-but-inside,1,POSITIVE_OUTSIDE,OUTSIDE_FALLBACK_POSITIVE,True,False,False,4
101,IMG_007562,p02-cross-single-boundary-line,1,POSITIVE_OUTSIDE,OUTSIDE_FALLBACK_POSITIVE,True,False,False,9
101,IMG_007593,p02-cross-single-boundary-line,1,POSITIVE_OUTSIDE,OUTSIDE_FALLBACK_POSITIVE,True,False,False,2
101,IMG_007626,p04-angled-footprint-outside,1,POSITIVE_OUTSIDE,OUTSIDE_FALLBACK_POSITIVE,True,False,False,7
101,IMG_007637,p04-angled-footprint-outside,1,POSITIVE_OUTSIDE,OUTSIDE_FALLBACK_POSITIVE,True,False,False,1
102,IMG_007350,hn02-faded-lines-but-confirmably-inside,1,POSITIVE_OUTSIDE,OUTSIDE_FALLBACK_POSITIVE,True,False,False,3
102,IMG_007396,hn06-shadows-cracks-curbs-mimic-lines,1,POSITIVE_OUTSIDE,OUTSIDE_FALLBACK_POSITIVE,True,False,False,3
102,IMG_007396,hn06-shadows-cracks-curbs-mimic-lines,2,POSITIVE_OUTSIDE,OUTSIDE_FALLBACK_POSITIVE,True,False,False,2
102,IMG_007413,n01-standard-inside-bay,1,POSITIVE_OUTSIDE,OUTSIDE_FALLBACK_POSITIVE,True,False,False,3
102,IMG_007413,n01-standard-inside-bay,2,POSITIVE_OUTSIDE,OUTSIDE_FALLBACK_POSITIVE,True,False,False,3
102,IMG_007425,n01-standard-inside-bay,1,POSITIVE_OUTSIDE,OUTSIDE_FALLBACK_POSITIVE,True,False,False,5
102,IMG_007445,n02-close-to-line-but-inside,1,POSITIVE_OUTSIDE,OUTSIDE_FALLBACK_POSITIVE,True,False,False,3
102,IMG_007445,n02-close-to-line-but-inside,2,POSITIVE_OUTSIDE,OUTSIDE_FALLBACK_POSITIVE,True,False,False,3
102,IMG_007450,n02-close-to-line-but-inside,1,POSITIVE_OUTSIDE,OUTSIDE_FALLBACK_POSITIVE,True,False,False,4
102,IMG_007562,p02-cross-single-boundary-line,1,POSITIVE_OUTSIDE,OUTSIDE_FALLBACK_POSITIVE,True,False,False,9
102,IMG_007593,p02-cross-single-boundary-line,1,POSITIVE_OUTSIDE,OUTSIDE_FALLBACK_POSITIVE,True,False,False,2
102,IMG_007626,p04-angled-footprint-outside,1,POSITIVE_OUTSIDE,OUTSIDE_FALLBACK_POSITIVE,True,False,False,7
102,IMG_007637,p04-angled-footprint-outside,1,POSITIVE_OUTSIDE,OUTSIDE_FALLBACK_POSITIVE,True,False,False,1
103,IMG_007350,hn02-faded-lines-but-confirmably-inside,1,POSITIVE_OUTSIDE,OUTSIDE_FALLBACK_POSITIVE,True,False,False,3
103,IMG_007396,hn06-shadows-cracks-curbs-mimic-lines,1,POSITIVE_OUTSIDE,OUTSIDE_FALLBACK_POSITIVE,True,False,False,3
103,IMG_007396,hn06-shadows-cracks-curbs-mimic-lines,2,POSITIVE_OUTSIDE,OUTSIDE_FALLBACK_POSITIVE,True,False,False,2
103,IMG_007413,n01-standard-inside-bay,1,POSITIVE_OUTSIDE,OUTSIDE_FALLBACK_POSITIVE,True,False,False,3
103,IMG_007413,n01-standard-inside-bay,2,POSITIVE_OUTSIDE,OUTSIDE_FALLBACK_POSITIVE,True,False,False,3
103,IMG_007425,n01-standard-inside-bay,1,POSITIVE_OUTSIDE,OUTSIDE_FALLBACK_POSITIVE,True,False,False,5
103,IMG_007445,n02-close-to-line-but-inside,1,POSITIVE_OUTSIDE,OUTSIDE_FALLBACK_POSITIVE,True,False,False,3
103,IMG_007445,n02-close-to-line-but-inside,2,POSITIVE_OUTSIDE,OUTSIDE_FALLBACK_POSITIVE,True,False,False,3
103,IMG_007450,n02-close-to-line-but-inside,1,POSITIVE_OUTSIDE,OUTSIDE_FALLBACK_POSITIVE,True,False,False,4
103,IMG_007562,p02-cross-single-boundary-line,1,POSITIVE_OUTSIDE,OUTSIDE_FALLBACK_POSITIVE,True,False,False,9
103,IMG_007593,p02-cross-single-boundary-line,1,POSITIVE_OUTSIDE,OUTSIDE_FALLBACK_POSITIVE,True,False,False,2
103,IMG_007626,p04-angled-footprint-outside,1,POSITIVE_OUTSIDE,OUTSIDE_FALLBACK_POSITIVE,True,False,False,7
103,IMG_007637,p04-angled-footprint-outside,1,POSITIVE_OUTSIDE,OUTSIDE_FALLBACK_POSITIVE,True,False,False,1
104,IMG_007350,hn02-faded-lines-but-confirmably-inside,1,POSITIVE_OUTSIDE,OUTSIDE_FALLBACK_POSITIVE,True,False,False,3
104,IMG_007396,hn06-shadows-cracks-curbs-mimic-lines,1,POSITIVE_OUTSIDE,OUTSIDE_FALLBACK_POSITIVE,True,False,False,3
104,IMG_007396,hn06-shadows-cracks-curbs-mimic-lines,2,POSITIVE_OUTSIDE,OUTSIDE_FALLBACK_POSITIVE,True,False,False,2
104,IMG_007413,n01-standard-inside-bay,1,POSITIVE_OUTSIDE,OUTSIDE_FALLBACK_POSITIVE,True,False,False,3
104,IMG_007413,n01-standard-inside-bay,2,POSITIVE_OUTSIDE,OUTSIDE_FALLBACK_POSITIVE,True,False,False,3
104,IMG_007425,n01-standard-inside-bay,1,POSITIVE_OUTSIDE,OUTSIDE_FALLBACK_POSITIVE,True,False,False,5
104,IMG_007445,n02-close-to-line-but-inside,1,POSITIVE_OUTSIDE,OUTSIDE_FALLBACK_POSITIVE,True,False,False,3
104,IMG_007445,n02-close-to-line-but-inside,2,POSITIVE_OUTSIDE,OUTSIDE_FALLBACK_POSITIVE,True,False,False,3
104,IMG_007450,n02-close-to-line-but-inside,1,POSITIVE_OUTSIDE,OUTSIDE_FALLBACK_POSITIVE,True,False,False,4
104,IMG_007562,p02-cross-single-boundary-line,1,POSITIVE_OUTSIDE,OUTSIDE_FALLBACK_POSITIVE,True,False,False,9
104,IMG_007593,p02-cross-single-boundary-line,1,POSITIVE_OUTSIDE,OUTSIDE_FALLBACK_POSITIVE,True,False,False,2
104,IMG_007626,p04-angled-footprint-outside,1,POSITIVE_OUTSIDE,OUTSIDE_FALLBACK_POSITIVE,True,False,False,7
104,IMG_007637,p04-angled-footprint-outside,1,POSITIVE_OUTSIDE,OUTSIDE_FALLBACK_POSITIVE,True,False,False,1
105,IMG_007350,hn02-faded-lines-but-confirmably-inside,1,POSITIVE_OUTSIDE,OUTSIDE_FALLBACK_POSITIVE,True,False,False,3
105,IMG_007396,hn06-shadows-cracks-curbs-mimic-lines,1,POSITIVE_OUTSIDE,OUTSIDE_FALLBACK_POSITIVE,True,False,False,3
105,IMG_007396,hn06-shadows-cracks-curbs-mimic-lines,2,POSITIVE_OUTSIDE,OUTSIDE_FALLBACK_POSITIVE,True,False,False,2
105,IMG_007413,n01-standard-inside-bay,1,POSITIVE_OUTSIDE,OUTSIDE_FALLBACK_POSITIVE,True,False,False,3
105,IMG_007413,n01-standard-inside-bay,2,POSITIVE_OUTSIDE,OUTSIDE_FALLBACK_POSITIVE,True,False,False,3
105,IMG_007425,n01-standard-inside-bay,1,POSITIVE_OUTSIDE,OUTSIDE_FALLBACK_POSITIVE,True,False,False,5
105,IMG_007445,n02-close-to-line-but-inside,1,POSITIVE_OUTSIDE,OUTSIDE_FALLBACK_POSITIVE,True,False,False,3
105,IMG_007445,n02-close-to-line-but-inside,2,POSITIVE_OUTSIDE,OUTSIDE_FALLBACK_POSITIVE,True,False,False,3
105,IMG_007450,n02-close-to-line-but-inside,1,POSITIVE_OUTSIDE,OUTSIDE_FALLBACK_POSITIVE,True,False,False,4
105,IMG_007562,p02-cross-single-boundary-line,1,POSITIVE_OUTSIDE,OUTSIDE_FALLBACK_POSITIVE,True,False,False,9
105,IMG_007593,p02-cross-single-boundary-line,1,POSITIVE_OUTSIDE,OUTSIDE_FALLBACK_POSITIVE,True,False,False,2
105,IMG_007626,p04-angled-footprint-outside,1,POSITIVE_OUTSIDE,OUTSIDE_FALLBACK_POSITIVE,True,False,False,7
105,IMG_007637,p04-angled-footprint-outside,1,POSITIVE_OUTSIDE,OUTSIDE_FALLBACK_POSITIVE,True,False,False,1
106,IMG_007350,hn02-faded-lines-but-confirmably-inside,1,POSITIVE_OUTSIDE,OUTSIDE_FALLBACK_POSITIVE,True,False,False,3
106,IMG_007396,hn06-shadows-cracks-curbs-mimic-lines,1,POSITIVE_OUTSIDE,OUTSIDE_FALLBACK_POSITIVE,True,False,False,3
106,IMG_007396,hn06-shadows-cracks-curbs-mimic-lines,2,POSITIVE_OUTSIDE,OUTSIDE_FALLBACK_POSITIVE,True,False,False,2
106,IMG_007413,n01-standard-inside-bay,1,POSITIVE_OUTSIDE,OUTSIDE_FALLBACK_POSITIVE,True,False,False,3
106,IMG_007413,n01-standard-inside-bay,2,POSITIVE_OUTSIDE,OUTSIDE_FALLBACK_POSITIVE,True,False,False,3
106,IMG_007425,n01-standard-inside-bay,1,POSITIVE_OUTSIDE,OUTSIDE_FALLBACK_POSITIVE,True,False,False,5
106,IMG_007445,n02-close-to-line-but-inside,1,POSITIVE_OUTSIDE,OUTSIDE_FALLBACK_POSITIVE,True,False,False,3
106,IMG_007445,n02-close-to-line-but-inside,2,POSITIVE_OUTSIDE,OUTSIDE_FALLBACK_POSITIVE,True,False,False,3
106,IMG_007450,n02-close-to-line-but-inside,1,POSITIVE_OUTSIDE,OUTSIDE_FALLBACK_POSITIVE,True,False,False,4
106,IMG_007562,p02-cross-single-boundary-line,1,POSITIVE_OUTSIDE,OUTSIDE_FALLBACK_POSITIVE,True,False,False,9
106,IMG_007593,p02-cross-single-boundary-line,1,POSITIVE_OUTSIDE,OUTSIDE_FALLBACK_POSITIVE,True,False,False,2
106,IMG_007626,p04-angled-footprint-outside,1,POSITIVE_OUTSIDE,OUTSIDE_FALLBACK_POSITIVE,True,False,False,7
106,IMG_007637,p04-angled-footprint-outside,1,POSITIVE_OUTSIDE,OUTSIDE_FALLBACK_POSITIVE,True,False,False,1
107,IMG_007350,hn02-faded-lines-but-confirmably-inside,1,POSITIVE_OUTSIDE,OUTSIDE_FALLBACK_POSITIVE,True,False,False,3
107,IMG_007396,hn06-shadows-cracks-curbs-mimic-lines,1,POSITIVE_OUTSIDE,OUTSIDE_FALLBACK_POSITIVE,True,False,False,3
107,IMG_007396,hn06-shadows-cracks-curbs-mimic-lines,2,POSITIVE_OUTSIDE,OUTSIDE_FALLBACK_POSITIVE,True,False,False,2
107,IMG_007413,n01-standard-inside-bay,1,POSITIVE_OUTSIDE,OUTSIDE_FALLBACK_POSITIVE,True,False,False,3
107,IMG_007413,n01-standard-inside-bay,2,POSITIVE_OUTSIDE,OUTSIDE_FALLBACK_POSITIVE,True,False,False,3
107,IMG_007425,n01-standard-inside-bay,1,POSITIVE_OUTSIDE,OUTSIDE_FALLBACK_POSITIVE,True,False,False,5
107,IMG_007445,n02-close-to-line-but-inside,1,POSITIVE_OUTSIDE,OUTSIDE_FALLBACK_POSITIVE,True,False,False,3
107,IMG_007445,n02-close-to-line-but-inside,2,POSITIVE_OUTSIDE,OUTSIDE_FALLBACK_POSITIVE,True,False,False,3
107,IMG_007450,n02-close-to-line-but-inside,1,POSITIVE_OUTSIDE,OUTSIDE_FALLBACK_POSITIVE,True,False,False,4
107,IMG_007562,p02-cross-single-boundary-line,1,POSITIVE_OUTSIDE,OUTSIDE_FALLBACK_POSITIVE,True,False,False,9
107,IMG_007593,p02-cross-single-boundary-line,1,POSITIVE_OUTSIDE,OUTSIDE_FALLBACK_POSITIVE,True,False,False,2
107,IMG_007626,p04-angled-footprint-outside,1,POSITIVE_OUTSIDE,OUTSIDE_FALLBACK_POSITIVE,True,False,False,7
107,IMG_007637,p04-angled-footprint-outside,1,POSITIVE_OUTSIDE,OUTSIDE_FALLBACK_POSITIVE,True,False,False,1
108,IMG_007350,hn02-faded-lines-but-confirmably-inside,1,POSITIVE_OUTSIDE,OUTSIDE_FALLBACK_POSITIVE,True,False,False,3
108,IMG_007396,hn06-shadows-cracks-curbs-mimic-lines,1,POSITIVE_OUTSIDE,OUTSIDE_FALLBACK_POSITIVE,True,False,False,3
108,IMG_007396,hn06-shadows-cracks-curbs-mimic-lines,2,POSITIVE_OUTSIDE,OUTSIDE_FALLBACK_POSITIVE,True,False,False,2
108,IMG_007413,n01-standard-inside-bay,1,POSITIVE_OUTSIDE,OUTSIDE_FALLBACK_POSITIVE,True,False,False,3
108,IMG_007413,n01-standard-inside-bay,2,POSITIVE_OUTSIDE,OUTSIDE_FALLBACK_POSITIVE,True,False,False,3
108,IMG_007425,n01-standard-inside-bay,1,POSITIVE_OUTSIDE,OUTSIDE_FALLBACK_POSITIVE,True,False,False,5
108,IMG_007445,n02-close-to-line-but-inside,1,POSITIVE_OUTSIDE,OUTSIDE_FALLBACK_POSITIVE,True,False,False,3
108,IMG_007445,n02-close-to-line-but-inside,2,POSITIVE_OUTSIDE,OUTSIDE_FALLBACK_POSITIVE,True,False,False,3
108,IMG_007450,n02-close-to-line-but-inside,1,POSITIVE_OUTSIDE,OUTSIDE_FALLBACK_POSITIVE,True,False,False,4
108,IMG_007562,p02-cross-single-boundary-line,1,POSITIVE_OUTSIDE,OUTSIDE_FALLBACK_POSITIVE,True,False,False,9
108,IMG_007593,p02-cross-single-boundary-line,1,POSITIVE_OUTSIDE,OUTSIDE_FALLBACK_POSITIVE,True,False,False,2
108,IMG_007626,p04-angled-footprint-outside,1,POSITIVE_OUTSIDE,OUTSIDE_FALLBACK_POSITIVE,True,False,False,7
108,IMG_007637,p04-angled-footprint-outside,1,POSITIVE_OUTSIDE,OUTSIDE_FALLBACK_POSITIVE,True,False,False,1
109,IMG_007350,hn02-faded-lines-but-confirmably-inside,1,POSITIVE_OUTSIDE,OUTSIDE_FALLBACK_POSITIVE,True,False,False,3
109,IMG_007396,hn06-shadows-cracks-curbs-mimic-lines,1,POSITIVE_OUTSIDE,OUTSIDE_FALLBACK_POSITIVE,True,False,False,3
109,IMG_007396,hn06-shadows-cracks-curbs-mimic-lines,2,POSITIVE_OUTSIDE,OUTSIDE_FALLBACK_POSITIVE,True,False,False,2
109,IMG_007413,n01-standard-inside-bay,1,POSITIVE_OUTSIDE,OUTSIDE_FALLBACK_POSITIVE,True,False,False,3
109,IMG_007413,n01-standard-inside-bay,2,POSITIVE_OUTSIDE,OUTSIDE_FALLBACK_POSITIVE,True,False,False,3
109,IMG_007425,n01-standard-inside-bay,1,POSITIVE_OUTSIDE,OUTSIDE_FALLBACK_POSITIVE,True,False,False,5
109,IMG_007445,n02-close-to-line-but-inside,1,POSITIVE_OUTSIDE,OUTSIDE_FALLBACK_POSITIVE,True,False,False,3
109,IMG_007445,n02-close-to-line-but-inside,2,POSITIVE_OUTSIDE,OUTSIDE_FALLBACK_POSITIVE,True,False,False,3
109,IMG_007450,n02-close-to-line-but-inside,1,POSITIVE_OUTSIDE,OUTSIDE_FALLBACK_POSITIVE,True,False,False,4
109,IMG_007562,p02-cross-single-boundary-line,1,POSITIVE_OUTSIDE,OUTSIDE_FALLBACK_POSITIVE,True,False,False,9
109,IMG_007593,p02-cross-single-boundary-line,1,POSITIVE_OUTSIDE,OUTSIDE_FALLBACK_POSITIVE,True,False,False,2
109,IMG_007626,p04-angled-footprint-outside,1,POSITIVE_OUTSIDE,OUTSIDE_FALLBACK_POSITIVE,True,False,False,7
109,IMG_007637,p04-angled-footprint-outside,1,POSITIVE_OUTSIDE,OUTSIDE_FALLBACK_POSITIVE,True,False,False,1
110,IMG_007350,hn02-faded-lines-but-confirmably-inside,1,POSITIVE_OUTSIDE,OUTSIDE_FALLBACK_POSITIVE,True,False,False,3
110,IMG_007396,hn06-shadows-cracks-curbs-mimic-lines,1,POSITIVE_OUTSIDE,OUTSIDE_FALLBACK_POSITIVE,True,False,False,3
110,IMG_007396,hn06-shadows-cracks-curbs-mimic-lines,2,POSITIVE_OUTSIDE,OUTSIDE_FALLBACK_POSITIVE,True,False,False,2
110,IMG_007413,n01-standard-inside-bay,1,POSITIVE_OUTSIDE,OUTSIDE_FALLBACK_POSITIVE,True,False,False,3
110,IMG_007413,n01-standard-inside-bay,2,POSITIVE_OUTSIDE,OUTSIDE_FALLBACK_POSITIVE,True,False,False,3
110,IMG_007425,n01-standard-inside-bay,1,POSITIVE_OUTSIDE,OUTSIDE_FALLBACK_POSITIVE,True,False,False,5
110,IMG_007445,n02-close-to-line-but-inside,1,POSITIVE_OUTSIDE,OUTSIDE_FALLBACK_POSITIVE,True,False,False,3
110,IMG_007445,n02-close-to-line-but-inside,2,POSITIVE_OUTSIDE,OUTSIDE_FALLBACK_POSITIVE,True,False,False,3
110,IMG_007450,n02-close-to-line-but-inside,1,POSITIVE_OUTSIDE,OUTSIDE_FALLBACK_POSITIVE,True,False,False,4
110,IMG_007562,p02-cross-single-boundary-line,1,POSITIVE_OUTSIDE,OUTSIDE_FALLBACK_POSITIVE,True,False,False,9
110,IMG_007593,p02-cross-single-boundary-line,1,POSITIVE_OUTSIDE,OUTSIDE_FALLBACK_POSITIVE,True,False,False,2
110,IMG_007626,p04-angled-footprint-outside,1,POSITIVE_OUTSIDE,OUTSIDE_FALLBACK_POSITIVE,True,False,False,7
110,IMG_007637,p04-angled-footprint-outside,1,POSITIVE_OUTSIDE,OUTSIDE_FALLBACK_POSITIVE,True,False,False,1
111,IMG_007350,hn02-faded-lines-but-confirmably-inside,1,POSITIVE_OUTSIDE,OUTSIDE_FALLBACK_POSITIVE,True,False,False,3
111,IMG_007396,hn06-shadows-cracks-curbs-mimic-lines,1,POSITIVE_OUTSIDE,OUTSIDE_FALLBACK_POSITIVE,True,False,False,3
111,IMG_007396,hn06-shadows-cracks-curbs-mimic-lines,2,POSITIVE_OUTSIDE,OUTSIDE_FALLBACK_POSITIVE,True,False,False,2
111,IMG_007413,n01-standard-inside-bay,1,POSITIVE_OUTSIDE,OUTSIDE_FALLBACK_POSITIVE,True,False,False,3
111,IMG_007413,n01-standard-inside-bay,2,POSITIVE_OUTSIDE,OUTSIDE_FALLBACK_POSITIVE,True,False,False,3
111,IMG_007425,n01-standard-inside-bay,1,POSITIVE_OUTSIDE,OUTSIDE_FALLBACK_POSITIVE,True,False,False,5
111,IMG_007445,n02-close-to-line-but-inside,1,POSITIVE_OUTSIDE,OUTSIDE_FALLBACK_POSITIVE,True,False,False,3
111,IMG_007445,n02-close-to-line-but-inside,2,POSITIVE_OUTSIDE,OUTSIDE_FALLBACK_POSITIVE,True,False,False,3
111,IMG_007450,n02-close-to-line-but-inside,1,POSITIVE_OUTSIDE,OUTSIDE_FALLBACK_POSITIVE,True,False,False,4
111,IMG_007562,p02-cross-single-boundary-line,1,POSITIVE_OUTSIDE,OUTSIDE_FALLBACK_POSITIVE,True,False,False,9
111,IMG_007593,p02-cross-single-boundary-line,1,POSITIVE_OUTSIDE,OUTSIDE_FALLBACK_POSITIVE,True,False,False,2
111,IMG_007626,p04-angled-footprint-outside,1,POSITIVE_OUTSIDE,OUTSIDE_FALLBACK_POSITIVE,True,False,False,7
111,IMG_007637,p04-angled-footprint-outside,1,POSITIVE_OUTSIDE,OUTSIDE_FALLBACK_POSITIVE,True,False,False,1
112,IMG_007350,hn02-faded-lines-but-confirmably-inside,1,POSITIVE_OUTSIDE,OUTSIDE_FALLBACK_POSITIVE,True,False,False,3
112,IMG_007396,hn06-shadows-cracks-curbs-mimic-lines,1,POSITIVE_OUTSIDE,OUTSIDE_FALLBACK_POSITIVE,True,False,False,3
112,IMG_007396,hn06-shadows-cracks-curbs-mimic-lines,2,POSITIVE_OUTSIDE,OUTSIDE_FALLBACK_POSITIVE,True,False,False,2
112,IMG_007413,n01-standard-inside-bay,1,POSITIVE_OUTSIDE,OUTSIDE_FALLBACK_POSITIVE,True,False,False,3
112,IMG_007413,n01-standard-inside-bay,2,POSITIVE_OUTSIDE,OUTSIDE_FALLBACK_POSITIVE,True,False,False,3
112,IMG_007425,n01-standard-inside-bay,1,POSITIVE_OUTSIDE,OUTSIDE_FALLBACK_POSITIVE,True,False,False,5
112,IMG_007445,n02-close-to-line-but-inside,1,POSITIVE_OUTSIDE,OUTSIDE_FALLBACK_POSITIVE,True,False,False,3
112,IMG_007445,n02-close-to-line-but-inside,2,POSITIVE_OUTSIDE,OUTSIDE_FALLBACK_POSITIVE,True,False,False,3
112,IMG_007450,n02-close-to-line-but-inside,1,POSITIVE_OUTSIDE,OUTSIDE_FALLBACK_POSITIVE,True,False,False,4
112,IMG_007562,p02-cross-single-boundary-line,1,POSITIVE_OUTSIDE,OUTSIDE_FALLBACK_POSITIVE,True,False,False,9
112,IMG_007593,p02-cross-single-boundary-line,1,POSITIVE_OUTSIDE,OUTSIDE_FALLBACK_POSITIVE,True,False,False,2
112,IMG_007626,p04-angled-footprint-outside,1,POSITIVE_OUTSIDE,OUTSIDE_FALLBACK_POSITIVE,True,False,False,7
112,IMG_007637,p04-angled-footprint-outside,1,POSITIVE_OUTSIDE,OUTSIDE_FALLBACK_POSITIVE,True,False,False,1
113,IMG_007350,hn02-faded-lines-but-confirmably-inside,1,POSITIVE_OUTSIDE,OUTSIDE_FALLBACK_POSITIVE,True,False,False,3
113,IMG_007396,hn06-shadows-cracks-curbs-mimic-lines,1,POSITIVE_OUTSIDE,OUTSIDE_FALLBACK_POSITIVE,True,False,False,3
113,IMG_007396,hn06-shadows-cracks-curbs-mimic-lines,2,POSITIVE_OUTSIDE,OUTSIDE_FALLBACK_POSITIVE,True,False,False,2
113,IMG_007413,n01-standard-inside-bay,1,POSITIVE_OUTSIDE,OUTSIDE_FALLBACK_POSITIVE,True,False,False,3
113,IMG_007413,n01-standard-inside-bay,2,POSITIVE_OUTSIDE,OUTSIDE_FALLBACK_POSITIVE,True,False,False,3
113,IMG_007425,n01-standard-inside-bay,1,POSITIVE_OUTSIDE,OUTSIDE_FALLBACK_POSITIVE,True,False,False,5
113,IMG_007445,n02-close-to-line-but-inside,1,POSITIVE_OUTSIDE,OUTSIDE_FALLBACK_POSITIVE,True,False,False,3
113,IMG_007445,n02-close-to-line-but-inside,2,POSITIVE_OUTSIDE,OUTSIDE_FALLBACK_POSITIVE,True,False,False,3
113,IMG_007450,n02-close-to-line-but-inside,1,POSITIVE_OUTSIDE,OUTSIDE_FALLBACK_POSITIVE,True,False,False,4
113,IMG_007562,p02-cross-single-boundary-line,1,POSITIVE_OUTSIDE,OUTSIDE_FALLBACK_POSITIVE,True,False,False,9
113,IMG_007593,p02-cross-single-boundary-line,1,POSITIVE_OUTSIDE,OUTSIDE_FALLBACK_POSITIVE,True,False,False,2
113,IMG_007626,p04-angled-footprint-outside,1,POSITIVE_OUTSIDE,OUTSIDE_FALLBACK_POSITIVE,True,False,False,7
113,IMG_007637,p04-angled-footprint-outside,1,POSITIVE_OUTSIDE,OUTSIDE_FALLBACK_POSITIVE,True,False,False,1
114,IMG_007350,hn02-faded-lines-but-confirmably-inside,1,POSITIVE_OUTSIDE,OUTSIDE_FALLBACK_POSITIVE,True,False,False,3
114,IMG_007396,hn06-shadows-cracks-curbs-mimic-lines,1,POSITIVE_OUTSIDE,OUTSIDE_FALLBACK_POSITIVE,True,False,False,3
114,IMG_007396,hn06-shadows-cracks-curbs-mimic-lines,2,POSITIVE_OUTSIDE,OUTSIDE_FALLBACK_POSITIVE,True,False,False,2
114,IMG_007413,n01-standard-inside-bay,1,POSITIVE_OUTSIDE,OUTSIDE_FALLBACK_POSITIVE,True,False,False,3
114,IMG_007413,n01-standard-inside-bay,2,POSITIVE_OUTSIDE,OUTSIDE_FALLBACK_POSITIVE,True,False,False,3
114,IMG_007425,n01-standard-inside-bay,1,POSITIVE_OUTSIDE,OUTSIDE_FALLBACK_POSITIVE,True,False,False,5
114,IMG_007445,n02-close-to-line-but-inside,1,POSITIVE_OUTSIDE,OUTSIDE_FALLBACK_POSITIVE,True,False,False,3
114,IMG_007445,n02-close-to-line-but-inside,2,POSITIVE_OUTSIDE,OUTSIDE_FALLBACK_POSITIVE,True,False,False,3
114,IMG_007450,n02-close-to-line-but-inside,1,POSITIVE_OUTSIDE,OUTSIDE_FALLBACK_POSITIVE,True,False,False,4
114,IMG_007562,p02-cross-single-boundary-line,1,POSITIVE_OUTSIDE,OUTSIDE_FALLBACK_POSITIVE,True,False,False,9
114,IMG_007593,p02-cross-single-boundary-line,1,POSITIVE_OUTSIDE,OUTSIDE_FALLBACK_POSITIVE,True,False,False,2
114,IMG_007626,p04-angled-footprint-outside,1,POSITIVE_OUTSIDE,OUTSIDE_FALLBACK_POSITIVE,True,False,False,7
114,IMG_007637,p04-angled-footprint-outside,1,POSITIVE_OUTSIDE,OUTSIDE_FALLBACK_POSITIVE,True,False,False,1
115,IMG_007350,hn02-faded-lines-but-confirmably-inside,1,POSITIVE_OUTSIDE,OUTSIDE_FALLBACK_POSITIVE,True,False,False,3
115,IMG_007396,hn06-shadows-cracks-curbs-mimic-lines,1,POSITIVE_OUTSIDE,OUTSIDE_FALLBACK_POSITIVE,True,False,False,3
115,IMG_007396,hn06-shadows-cracks-curbs-mimic-lines,2,POSITIVE_OUTSIDE,OUTSIDE_FALLBACK_POSITIVE,True,False,False,2
115,IMG_007413,n01-standard-inside-bay,1,POSITIVE_OUTSIDE,OUTSIDE_FALLBACK_POSITIVE,True,False,False,3
115,IMG_007413,n01-standard-inside-bay,2,POSITIVE_OUTSIDE,OUTSIDE_FALLBACK_POSITIVE,True,False,False,3
115,IMG_007425,n01-standard-inside-bay,1,POSITIVE_OUTSIDE,OUTSIDE_FALLBACK_POSITIVE,True,False,False,5
115,IMG_007445,n02-close-to-line-but-inside,1,POSITIVE_OUTSIDE,OUTSIDE_FALLBACK_POSITIVE,True,False,False,3
115,IMG_007445,n02-close-to-line-but-inside,2,POSITIVE_OUTSIDE,OUTSIDE_FALLBACK_POSITIVE,True,False,False,3
115,IMG_007450,n02-close-to-line-but-inside,1,POSITIVE_OUTSIDE,OUTSIDE_FALLBACK_POSITIVE,True,False,False,4
115,IMG_007562,p02-cross-single-boundary-line,1,POSITIVE_OUTSIDE,OUTSIDE_FALLBACK_POSITIVE,True,False,False,9
115,IMG_007593,p02-cross-single-boundary-line,1,POSITIVE_OUTSIDE,OUTSIDE_FALLBACK_POSITIVE,True,False,False,2
115,IMG_007626,p04-angled-footprint-outside,1,POSITIVE_OUTSIDE,OUTSIDE_FALLBACK_POSITIVE,True,False,False,7
115,IMG_007637,p04-angled-footprint-outside,1,POSITIVE_OUTSIDE,OUTSIDE_FALLBACK_POSITIVE,True,False,False,1
116,IMG_007350,hn02-faded-lines-but-confirmably-inside,1,POSITIVE_OUTSIDE,OUTSIDE_FALLBACK_POSITIVE,True,False,False,3
116,IMG_007396,hn06-shadows-cracks-curbs-mimic-lines,1,POSITIVE_OUTSIDE,OUTSIDE_FALLBACK_POSITIVE,True,False,False,3
116,IMG_007396,hn06-shadows-cracks-curbs-mimic-lines,2,POSITIVE_OUTSIDE,OUTSIDE_FALLBACK_POSITIVE,True,False,False,2
116,IMG_007413,n01-standard-inside-bay,1,POSITIVE_OUTSIDE,OUTSIDE_FALLBACK_POSITIVE,True,False,False,3
116,IMG_007413,n01-standard-inside-bay,2,POSITIVE_OUTSIDE,OUTSIDE_FALLBACK_POSITIVE,True,False,False,3
116,IMG_007425,n01-standard-inside-bay,1,POSITIVE_OUTSIDE,OUTSIDE_FALLBACK_POSITIVE,True,False,False,5
116,IMG_007445,n02-close-to-line-but-inside,1,POSITIVE_OUTSIDE,OUTSIDE_FALLBACK_POSITIVE,True,False,False,3
116,IMG_007445,n02-close-to-line-but-inside,2,POSITIVE_OUTSIDE,OUTSIDE_FALLBACK_POSITIVE,True,False,False,3
116,IMG_007450,n02-close-to-line-but-inside,1,POSITIVE_OUTSIDE,OUTSIDE_FALLBACK_POSITIVE,True,False,False,4
116,IMG_007562,p02-cross-single-boundary-line,1,POSITIVE_OUTSIDE,OUTSIDE_FALLBACK_POSITIVE,True,False,False,9
116,IMG_007593,p02-cross-single-boundary-line,1,POSITIVE_OUTSIDE,OUTSIDE_FALLBACK_POSITIVE,True,False,False,2
116,IMG_007626,p04-angled-footprint-outside,1,POSITIVE_OUTSIDE,OUTSIDE_FALLBACK_POSITIVE,True,False,False,7
116,IMG_007637,p04-angled-footprint-outside,1,POSITIVE_OUTSIDE,OUTSIDE_FALLBACK_POSITIVE,True,False,False,1
117,IMG_007350,hn02-faded-lines-but-confirmably-inside,1,POSITIVE_OUTSIDE,OUTSIDE_FALLBACK_POSITIVE,True,False,False,3
117,IMG_007396,hn06-shadows-cracks-curbs-mimic-lines,1,POSITIVE_OUTSIDE,OUTSIDE_FALLBACK_POSITIVE,True,False,False,3
117,IMG_007396,hn06-shadows-cracks-curbs-mimic-lines,2,POSITIVE_OUTSIDE,OUTSIDE_FALLBACK_POSITIVE,True,False,False,2
117,IMG_007413,n01-standard-inside-bay,1,POSITIVE_OUTSIDE,OUTSIDE_FALLBACK_POSITIVE,True,False,False,3
117,IMG_007413,n01-standard-inside-bay,2,POSITIVE_OUTSIDE,OUTSIDE_FALLBACK_POSITIVE,True,False,False,3
117,IMG_007425,n01-standard-inside-bay,1,POSITIVE_OUTSIDE,OUTSIDE_FALLBACK_POSITIVE,True,False,False,5
117,IMG_007445,n02-close-to-line-but-inside,1,POSITIVE_OUTSIDE,OUTSIDE_FALLBACK_POSITIVE,True,False,False,3
117,IMG_007445,n02-close-to-line-but-inside,2,POSITIVE_OUTSIDE,OUTSIDE_FALLBACK_POSITIVE,True,False,False,3
117,IMG_007450,n02-close-to-line-but-inside,1,POSITIVE_OUTSIDE,OUTSIDE_FALLBACK_POSITIVE,True,False,False,4
117,IMG_007562,p02-cross-single-boundary-line,1,POSITIVE_OUTSIDE,OUTSIDE_FALLBACK_POSITIVE,True,False,False,9
117,IMG_007593,p02-cross-single-boundary-line,1,POSITIVE_OUTSIDE,OUTSIDE_FALLBACK_POSITIVE,True,False,False,2
117,IMG_007626,p04-angled-footprint-outside,1,POSITIVE_OUTSIDE,OUTSIDE_FALLBACK_POSITIVE,True,False,False,7
117,IMG_007637,p04-angled-footprint-outside,1,POSITIVE_OUTSIDE,OUTSIDE_FALLBACK_POSITIVE,True,False,False,1
118,IMG_007350,hn02-faded-lines-but-confirmably-inside,1,POSITIVE_OUTSIDE,OUTSIDE_FALLBACK_POSITIVE,True,False,False,3
118,IMG_007396,hn06-shadows-cracks-curbs-mimic-lines,1,POSITIVE_OUTSIDE,OUTSIDE_FALLBACK_POSITIVE,True,False,False,3
118,IMG_007396,hn06-shadows-cracks-curbs-mimic-lines,2,POSITIVE_OUTSIDE,OUTSIDE_FALLBACK_POSITIVE,True,False,False,2
118,IMG_007413,n01-standard-inside-bay,1,POSITIVE_OUTSIDE,OUTSIDE_FALLBACK_POSITIVE,True,False,False,3
118,IMG_007413,n01-standard-inside-bay,2,POSITIVE_OUTSIDE,OUTSIDE_FALLBACK_POSITIVE,True,False,False,3
118,IMG_007425,n01-standard-inside-bay,1,POSITIVE_OUTSIDE,OUTSIDE_FALLBACK_POSITIVE,True,False,False,5
118,IMG_007445,n02-close-to-line-but-inside,1,POSITIVE_OUTSIDE,OUTSIDE_FALLBACK_POSITIVE,True,False,False,3
118,IMG_007445,n02-close-to-line-but-inside,2,POSITIVE_OUTSIDE,OUTSIDE_FALLBACK_POSITIVE,True,False,False,3
118,IMG_007450,n02-close-to-line-but-inside,1,POSITIVE_OUTSIDE,OUTSIDE_FALLBACK_POSITIVE,True,False,False,4
118,IMG_007562,p02-cross-single-boundary-line,1,POSITIVE_OUTSIDE,OUTSIDE_FALLBACK_POSITIVE,True,False,False,9
118,IMG_007593,p02-cross-single-boundary-line,1,POSITIVE_OUTSIDE,OUTSIDE_FALLBACK_POSITIVE,True,False,False,2
118,IMG_007626,p04-angled-footprint-outside,1,POSITIVE_OUTSIDE,OUTSIDE_FALLBACK_POSITIVE,True,False,False,7
118,IMG_007637,p04-angled-footprint-outside,1,POSITIVE_OUTSIDE,OUTSIDE_FALLBACK_POSITIVE,True,False,False,1
119,IMG_007350,hn02-faded-lines-but-confirmably-inside,1,POSITIVE_OUTSIDE,OUTSIDE_FALLBACK_POSITIVE,True,False,False,3
119,IMG_007396,hn06-shadows-cracks-curbs-mimic-lines,1,POSITIVE_OUTSIDE,OUTSIDE_FALLBACK_POSITIVE,True,False,False,3
119,IMG_007396,hn06-shadows-cracks-curbs-mimic-lines,2,POSITIVE_OUTSIDE,OUTSIDE_FALLBACK_POSITIVE,True,False,False,2
119,IMG_007413,n01-standard-inside-bay,1,POSITIVE_OUTSIDE,OUTSIDE_FALLBACK_POSITIVE,True,False,False,3
119,IMG_007413,n01-standard-inside-bay,2,POSITIVE_OUTSIDE,OUTSIDE_FALLBACK_POSITIVE,True,False,False,3
119,IMG_007425,n01-standard-inside-bay,1,POSITIVE_OUTSIDE,OUTSIDE_FALLBACK_POSITIVE,True,False,False,5
119,IMG_007445,n02-close-to-line-but-inside,1,POSITIVE_OUTSIDE,OUTSIDE_FALLBACK_POSITIVE,True,False,False,3
119,IMG_007445,n02-close-to-line-but-inside,2,POSITIVE_OUTSIDE,OUTSIDE_FALLBACK_POSITIVE,True,False,False,3
119,IMG_007450,n02-close-to-line-but-inside,1,POSITIVE_OUTSIDE,OUTSIDE_FALLBACK_POSITIVE,True,False,False,4
119,IMG_007562,p02-cross-single-boundary-line,1,POSITIVE_OUTSIDE,OUTSIDE_FALLBACK_POSITIVE,True,False,False,9
119,IMG_007593,p02-cross-single-boundary-line,1,POSITIVE_OUTSIDE,OUTSIDE_FALLBACK_POSITIVE,True,False,False,2
119,IMG_007626,p04-angled-footprint-outside,1,POSITIVE_OUTSIDE,OUTSIDE_FALLBACK_POSITIVE,True,False,False,7
119,IMG_007637,p04-angled-footprint-outside,1,POSITIVE_OUTSIDE,OUTSIDE_FALLBACK_POSITIVE,True,False,False,1
120,IMG_007350,hn02-faded-lines-but-confirmably-inside,1,POSITIVE_OUTSIDE,OUTSIDE_FALLBACK_POSITIVE,True,False,False,3
120,IMG_007396,hn06-shadows-cracks-curbs-mimic-lines,1,POSITIVE_OUTSIDE,OUTSIDE_FALLBACK_POSITIVE,True,False,False,3
120,IMG_007396,hn06-shadows-cracks-curbs-mimic-lines,2,POSITIVE_OUTSIDE,OUTSIDE_FALLBACK_POSITIVE,True,False,False,2
120,IMG_007413,n01-standard-inside-bay,1,POSITIVE_OUTSIDE,OUTSIDE_FALLBACK_POSITIVE,True,False,False,3
120,IMG_007413,n01-standard-inside-bay,2,POSITIVE_OUTSIDE,OUTSIDE_FALLBACK_POSITIVE,True,False,False,3
120,IMG_007425,n01-standard-inside-bay,1,POSITIVE_OUTSIDE,OUTSIDE_FALLBACK_POSITIVE,True,False,False,5
120,IMG_007445,n02-close-to-line-but-inside,1,POSITIVE_OUTSIDE,OUTSIDE_FALLBACK_POSITIVE,True,False,False,3
120,IMG_007445,n02-close-to-line-but-inside,2,POSITIVE_OUTSIDE,OUTSIDE_FALLBACK_POSITIVE,True,False,False,3
120,IMG_007450,n02-close-to-line-but-inside,1,POSITIVE_OUTSIDE,OUTSIDE_FALLBACK_POSITIVE,True,False,False,4
120,IMG_007562,p02-cross-single-boundary-line,1,POSITIVE_OUTSIDE,OUTSIDE_FALLBACK_POSITIVE,True,False,False,9
120,IMG_007593,p02-cross-single-boundary-line,1,POSITIVE_OUTSIDE,OUTSIDE_FALLBACK_POSITIVE,True,False,False,2
120,IMG_007626,p04-angled-footprint-outside,1,POSITIVE_OUTSIDE,OUTSIDE_FALLBACK_POSITIVE,True,False,False,7
120,IMG_007637,p04-angled-footprint-outside,1,POSITIVE_OUTSIDE,OUTSIDE_FALLBACK_POSITIVE,True,False,False,1
121,IMG_007350,hn02-faded-lines-but-confirmably-inside,1,POSITIVE_OUTSIDE,OUTSIDE_FALLBACK_POSITIVE,True,False,False,3
121,IMG_007396,hn06-shadows-cracks-curbs-mimic-lines,1,POSITIVE_OUTSIDE,OUTSIDE_FALLBACK_POSITIVE,True,False,False,3
121,IMG_007396,hn06-shadows-cracks-curbs-mimic-lines,2,POSITIVE_OUTSIDE,OUTSIDE_FALLBACK_POSITIVE,True,False,False,2
121,IMG_007413,n01-standard-inside-bay,1,POSITIVE_OUTSIDE,OUTSIDE_FALLBACK_POSITIVE,True,False,False,3
121,IMG_007413,n01-standard-inside-bay,2,POSITIVE_OUTSIDE,OUTSIDE_FALLBACK_POSITIVE,True,False,False,3
121,IMG_007425,n01-standard-inside-bay,1,POSITIVE_OUTSIDE,OUTSIDE_FALLBACK_POSITIVE,True,False,False,5
121,IMG_007445,n02-close-to-line-but-inside,1,POSITIVE_OUTSIDE,OUTSIDE_FALLBACK_POSITIVE,True,False,False,3
121,IMG_007445,n02-close-to-line-but-inside,2,POSITIVE_OUTSIDE,OUTSIDE_FALLBACK_POSITIVE,True,False,False,3
121,IMG_007450,n02-close-to-line-but-inside,1,POSITIVE_OUTSIDE,OUTSIDE_FALLBACK_POSITIVE,True,False,False,4
121,IMG_007562,p02-cross-single-boundary-line,1,POSITIVE_OUTSIDE,OUTSIDE_FALLBACK_POSITIVE,True,False,False,9
121,IMG_007593,p02-cross-single-boundary-line,1,POSITIVE_OUTSIDE,OUTSIDE_FALLBACK_POSITIVE,True,False,False,2
121,IMG_007626,p04-angled-footprint-outside,1,POSITIVE_OUTSIDE,OUTSIDE_FALLBACK_POSITIVE,True,False,False,7
121,IMG_007637,p04-angled-footprint-outside,1,POSITIVE_OUTSIDE,OUTSIDE_FALLBACK_POSITIVE,True,False,False,1
122,IMG_007350,hn02-faded-lines-but-confirmably-inside,1,POSITIVE_OUTSIDE,OUTSIDE_FALLBACK_POSITIVE,True,False,False,3
122,IMG_007396,hn06-shadows-cracks-curbs-mimic-lines,1,POSITIVE_OUTSIDE,OUTSIDE_FALLBACK_POSITIVE,True,False,False,3
122,IMG_007396,hn06-shadows-cracks-curbs-mimic-lines,2,POSITIVE_OUTSIDE,OUTSIDE_FALLBACK_POSITIVE,True,False,False,2
122,IMG_007413,n01-standard-inside-bay,1,POSITIVE_OUTSIDE,OUTSIDE_FALLBACK_POSITIVE,True,False,False,3
122,IMG_007413,n01-standard-inside-bay,2,POSITIVE_OUTSIDE,OUTSIDE_FALLBACK_POSITIVE,True,False,False,3
122,IMG_007425,n01-standard-inside-bay,1,POSITIVE_OUTSIDE,OUTSIDE_FALLBACK_POSITIVE,True,False,False,5
122,IMG_007445,n02-close-to-line-but-inside,1,POSITIVE_OUTSIDE,OUTSIDE_FALLBACK_POSITIVE,True,False,False,3
122,IMG_007445,n02-close-to-line-but-inside,2,POSITIVE_OUTSIDE,OUTSIDE_FALLBACK_POSITIVE,True,False,False,3
122,IMG_007450,n02-close-to-line-but-inside,1,POSITIVE_OUTSIDE,OUTSIDE_FALLBACK_POSITIVE,True,False,False,4
122,IMG_007562,p02-cross-single-boundary-line,1,POSITIVE_OUTSIDE,OUTSIDE_FALLBACK_POSITIVE,True,False,False,9
122,IMG_007593,p02-cross-single-boundary-line,1,POSITIVE_OUTSIDE,OUTSIDE_FALLBACK_POSITIVE,True,False,False,2
122,IMG_007626,p04-angled-footprint-outside,1,POSITIVE_OUTSIDE,OUTSIDE_FALLBACK_POSITIVE,True,False,False,7
122,IMG_007637,p04-angled-footprint-outside,1,POSITIVE_OUTSIDE,OUTSIDE_FALLBACK_POSITIVE,True,False,False,1
123,IMG_007350,hn02-faded-lines-but-confirmably-inside,1,POSITIVE_OUTSIDE,OUTSIDE_FALLBACK_POSITIVE,True,False,False,3
123,IMG_007396,hn06-shadows-cracks-curbs-mimic-lines,1,POSITIVE_OUTSIDE,OUTSIDE_FALLBACK_POSITIVE,True,False,False,3
123,IMG_007396,hn06-shadows-cracks-curbs-mimic-lines,2,POSITIVE_OUTSIDE,OUTSIDE_FALLBACK_POSITIVE,True,False,False,2
123,IMG_007413,n01-standard-inside-bay,1,POSITIVE_OUTSIDE,OUTSIDE_FALLBACK_POSITIVE,True,False,False,3
123,IMG_007413,n01-standard-inside-bay,2,POSITIVE_OUTSIDE,OUTSIDE_FALLBACK_POSITIVE,True,False,False,3
123,IMG_007425,n01-standard-inside-bay,1,POSITIVE_OUTSIDE,OUTSIDE_FALLBACK_POSITIVE,True,False,False,5
123,IMG_007445,n02-close-to-line-but-inside,1,POSITIVE_OUTSIDE,OUTSIDE_FALLBACK_POSITIVE,True,False,False,3
123,IMG_007445,n02-close-to-line-but-inside,2,POSITIVE_OUTSIDE,OUTSIDE_FALLBACK_POSITIVE,True,False,False,3
123,IMG_007450,n02-close-to-line-but-inside,1,POSITIVE_OUTSIDE,OUTSIDE_FALLBACK_POSITIVE,True,False,False,4
123,IMG_007562,p02-cross-single-boundary-line,1,POSITIVE_OUTSIDE,OUTSIDE_FALLBACK_POSITIVE,True,False,False,9
123,IMG_007593,p02-cross-single-boundary-line,1,POSITIVE_OUTSIDE,OUTSIDE_FALLBACK_POSITIVE,True,False,False,2
123,IMG_007626,p04-angled-footprint-outside,1,POSITIVE_OUTSIDE,OUTSIDE_FALLBACK_POSITIVE,True,False,False,7
123,IMG_007637,p04-angled-footprint-outside,1,POSITIVE_OUTSIDE,OUTSIDE_FALLBACK_POSITIVE,True,False,False,1
124,IMG_007350,hn02-faded-lines-but-confirmably-inside,1,POSITIVE_OUTSIDE,OUTSIDE_FALLBACK_POSITIVE,True,False,False,3
124,IMG_007396,hn06-shadows-cracks-curbs-mimic-lines,1,POSITIVE_OUTSIDE,OUTSIDE_FALLBACK_POSITIVE,True,False,False,3
124,IMG_007396,hn06-shadows-cracks-curbs-mimic-lines,2,POSITIVE_OUTSIDE,OUTSIDE_FALLBACK_POSITIVE,True,False,False,2
124,IMG_007413,n01-standard-inside-bay,1,POSITIVE_OUTSIDE,OUTSIDE_FALLBACK_POSITIVE,True,False,False,3
124,IMG_007413,n01-standard-inside-bay,2,POSITIVE_OUTSIDE,OUTSIDE_FALLBACK_POSITIVE,True,False,False,3
124,IMG_007425,n01-standard-inside-bay,1,POSITIVE_OUTSIDE,OUTSIDE_FALLBACK_POSITIVE,True,False,False,5
124,IMG_007445,n02-close-to-line-but-inside,1,POSITIVE_OUTSIDE,OUTSIDE_FALLBACK_POSITIVE,True,False,False,3
124,IMG_007445,n02-close-to-line-but-inside,2,POSITIVE_OUTSIDE,OUTSIDE_FALLBACK_POSITIVE,True,False,False,3
124,IMG_007450,n02-close-to-line-but-inside,1,POSITIVE_OUTSIDE,OUTSIDE_FALLBACK_POSITIVE,True,False,False,4
124,IMG_007562,p02-cross-single-boundary-line,1,POSITIVE_OUTSIDE,OUTSIDE_FALLBACK_POSITIVE,True,False,False,9
124,IMG_007593,p02-cross-single-boundary-line,1,POSITIVE_OUTSIDE,OUTSIDE_FALLBACK_POSITIVE,True,False,False,2
124,IMG_007626,p04-angled-footprint-outside,1,POSITIVE_OUTSIDE,OUTSIDE_FALLBACK_POSITIVE,True,False,False,7
124,IMG_007637,p04-angled-footprint-outside,1,POSITIVE_OUTSIDE,OUTSIDE_FALLBACK_POSITIVE,True,False,False,1
125,IMG_007350,hn02-faded-lines-but-confirmably-inside,1,POSITIVE_OUTSIDE,OUTSIDE_FALLBACK_POSITIVE,True,False,False,3
125,IMG_007396,hn06-shadows-cracks-curbs-mimic-lines,1,POSITIVE_OUTSIDE,OUTSIDE_FALLBACK_POSITIVE,True,False,False,3
125,IMG_007396,hn06-shadows-cracks-curbs-mimic-lines,2,POSITIVE_OUTSIDE,OUTSIDE_FALLBACK_POSITIVE,True,False,False,2
125,IMG_007413,n01-standard-inside-bay,1,POSITIVE_OUTSIDE,OUTSIDE_FALLBACK_POSITIVE,True,False,False,3
125,IMG_007413,n01-standard-inside-bay,2,POSITIVE_OUTSIDE,OUTSIDE_FALLBACK_POSITIVE,True,False,False,3
125,IMG_007425,n01-standard-inside-bay,1,POSITIVE_OUTSIDE,OUTSIDE_FALLBACK_POSITIVE,True,False,False,5
125,IMG_007445,n02-close-to-line-but-inside,1,POSITIVE_OUTSIDE,OUTSIDE_FALLBACK_POSITIVE,True,False,False,3
125,IMG_007445,n02-close-to-line-but-inside,2,POSITIVE_OUTSIDE,OUTSIDE_FALLBACK_POSITIVE,True,False,False,3
125,IMG_007450,n02-close-to-line-but-inside,1,POSITIVE_OUTSIDE,OUTSIDE_FALLBACK_POSITIVE,True,False,False,4
125,IMG_007562,p02-cross-single-boundary-line,1,POSITIVE_OUTSIDE,OUTSIDE_FALLBACK_POSITIVE,True,False,False,9
125,IMG_007593,p02-cross-single-boundary-line,1,POSITIVE_OUTSIDE,OUTSIDE_FALLBACK_POSITIVE,True,False,False,2
125,IMG_007626,p04-angled-footprint-outside,1,POSITIVE_OUTSIDE,OUTSIDE_FALLBACK_POSITIVE,True,False,False,7
125,IMG_007637,p04-angled-footprint-outside,1,POSITIVE_OUTSIDE,OUTSIDE_FALLBACK_POSITIVE,True,False,False,1
126,IMG_007350,hn02-faded-lines-but-confirmably-inside,1,POSITIVE_OUTSIDE,OUTSIDE_FALLBACK_POSITIVE,True,False,False,3
126,IMG_007396,hn06-shadows-cracks-curbs-mimic-lines,1,POSITIVE_OUTSIDE,OUTSIDE_FALLBACK_POSITIVE,True,False,False,3
126,IMG_007396,hn06-shadows-cracks-curbs-mimic-lines,2,POSITIVE_OUTSIDE,OUTSIDE_FALLBACK_POSITIVE,True,False,False,2
126,IMG_007413,n01-standard-inside-bay,1,POSITIVE_OUTSIDE,OUTSIDE_FALLBACK_POSITIVE,True,False,False,3
126,IMG_007413,n01-standard-inside-bay,2,POSITIVE_OUTSIDE,OUTSIDE_FALLBACK_POSITIVE,True,False,False,3
126,IMG_007425,n01-standard-inside-bay,1,POSITIVE_OUTSIDE,OUTSIDE_FALLBACK_POSITIVE,True,False,False,5
126,IMG_007445,n02-close-to-line-but-inside,1,POSITIVE_OUTSIDE,OUTSIDE_FALLBACK_POSITIVE,True,False,False,3
126,IMG_007445,n02-close-to-line-but-inside,2,POSITIVE_OUTSIDE,OUTSIDE_FALLBACK_POSITIVE,True,False,False,3
126,IMG_007450,n02-close-to-line-but-inside,1,POSITIVE_OUTSIDE,OUTSIDE_FALLBACK_POSITIVE,True,False,False,4
126,IMG_007562,p02-cross-single-boundary-line,1,POSITIVE_OUTSIDE,OUTSIDE_FALLBACK_POSITIVE,True,False,False,9
126,IMG_007593,p02-cross-single-boundary-line,1,POSITIVE_OUTSIDE,OUTSIDE_FALLBACK_POSITIVE,True,False,False,2
126,IMG_007626,p04-angled-footprint-outside,1,POSITIVE_OUTSIDE,OUTSIDE_FALLBACK_POSITIVE,True,False,False,7
126,IMG_007637,p04-angled-footprint-outside,1,POSITIVE_OUTSIDE,OUTSIDE_FALLBACK_POSITIVE,True,False,False,1
127,IMG_007350,hn02-faded-lines-but-confirmably-inside,1,POSITIVE_OUTSIDE,OUTSIDE_FALLBACK_POSITIVE,True,False,False,3
127,IMG_007396,hn06-shadows-cracks-curbs-mimic-lines,1,POSITIVE_OUTSIDE,OUTSIDE_FALLBACK_POSITIVE,True,False,False,3
127,IMG_007396,hn06-shadows-cracks-curbs-mimic-lines,2,POSITIVE_OUTSIDE,OUTSIDE_FALLBACK_POSITIVE,True,False,False,2
127,IMG_007413,n01-standard-inside-bay,1,POSITIVE_OUTSIDE,OUTSIDE_FALLBACK_POSITIVE,True,False,False,3
127,IMG_007413,n01-standard-inside-bay,2,POSITIVE_OUTSIDE,OUTSIDE_FALLBACK_POSITIVE,True,False,False,3
127,IMG_007425,n01-standard-inside-bay,1,POSITIVE_OUTSIDE,OUTSIDE_FALLBACK_POSITIVE,True,False,False,5
127,IMG_007445,n02-close-to-line-but-inside,1,POSITIVE_OUTSIDE,OUTSIDE_FALLBACK_POSITIVE,True,False,False,3
127,IMG_007445,n02-close-to-line-but-inside,2,POSITIVE_OUTSIDE,OUTSIDE_FALLBACK_POSITIVE,True,False,False,3
127,IMG_007450,n02-close-to-line-but-inside,1,POSITIVE_OUTSIDE,OUTSIDE_FALLBACK_POSITIVE,True,False,False,4
127,IMG_007562,p02-cross-single-boundary-line,1,POSITIVE_OUTSIDE,OUTSIDE_FALLBACK_POSITIVE,True,False,False,9
127,IMG_007593,p02-cross-single-boundary-line,1,POSITIVE_OUTSIDE,OUTSIDE_FALLBACK_POSITIVE,True,False,False,2
127,IMG_007626,p04-angled-footprint-outside,1,POSITIVE_OUTSIDE,OUTSIDE_FALLBACK_POSITIVE,True,False,False,7
127,IMG_007637,p04-angled-footprint-outside,1,POSITIVE_OUTSIDE,OUTSIDE_FALLBACK_POSITIVE,True,False,False,1
128,IMG_007350,hn02-faded-lines-but-confirmably-inside,1,POSITIVE_OUTSIDE,OUTSIDE_FALLBACK_POSITIVE,True,False,False,3
128,IMG_007396,hn06-shadows-cracks-curbs-mimic-lines,1,POSITIVE_OUTSIDE,OUTSIDE_FALLBACK_POSITIVE,True,False,False,3
128,IMG_007396,hn06-shadows-cracks-curbs-mimic-lines,2,POSITIVE_OUTSIDE,OUTSIDE_FALLBACK_POSITIVE,True,False,False,2
128,IMG_007413,n01-standard-inside-bay,1,POSITIVE_OUTSIDE,OUTSIDE_FALLBACK_POSITIVE,True,False,False,3
128,IMG_007413,n01-standard-inside-bay,2,POSITIVE_OUTSIDE,OUTSIDE_FALLBACK_POSITIVE,True,False,False,3
128,IMG_007425,n01-standard-inside-bay,1,POSITIVE_OUTSIDE,OUTSIDE_FALLBACK_POSITIVE,True,False,False,5
128,IMG_007445,n02-close-to-line-but-inside,1,POSITIVE_OUTSIDE,OUTSIDE_FALLBACK_POSITIVE,True,False,False,3
128,IMG_007445,n02-close-to-line-but-inside,2,POSITIVE_OUTSIDE,OUTSIDE_FALLBACK_POSITIVE,True,False,False,3
128,IMG_007450,n02-close-to-line-but-inside,1,POSITIVE_OUTSIDE,OUTSIDE_FALLBACK_POSITIVE,True,False,False,4
128,IMG_007562,p02-cross-single-boundary-line,1,POSITIVE_OUTSIDE,OUTSIDE_FALLBACK_POSITIVE,True,False,False,9
128,IMG_007593,p02-cross-single-boundary-line,1,POSITIVE_OUTSIDE,OUTSIDE_FALLBACK_POSITIVE,True,False,False,2
128,IMG_007626,p04-angled-footprint-outside,1,POSITIVE_OUTSIDE,OUTSIDE_FALLBACK_POSITIVE,True,False,False,7
128,IMG_007637,p04-angled-footprint-outside,1,POSITIVE_OUTSIDE,OUTSIDE_FALLBACK_POSITIVE,True,False,False,1
129,IMG_007350,hn02-faded-lines-but-confirmably-inside,1,POSITIVE_OUTSIDE,OUTSIDE_FALLBACK_POSITIVE,True,False,False,3
129,IMG_007396,hn06-shadows-cracks-curbs-mimic-lines,1,POSITIVE_OUTSIDE,OUTSIDE_FALLBACK_POSITIVE,True,False,False,3
129,IMG_007396,hn06-shadows-cracks-curbs-mimic-lines,2,POSITIVE_OUTSIDE,OUTSIDE_FALLBACK_POSITIVE,True,False,False,2
129,IMG_007413,n01-standard-inside-bay,1,POSITIVE_OUTSIDE,OUTSIDE_FALLBACK_POSITIVE,True,False,False,3
129,IMG_007413,n01-standard-inside-bay,2,POSITIVE_OUTSIDE,OUTSIDE_FALLBACK_POSITIVE,True,False,False,3
129,IMG_007425,n01-standard-inside-bay,1,POSITIVE_OUTSIDE,OUTSIDE_FALLBACK_POSITIVE,True,False,False,5
129,IMG_007445,n02-close-to-line-but-inside,1,POSITIVE_OUTSIDE,OUTSIDE_FALLBACK_POSITIVE,True,False,False,3
129,IMG_007445,n02-close-to-line-but-inside,2,POSITIVE_OUTSIDE,OUTSIDE_FALLBACK_POSITIVE,True,False,False,3
129,IMG_007450,n02-close-to-line-but-inside,1,POSITIVE_OUTSIDE,OUTSIDE_FALLBACK_POSITIVE,True,False,False,4
129,IMG_007562,p02-cross-single-boundary-line,1,POSITIVE_OUTSIDE,OUTSIDE_FALLBACK_POSITIVE,True,False,False,9
129,IMG_007593,p02-cross-single-boundary-line,1,POSITIVE_OUTSIDE,OUTSIDE_FALLBACK_POSITIVE,True,False,False,2
129,IMG_007626,p04-angled-footprint-outside,1,POSITIVE_OUTSIDE,OUTSIDE_FALLBACK_POSITIVE,True,False,False,7
129,IMG_007637,p04-angled-footprint-outside,1,POSITIVE_OUTSIDE,OUTSIDE_FALLBACK_POSITIVE,True,False,False,1
130,IMG_007350,hn02-faded-lines-but-confirmably-inside,1,POSITIVE_OUTSIDE,OUTSIDE_FALLBACK_POSITIVE,True,False,False,3
130,IMG_007396,hn06-shadows-cracks-curbs-mimic-lines,1,POSITIVE_OUTSIDE,OUTSIDE_FALLBACK_POSITIVE,True,False,False,3
130,IMG_007396,hn06-shadows-cracks-curbs-mimic-lines,2,POSITIVE_OUTSIDE,OUTSIDE_FALLBACK_POSITIVE,True,False,False,2
130,IMG_007413,n01-standard-inside-bay,1,POSITIVE_OUTSIDE,OUTSIDE_FALLBACK_POSITIVE,True,False,False,3
130,IMG_007413,n01-standard-inside-bay,2,POSITIVE_OUTSIDE,OUTSIDE_FALLBACK_POSITIVE,True,False,False,3
130,IMG_007425,n01-standard-inside-bay,1,POSITIVE_OUTSIDE,OUTSIDE_FALLBACK_POSITIVE,True,False,False,5
130,IMG_007445,n02-close-to-line-but-inside,1,POSITIVE_OUTSIDE,OUTSIDE_FALLBACK_POSITIVE,True,False,False,3
130,IMG_007445,n02-close-to-line-but-inside,2,POSITIVE_OUTSIDE,OUTSIDE_FALLBACK_POSITIVE,True,False,False,3
130,IMG_007450,n02-close-to-line-but-inside,1,POSITIVE_OUTSIDE,OUTSIDE_FALLBACK_POSITIVE,True,False,False,4
130,IMG_007562,p02-cross-single-boundary-line,1,POSITIVE_OUTSIDE,OUTSIDE_FALLBACK_POSITIVE,True,False,False,9
130,IMG_007593,p02-cross-single-boundary-line,1,POSITIVE_OUTSIDE,OUTSIDE_FALLBACK_POSITIVE,True,False,False,2
130,IMG_007626,p04-angled-footprint-outside,1,POSITIVE_OUTSIDE,OUTSIDE_FALLBACK_POSITIVE,True,False,False,7
130,IMG_007637,p04-angled-footprint-outside,1,POSITIVE_OUTSIDE,OUTSIDE_FALLBACK_POSITIVE,True,False,False,1
131,IMG_007350,hn02-faded-lines-but-confirmably-inside,1,POSITIVE_OUTSIDE,OUTSIDE_FALLBACK_POSITIVE,True,False,False,3
131,IMG_007396,hn06-shadows-cracks-curbs-mimic-lines,1,POSITIVE_OUTSIDE,OUTSIDE_FALLBACK_POSITIVE,True,False,False,3
131,IMG_007396,hn06-shadows-cracks-curbs-mimic-lines,2,POSITIVE_OUTSIDE,OUTSIDE_FALLBACK_POSITIVE,True,False,False,2
131,IMG_007413,n01-standard-inside-bay,1,POSITIVE_OUTSIDE,OUTSIDE_FALLBACK_POSITIVE,True,False,False,3
131,IMG_007413,n01-standard-inside-bay,2,POSITIVE_OUTSIDE,OUTSIDE_FALLBACK_POSITIVE,True,False,False,3
131,IMG_007425,n01-standard-inside-bay,1,POSITIVE_OUTSIDE,OUTSIDE_FALLBACK_POSITIVE,True,False,False,5
131,IMG_007445,n02-close-to-line-but-inside,1,POSITIVE_OUTSIDE,OUTSIDE_FALLBACK_POSITIVE,True,False,False,3
131,IMG_007445,n02-close-to-line-but-inside,2,POSITIVE_OUTSIDE,OUTSIDE_FALLBACK_POSITIVE,True,False,False,3
131,IMG_007450,n02-close-to-line-but-inside,1,POSITIVE_OUTSIDE,OUTSIDE_FALLBACK_POSITIVE,True,False,False,4
131,IMG_007562,p02-cross-single-boundary-line,1,POSITIVE_OUTSIDE,OUTSIDE_FALLBACK_POSITIVE,True,False,False,9
131,IMG_007593,p02-cross-single-boundary-line,1,POSITIVE_OUTSIDE,OUTSIDE_FALLBACK_POSITIVE,True,False,False,2
131,IMG_007626,p04-angled-footprint-outside,1,POSITIVE_OUTSIDE,OUTSIDE_FALLBACK_POSITIVE,True,False,False,7
131,IMG_007637,p04-angled-footprint-outside,1,POSITIVE_OUTSIDE,OUTSIDE_FALLBACK_POSITIVE,True,False,False,1
132,IMG_007350,hn02-faded-lines-but-confirmably-inside,1,POSITIVE_OUTSIDE,OUTSIDE_FALLBACK_POSITIVE,True,False,False,3
132,IMG_007396,hn06-shadows-cracks-curbs-mimic-lines,1,POSITIVE_OUTSIDE,OUTSIDE_FALLBACK_POSITIVE,True,False,False,3
132,IMG_007396,hn06-shadows-cracks-curbs-mimic-lines,2,POSITIVE_OUTSIDE,OUTSIDE_FALLBACK_POSITIVE,True,False,False,2
132,IMG_007413,n01-standard-inside-bay,1,POSITIVE_OUTSIDE,OUTSIDE_FALLBACK_POSITIVE,True,False,False,3
132,IMG_007413,n01-standard-inside-bay,2,POSITIVE_OUTSIDE,OUTSIDE_FALLBACK_POSITIVE,True,False,False,3
132,IMG_007425,n01-standard-inside-bay,1,POSITIVE_OUTSIDE,OUTSIDE_FALLBACK_POSITIVE,True,False,False,5
132,IMG_007445,n02-close-to-line-but-inside,1,POSITIVE_OUTSIDE,OUTSIDE_FALLBACK_POSITIVE,True,False,False,3
132,IMG_007445,n02-close-to-line-but-inside,2,POSITIVE_OUTSIDE,OUTSIDE_FALLBACK_POSITIVE,True,False,False,3
132,IMG_007450,n02-close-to-line-but-inside,1,POSITIVE_OUTSIDE,OUTSIDE_FALLBACK_POSITIVE,True,False,False,4
132,IMG_007562,p02-cross-single-boundary-line,1,POSITIVE_OUTSIDE,OUTSIDE_FALLBACK_POSITIVE,True,False,False,9
132,IMG_007593,p02-cross-single-boundary-line,1,POSITIVE_OUTSIDE,OUTSIDE_FALLBACK_POSITIVE,True,False,False,2
132,IMG_007626,p04-angled-footprint-outside,1,POSITIVE_OUTSIDE,OUTSIDE_FALLBACK_POSITIVE,True,False,False,7
132,IMG_007637,p04-angled-footprint-outside,1,POSITIVE_OUTSIDE,OUTSIDE_FALLBACK_POSITIVE,True,False,False,1
133,IMG_007350,hn02-faded-lines-but-confirmably-inside,1,POSITIVE_OUTSIDE,OUTSIDE_FALLBACK_POSITIVE,True,False,False,3
133,IMG_007396,hn06-shadows-cracks-curbs-mimic-lines,1,POSITIVE_OUTSIDE,OUTSIDE_FALLBACK_POSITIVE,True,False,False,3
133,IMG_007396,hn06-shadows-cracks-curbs-mimic-lines,2,POSITIVE_OUTSIDE,OUTSIDE_FALLBACK_POSITIVE,True,False,False,2
133,IMG_007413,n01-standard-inside-bay,1,POSITIVE_OUTSIDE,OUTSIDE_FALLBACK_POSITIVE,True,False,False,3
133,IMG_007413,n01-standard-inside-bay,2,POSITIVE_OUTSIDE,OUTSIDE_FALLBACK_POSITIVE,True,False,False,3
133,IMG_007425,n01-standard-inside-bay,1,POSITIVE_OUTSIDE,OUTSIDE_FALLBACK_POSITIVE,True,False,False,5
133,IMG_007445,n02-close-to-line-but-inside,1,POSITIVE_OUTSIDE,OUTSIDE_FALLBACK_POSITIVE,True,False,False,3
133,IMG_007445,n02-close-to-line-but-inside,2,POSITIVE_OUTSIDE,OUTSIDE_FALLBACK_POSITIVE,True,False,False,3
133,IMG_007450,n02-close-to-line-but-inside,1,POSITIVE_OUTSIDE,OUTSIDE_FALLBACK_POSITIVE,True,False,False,4
133,IMG_007562,p02-cross-single-boundary-line,1,POSITIVE_OUTSIDE,OUTSIDE_FALLBACK_POSITIVE,True,False,False,9
133,IMG_007593,p02-cross-single-boundary-line,1,POSITIVE_OUTSIDE,OUTSIDE_FALLBACK_POSITIVE,True,False,False,2
133,IMG_007626,p04-angled-footprint-outside,1,POSITIVE_OUTSIDE,OUTSIDE_FALLBACK_POSITIVE,True,False,False,7
133,IMG_007637,p04-angled-footprint-outside,1,POSITIVE_OUTSIDE,OUTSIDE_FALLBACK_POSITIVE,True,False,False,1
134,IMG_007350,hn02-faded-lines-but-confirmably-inside,1,POSITIVE_OUTSIDE,OUTSIDE_FALLBACK_POSITIVE,True,False,False,3
134,IMG_007396,hn06-shadows-cracks-curbs-mimic-lines,1,POSITIVE_OUTSIDE,OUTSIDE_FALLBACK_POSITIVE,True,False,False,3
134,IMG_007396,hn06-shadows-cracks-curbs-mimic-lines,2,POSITIVE_OUTSIDE,OUTSIDE_FALLBACK_POSITIVE,True,False,False,2
134,IMG_007413,n01-standard-inside-bay,1,POSITIVE_OUTSIDE,OUTSIDE_FALLBACK_POSITIVE,True,False,False,3
134,IMG_007413,n01-standard-inside-bay,2,POSITIVE_OUTSIDE,OUTSIDE_FALLBACK_POSITIVE,True,False,False,3
134,IMG_007425,n01-standard-inside-bay,1,POSITIVE_OUTSIDE,OUTSIDE_FALLBACK_POSITIVE,True,False,False,5
134,IMG_007445,n02-close-to-line-but-inside,1,POSITIVE_OUTSIDE,OUTSIDE_FALLBACK_POSITIVE,True,False,False,3
134,IMG_007445,n02-close-to-line-but-inside,2,POSITIVE_OUTSIDE,OUTSIDE_FALLBACK_POSITIVE,True,False,False,3
134,IMG_007450,n02-close-to-line-but-inside,1,POSITIVE_OUTSIDE,OUTSIDE_FALLBACK_POSITIVE,True,False,False,4
134,IMG_007562,p02-cross-single-boundary-line,1,POSITIVE_OUTSIDE,OUTSIDE_FALLBACK_POSITIVE,True,False,False,9
134,IMG_007593,p02-cross-single-boundary-line,1,POSITIVE_OUTSIDE,OUTSIDE_FALLBACK_POSITIVE,True,False,False,2
134,IMG_007626,p04-angled-footprint-outside,1,POSITIVE_OUTSIDE,OUTSIDE_FALLBACK_POSITIVE,True,False,False,7
134,IMG_007637,p04-angled-footprint-outside,1,POSITIVE_OUTSIDE,OUTSIDE_FALLBACK_POSITIVE,True,False,False,1
135,IMG_007350,hn02-faded-lines-but-confirmably-inside,1,POSITIVE_OUTSIDE,OUTSIDE_FALLBACK_POSITIVE,True,False,False,3
135,IMG_007396,hn06-shadows-cracks-curbs-mimic-lines,1,POSITIVE_OUTSIDE,OUTSIDE_FALLBACK_POSITIVE,True,False,False,3
135,IMG_007396,hn06-shadows-cracks-curbs-mimic-lines,2,POSITIVE_OUTSIDE,OUTSIDE_FALLBACK_POSITIVE,True,False,False,2
135,IMG_007413,n01-standard-inside-bay,1,POSITIVE_OUTSIDE,OUTSIDE_FALLBACK_POSITIVE,True,False,False,3
135,IMG_007413,n01-standard-inside-bay,2,POSITIVE_OUTSIDE,OUTSIDE_FALLBACK_POSITIVE,True,False,False,3
135,IMG_007425,n01-standard-inside-bay,1,POSITIVE_OUTSIDE,OUTSIDE_FALLBACK_POSITIVE,True,False,False,5
135,IMG_007445,n02-close-to-line-but-inside,1,POSITIVE_OUTSIDE,OUTSIDE_FALLBACK_POSITIVE,True,False,False,3
135,IMG_007445,n02-close-to-line-but-inside,2,POSITIVE_OUTSIDE,OUTSIDE_FALLBACK_POSITIVE,True,False,False,3
135,IMG_007450,n02-close-to-line-but-inside,1,POSITIVE_OUTSIDE,OUTSIDE_FALLBACK_POSITIVE,True,False,False,4
135,IMG_007562,p02-cross-single-boundary-line,1,POSITIVE_OUTSIDE,OUTSIDE_FALLBACK_POSITIVE,True,False,False,9
135,IMG_007593,p02-cross-single-boundary-line,1,POSITIVE_OUTSIDE,OUTSIDE_FALLBACK_POSITIVE,True,False,False,2
135,IMG_007626,p04-angled-footprint-outside,1,POSITIVE_OUTSIDE,OUTSIDE_FALLBACK_POSITIVE,True,False,False,7
135,IMG_007637,p04-angled-footprint-outside,1,POSITIVE_OUTSIDE,OUTSIDE_FALLBACK_POSITIVE,True,False,False,1
136,IMG_007350,hn02-faded-lines-but-confirmably-inside,1,POSITIVE_OUTSIDE,OUTSIDE_FALLBACK_POSITIVE,True,False,False,3
136,IMG_007396,hn06-shadows-cracks-curbs-mimic-lines,1,POSITIVE_OUTSIDE,OUTSIDE_FALLBACK_POSITIVE,True,False,False,3
136,IMG_007396,hn06-shadows-cracks-curbs-mimic-lines,2,POSITIVE_OUTSIDE,OUTSIDE_FALLBACK_POSITIVE,True,False,False,2
136,IMG_007413,n01-standard-inside-bay,1,POSITIVE_OUTSIDE,OUTSIDE_FALLBACK_POSITIVE,True,False,False,3
136,IMG_007413,n01-standard-inside-bay,2,POSITIVE_OUTSIDE,OUTSIDE_FALLBACK_POSITIVE,True,False,False,3
136,IMG_007425,n01-standard-inside-bay,1,POSITIVE_OUTSIDE,OUTSIDE_FALLBACK_POSITIVE,True,False,False,5
136,IMG_007445,n02-close-to-line-but-inside,1,POSITIVE_OUTSIDE,OUTSIDE_FALLBACK_POSITIVE,True,False,False,3
136,IMG_007445,n02-close-to-line-but-inside,2,POSITIVE_OUTSIDE,OUTSIDE_FALLBACK_POSITIVE,True,False,False,3
136,IMG_007450,n02-close-to-line-but-inside,1,POSITIVE_OUTSIDE,OUTSIDE_FALLBACK_POSITIVE,True,False,False,4
136,IMG_007562,p02-cross-single-boundary-line,1,POSITIVE_OUTSIDE,OUTSIDE_FALLBACK_POSITIVE,True,False,False,9
136,IMG_007593,p02-cross-single-boundary-line,1,POSITIVE_OUTSIDE,OUTSIDE_FALLBACK_POSITIVE,True,False,False,2
136,IMG_007626,p04-angled-footprint-outside,1,POSITIVE_OUTSIDE,OUTSIDE_FALLBACK_POSITIVE,True,False,False,7
136,IMG_007637,p04-angled-footprint-outside,1,POSITIVE_OUTSIDE,OUTSIDE_FALLBACK_POSITIVE,True,False,False,1
137,IMG_007350,hn02-faded-lines-but-confirmably-inside,1,POSITIVE_OUTSIDE,OUTSIDE_FALLBACK_POSITIVE,True,False,False,3
137,IMG_007396,hn06-shadows-cracks-curbs-mimic-lines,1,POSITIVE_OUTSIDE,OUTSIDE_FALLBACK_POSITIVE,True,False,False,3
137,IMG_007396,hn06-shadows-cracks-curbs-mimic-lines,2,POSITIVE_OUTSIDE,OUTSIDE_FALLBACK_POSITIVE,True,False,False,2
137,IMG_007413,n01-standard-inside-bay,1,POSITIVE_OUTSIDE,OUTSIDE_FALLBACK_POSITIVE,True,False,False,3
137,IMG_007413,n01-standard-inside-bay,2,POSITIVE_OUTSIDE,OUTSIDE_FALLBACK_POSITIVE,True,False,False,3
137,IMG_007425,n01-standard-inside-bay,1,POSITIVE_OUTSIDE,OUTSIDE_FALLBACK_POSITIVE,True,False,False,5
137,IMG_007445,n02-close-to-line-but-inside,1,POSITIVE_OUTSIDE,OUTSIDE_FALLBACK_POSITIVE,True,False,False,3
137,IMG_007445,n02-close-to-line-but-inside,2,POSITIVE_OUTSIDE,OUTSIDE_FALLBACK_POSITIVE,True,False,False,3
137,IMG_007450,n02-close-to-line-but-inside,1,POSITIVE_OUTSIDE,OUTSIDE_FALLBACK_POSITIVE,True,False,False,4
137,IMG_007562,p02-cross-single-boundary-line,1,POSITIVE_OUTSIDE,OUTSIDE_FALLBACK_POSITIVE,True,False,False,9
137,IMG_007593,p02-cross-single-boundary-line,1,POSITIVE_OUTSIDE,OUTSIDE_FALLBACK_POSITIVE,True,False,False,2
137,IMG_007626,p04-angled-footprint-outside,1,POSITIVE_OUTSIDE,OUTSIDE_FALLBACK_POSITIVE,True,False,False,7
137,IMG_007637,p04-angled-footprint-outside,1,POSITIVE_OUTSIDE,OUTSIDE_FALLBACK_POSITIVE,True,False,False,1
138,IMG_007350,hn02-faded-lines-but-confirmably-inside,1,POSITIVE_OUTSIDE,OUTSIDE_FALLBACK_POSITIVE,True,False,False,3
138,IMG_007396,hn06-shadows-cracks-curbs-mimic-lines,1,POSITIVE_OUTSIDE,OUTSIDE_FALLBACK_POSITIVE,True,False,False,3
138,IMG_007396,hn06-shadows-cracks-curbs-mimic-lines,2,POSITIVE_OUTSIDE,OUTSIDE_FALLBACK_POSITIVE,True,False,False,2
138,IMG_007413,n01-standard-inside-bay,1,POSITIVE_OUTSIDE,OUTSIDE_FALLBACK_POSITIVE,True,False,False,3
138,IMG_007413,n01-standard-inside-bay,2,POSITIVE_OUTSIDE,OUTSIDE_FALLBACK_POSITIVE,True,False,False,3
138,IMG_007425,n01-standard-inside-bay,1,POSITIVE_OUTSIDE,OUTSIDE_FALLBACK_POSITIVE,True,False,False,5
138,IMG_007445,n02-close-to-line-but-inside,1,POSITIVE_OUTSIDE,OUTSIDE_FALLBACK_POSITIVE,True,False,False,3
138,IMG_007445,n02-close-to-line-but-inside,2,POSITIVE_OUTSIDE,OUTSIDE_FALLBACK_POSITIVE,True,False,False,3
138,IMG_007450,n02-close-to-line-but-inside,1,POSITIVE_OUTSIDE,OUTSIDE_FALLBACK_POSITIVE,True,False,False,4
138,IMG_007562,p02-cross-single-boundary-line,1,POSITIVE_OUTSIDE,OUTSIDE_FALLBACK_POSITIVE,True,False,False,9
138,IMG_007593,p02-cross-single-boundary-line,1,POSITIVE_OUTSIDE,OUTSIDE_FALLBACK_POSITIVE,True,False,False,2
138,IMG_007626,p04-angled-footprint-outside,1,POSITIVE_OUTSIDE,OUTSIDE_FALLBACK_POSITIVE,True,False,False,7
138,IMG_007637,p04-angled-footprint-outside,1,POSITIVE_OUTSIDE,OUTSIDE_FALLBACK_POSITIVE,True,False,False,1
139,IMG_007350,hn02-faded-lines-but-confirmably-inside,1,POSITIVE_OUTSIDE,OUTSIDE_FALLBACK_POSITIVE,True,False,False,3
139,IMG_007396,hn06-shadows-cracks-curbs-mimic-lines,1,POSITIVE_OUTSIDE,OUTSIDE_FALLBACK_POSITIVE,True,False,False,3
139,IMG_007396,hn06-shadows-cracks-curbs-mimic-lines,2,POSITIVE_OUTSIDE,OUTSIDE_FALLBACK_POSITIVE,True,False,False,2
139,IMG_007413,n01-standard-inside-bay,1,POSITIVE_OUTSIDE,OUTSIDE_FALLBACK_POSITIVE,True,False,False,3
139,IMG_007413,n01-standard-inside-bay,2,POSITIVE_OUTSIDE,OUTSIDE_FALLBACK_POSITIVE,True,False,False,3
139,IMG_007425,n01-standard-inside-bay,1,POSITIVE_OUTSIDE,OUTSIDE_FALLBACK_POSITIVE,True,False,False,5
139,IMG_007445,n02-close-to-line-but-inside,1,POSITIVE_OUTSIDE,OUTSIDE_FALLBACK_POSITIVE,True,False,False,3
139,IMG_007445,n02-close-to-line-but-inside,2,POSITIVE_OUTSIDE,OUTSIDE_FALLBACK_POSITIVE,True,False,False,3
139,IMG_007450,n02-close-to-line-but-inside,1,POSITIVE_OUTSIDE,OUTSIDE_FALLBACK_POSITIVE,True,False,False,4
139,IMG_007562,p02-cross-single-boundary-line,1,POSITIVE_OUTSIDE,OUTSIDE_FALLBACK_POSITIVE,True,False,False,9
139,IMG_007593,p02-cross-single-boundary-line,1,POSITIVE_OUTSIDE,OUTSIDE_FALLBACK_POSITIVE,True,False,False,2
139,IMG_007626,p04-angled-footprint-outside,1,POSITIVE_OUTSIDE,OUTSIDE_FALLBACK_POSITIVE,True,False,False,7
139,IMG_007637,p04-angled-footprint-outside,1,POSITIVE_OUTSIDE,OUTSIDE_FALLBACK_POSITIVE,True,False,False,1
140,IMG_007350,hn02-faded-lines-but-confirmably-inside,1,POSITIVE_OUTSIDE,OUTSIDE_FALLBACK_POSITIVE,True,False,False,3
140,IMG_007396,hn06-shadows-cracks-curbs-mimic-lines,1,POSITIVE_OUTSIDE,OUTSIDE_FALLBACK_POSITIVE,True,False,False,3
140,IMG_007396,hn06-shadows-cracks-curbs-mimic-lines,2,POSITIVE_OUTSIDE,OUTSIDE_FALLBACK_POSITIVE,True,False,False,2
140,IMG_007413,n01-standard-inside-bay,1,POSITIVE_OUTSIDE,OUTSIDE_FALLBACK_POSITIVE,True,False,False,3
140,IMG_007413,n01-standard-inside-bay,2,POSITIVE_OUTSIDE,OUTSIDE_FALLBACK_POSITIVE,True,False,False,3
140,IMG_007425,n01-standard-inside-bay,1,POSITIVE_OUTSIDE,OUTSIDE_FALLBACK_POSITIVE,True,False,False,5
140,IMG_007445,n02-close-to-line-but-inside,1,POSITIVE_OUTSIDE,OUTSIDE_FALLBACK_POSITIVE,True,False,False,3
140,IMG_007445,n02-close-to-line-but-inside,2,POSITIVE_OUTSIDE,OUTSIDE_FALLBACK_POSITIVE,True,False,False,3
140,IMG_007450,n02-close-to-line-but-inside,1,POSITIVE_OUTSIDE,OUTSIDE_FALLBACK_POSITIVE,True,False,False,4
140,IMG_007562,p02-cross-single-boundary-line,1,POSITIVE_OUTSIDE,OUTSIDE_FALLBACK_POSITIVE,True,False,False,9
140,IMG_007593,p02-cross-single-boundary-line,1,POSITIVE_OUTSIDE,OUTSIDE_FALLBACK_POSITIVE,True,False,False,2
140,IMG_007626,p04-angled-footprint-outside,1,POSITIVE_OUTSIDE,OUTSIDE_FALLBACK_POSITIVE,True,False,False,7
140,IMG_007637,p04-angled-footprint-outside,1,POSITIVE_OUTSIDE,OUTSIDE_FALLBACK_POSITIVE,True,False,False,1
141,IMG_007350,hn02-faded-lines-but-confirmably-inside,1,POSITIVE_OUTSIDE,OUTSIDE_FALLBACK_POSITIVE,True,False,False,3
141,IMG_007396,hn06-shadows-cracks-curbs-mimic-lines,1,POSITIVE_OUTSIDE,OUTSIDE_FALLBACK_POSITIVE,True,False,False,3
141,IMG_007396,hn06-shadows-cracks-curbs-mimic-lines,2,POSITIVE_OUTSIDE,OUTSIDE_FALLBACK_POSITIVE,True,False,False,2
141,IMG_007413,n01-standard-inside-bay,1,POSITIVE_OUTSIDE,OUTSIDE_FALLBACK_POSITIVE,True,False,False,3
141,IMG_007413,n01-standard-inside-bay,2,POSITIVE_OUTSIDE,OUTSIDE_FALLBACK_POSITIVE,True,False,False,3
141,IMG_007425,n01-standard-inside-bay,1,POSITIVE_OUTSIDE,OUTSIDE_FALLBACK_POSITIVE,True,False,False,5
141,IMG_007445,n02-close-to-line-but-inside,1,POSITIVE_OUTSIDE,OUTSIDE_FALLBACK_POSITIVE,True,False,False,3
141,IMG_007445,n02-close-to-line-but-inside,2,POSITIVE_OUTSIDE,OUTSIDE_FALLBACK_POSITIVE,True,False,False,3
141,IMG_007450,n02-close-to-line-but-inside,1,POSITIVE_OUTSIDE,OUTSIDE_FALLBACK_POSITIVE,True,False,False,4
141,IMG_007562,p02-cross-single-boundary-line,1,POSITIVE_OUTSIDE,OUTSIDE_FALLBACK_POSITIVE,True,False,False,9
141,IMG_007593,p02-cross-single-boundary-line,1,POSITIVE_OUTSIDE,OUTSIDE_FALLBACK_POSITIVE,True,False,False,2
141,IMG_007626,p04-angled-footprint-outside,1,POSITIVE_OUTSIDE,OUTSIDE_FALLBACK_POSITIVE,True,False,False,7
141,IMG_007637,p04-angled-footprint-outside,1,POSITIVE_OUTSIDE,OUTSIDE_FALLBACK_POSITIVE,True,False,False,1
142,IMG_007350,hn02-faded-lines-but-confirmably-inside,1,POSITIVE_OUTSIDE,OUTSIDE_FALLBACK_POSITIVE,True,False,False,3
142,IMG_007396,hn06-shadows-cracks-curbs-mimic-lines,1,POSITIVE_OUTSIDE,OUTSIDE_FALLBACK_POSITIVE,True,False,False,3
142,IMG_007396,hn06-shadows-cracks-curbs-mimic-lines,2,POSITIVE_OUTSIDE,OUTSIDE_FALLBACK_POSITIVE,True,False,False,2
142,IMG_007413,n01-standard-inside-bay,1,POSITIVE_OUTSIDE,OUTSIDE_FALLBACK_POSITIVE,True,False,False,3
142,IMG_007413,n01-standard-inside-bay,2,POSITIVE_OUTSIDE,OUTSIDE_FALLBACK_POSITIVE,True,False,False,3
142,IMG_007425,n01-standard-inside-bay,1,POSITIVE_OUTSIDE,OUTSIDE_FALLBACK_POSITIVE,True,False,False,5
142,IMG_007445,n02-close-to-line-but-inside,1,POSITIVE_OUTSIDE,OUTSIDE_FALLBACK_POSITIVE,True,False,False,3
142,IMG_007445,n02-close-to-line-but-inside,2,POSITIVE_OUTSIDE,OUTSIDE_FALLBACK_POSITIVE,True,False,False,3
142,IMG_007450,n02-close-to-line-but-inside,1,POSITIVE_OUTSIDE,OUTSIDE_FALLBACK_POSITIVE,True,False,False,4
142,IMG_007562,p02-cross-single-boundary-line,1,POSITIVE_OUTSIDE,OUTSIDE_FALLBACK_POSITIVE,True,False,False,9
142,IMG_007593,p02-cross-single-boundary-line,1,POSITIVE_OUTSIDE,OUTSIDE_FALLBACK_POSITIVE,True,False,False,2
142,IMG_007626,p04-angled-footprint-outside,1,POSITIVE_OUTSIDE,OUTSIDE_FALLBACK_POSITIVE,True,False,False,7
142,IMG_007637,p04-angled-footprint-outside,1,POSITIVE_OUTSIDE,OUTSIDE_FALLBACK_POSITIVE,True,False,False,1
143,IMG_007350,hn02-faded-lines-but-confirmably-inside,1,POSITIVE_OUTSIDE,OUTSIDE_FALLBACK_POSITIVE,True,False,False,3
143,IMG_007396,hn06-shadows-cracks-curbs-mimic-lines,1,POSITIVE_OUTSIDE,OUTSIDE_FALLBACK_POSITIVE,True,False,False,3
143,IMG_007396,hn06-shadows-cracks-curbs-mimic-lines,2,POSITIVE_OUTSIDE,OUTSIDE_FALLBACK_POSITIVE,True,False,False,2
143,IMG_007413,n01-standard-inside-bay,1,POSITIVE_OUTSIDE,OUTSIDE_FALLBACK_POSITIVE,True,False,False,3
143,IMG_007413,n01-standard-inside-bay,2,POSITIVE_OUTSIDE,OUTSIDE_FALLBACK_POSITIVE,True,False,False,3
143,IMG_007425,n01-standard-inside-bay,1,POSITIVE_OUTSIDE,OUTSIDE_FALLBACK_POSITIVE,True,False,False,5
143,IMG_007445,n02-close-to-line-but-inside,1,POSITIVE_OUTSIDE,OUTSIDE_FALLBACK_POSITIVE,True,False,False,3
143,IMG_007445,n02-close-to-line-but-inside,2,POSITIVE_OUTSIDE,OUTSIDE_FALLBACK_POSITIVE,True,False,False,3
143,IMG_007450,n02-close-to-line-but-inside,1,POSITIVE_OUTSIDE,OUTSIDE_FALLBACK_POSITIVE,True,False,False,4
143,IMG_007562,p02-cross-single-boundary-line,1,POSITIVE_OUTSIDE,OUTSIDE_FALLBACK_POSITIVE,True,False,False,9
143,IMG_007593,p02-cross-single-boundary-line,1,POSITIVE_OUTSIDE,OUTSIDE_FALLBACK_POSITIVE,True,False,False,2
143,IMG_007626,p04-angled-footprint-outside,1,POSITIVE_OUTSIDE,OUTSIDE_FALLBACK_POSITIVE,True,False,False,7
143,IMG_007637,p04-angled-footprint-outside,1,POSITIVE_OUTSIDE,OUTSIDE_FALLBACK_POSITIVE,True,False,False,1
144,IMG_007350,hn02-faded-lines-but-confirmably-inside,1,POSITIVE_OUTSIDE,OUTSIDE_FALLBACK_POSITIVE,True,False,False,3
144,IMG_007396,hn06-shadows-cracks-curbs-mimic-lines,1,POSITIVE_OUTSIDE,OUTSIDE_FALLBACK_POSITIVE,True,False,False,3
144,IMG_007396,hn06-shadows-cracks-curbs-mimic-lines,2,POSITIVE_OUTSIDE,OUTSIDE_FALLBACK_POSITIVE,True,False,False,2
144,IMG_007413,n01-standard-inside-bay,1,POSITIVE_OUTSIDE,OUTSIDE_FALLBACK_POSITIVE,True,False,False,3
144,IMG_007413,n01-standard-inside-bay,2,POSITIVE_OUTSIDE,OUTSIDE_FALLBACK_POSITIVE,True,False,False,3
144,IMG_007425,n01-standard-inside-bay,1,POSITIVE_OUTSIDE,OUTSIDE_FALLBACK_POSITIVE,True,False,False,5
144,IMG_007445,n02-close-to-line-but-inside,1,POSITIVE_OUTSIDE,OUTSIDE_FALLBACK_POSITIVE,True,False,False,3
144,IMG_007445,n02-close-to-line-but-inside,2,POSITIVE_OUTSIDE,OUTSIDE_FALLBACK_POSITIVE,True,False,False,3
144,IMG_007450,n02-close-to-line-but-inside,1,POSITIVE_OUTSIDE,OUTSIDE_FALLBACK_POSITIVE,True,False,False,4
144,IMG_007562,p02-cross-single-boundary-line,1,POSITIVE_OUTSIDE,OUTSIDE_FALLBACK_POSITIVE,True,False,False,9
144,IMG_007593,p02-cross-single-boundary-line,1,POSITIVE_OUTSIDE,OUTSIDE_FALLBACK_POSITIVE,True,False,False,2
144,IMG_007626,p04-angled-footprint-outside,1,POSITIVE_OUTSIDE,OUTSIDE_FALLBACK_POSITIVE,True,False,False,7
144,IMG_007637,p04-angled-footprint-outside,1,POSITIVE_OUTSIDE,OUTSIDE_FALLBACK_POSITIVE,True,False,False,1
145,IMG_007350,hn02-faded-lines-but-confirmably-inside,1,POSITIVE_OUTSIDE,OUTSIDE_FALLBACK_POSITIVE,True,False,False,3
145,IMG_007396,hn06-shadows-cracks-curbs-mimic-lines,1,POSITIVE_OUTSIDE,OUTSIDE_FALLBACK_POSITIVE,True,False,False,3
145,IMG_007396,hn06-shadows-cracks-curbs-mimic-lines,2,POSITIVE_OUTSIDE,OUTSIDE_FALLBACK_POSITIVE,True,False,False,2
145,IMG_007413,n01-standard-inside-bay,1,POSITIVE_OUTSIDE,OUTSIDE_FALLBACK_POSITIVE,True,False,False,3
145,IMG_007413,n01-standard-inside-bay,2,POSITIVE_OUTSIDE,OUTSIDE_FALLBACK_POSITIVE,True,False,False,3
145,IMG_007425,n01-standard-inside-bay,1,POSITIVE_OUTSIDE,OUTSIDE_FALLBACK_POSITIVE,True,False,False,5
145,IMG_007445,n02-close-to-line-but-inside,1,POSITIVE_OUTSIDE,OUTSIDE_FALLBACK_POSITIVE,True,False,False,3
145,IMG_007445,n02-close-to-line-but-inside,2,POSITIVE_OUTSIDE,OUTSIDE_FALLBACK_POSITIVE,True,False,False,3
145,IMG_007450,n02-close-to-line-but-inside,1,POSITIVE_OUTSIDE,OUTSIDE_FALLBACK_POSITIVE,True,False,False,4
145,IMG_007562,p02-cross-single-boundary-line,1,POSITIVE_OUTSIDE,OUTSIDE_FALLBACK_POSITIVE,True,False,False,9
145,IMG_007593,p02-cross-single-boundary-line,1,POSITIVE_OUTSIDE,OUTSIDE_FALLBACK_POSITIVE,True,False,False,2
145,IMG_007626,p04-angled-footprint-outside,1,POSITIVE_OUTSIDE,OUTSIDE_FALLBACK_POSITIVE,True,False,False,7
145,IMG_007637,p04-angled-footprint-outside,1,POSITIVE_OUTSIDE,OUTSIDE_FALLBACK_POSITIVE,True,False,False,1
146,IMG_007350,hn02-faded-lines-but-confirmably-inside,1,POSITIVE_OUTSIDE,OUTSIDE_FALLBACK_POSITIVE,True,False,False,3
146,IMG_007396,hn06-shadows-cracks-curbs-mimic-lines,1,POSITIVE_OUTSIDE,OUTSIDE_FALLBACK_POSITIVE,True,False,False,3
146,IMG_007396,hn06-shadows-cracks-curbs-mimic-lines,2,POSITIVE_OUTSIDE,OUTSIDE_FALLBACK_POSITIVE,True,False,False,2
146,IMG_007413,n01-standard-inside-bay,1,POSITIVE_OUTSIDE,OUTSIDE_FALLBACK_POSITIVE,True,False,False,3
146,IMG_007413,n01-standard-inside-bay,2,POSITIVE_OUTSIDE,OUTSIDE_FALLBACK_POSITIVE,True,False,False,3
146,IMG_007425,n01-standard-inside-bay,1,POSITIVE_OUTSIDE,OUTSIDE_FALLBACK_POSITIVE,True,False,False,5
146,IMG_007445,n02-close-to-line-but-inside,1,POSITIVE_OUTSIDE,OUTSIDE_FALLBACK_POSITIVE,True,False,False,3
146,IMG_007445,n02-close-to-line-but-inside,2,POSITIVE_OUTSIDE,OUTSIDE_FALLBACK_POSITIVE,True,False,False,3
146,IMG_007450,n02-close-to-line-but-inside,1,POSITIVE_OUTSIDE,OUTSIDE_FALLBACK_POSITIVE,True,False,False,4
146,IMG_007562,p02-cross-single-boundary-line,1,POSITIVE_OUTSIDE,OUTSIDE_FALLBACK_POSITIVE,True,False,False,9
146,IMG_007593,p02-cross-single-boundary-line,1,POSITIVE_OUTSIDE,OUTSIDE_FALLBACK_POSITIVE,True,False,False,2
146,IMG_007626,p04-angled-footprint-outside,1,POSITIVE_OUTSIDE,OUTSIDE_FALLBACK_POSITIVE,True,False,False,7
146,IMG_007637,p04-angled-footprint-outside,1,POSITIVE_OUTSIDE,OUTSIDE_FALLBACK_POSITIVE,True,False,False,1
147,IMG_007350,hn02-faded-lines-but-confirmably-inside,1,POSITIVE_OUTSIDE,OUTSIDE_FALLBACK_POSITIVE,True,False,False,3
147,IMG_007396,hn06-shadows-cracks-curbs-mimic-lines,1,POSITIVE_OUTSIDE,OUTSIDE_FALLBACK_POSITIVE,True,False,False,3
147,IMG_007396,hn06-shadows-cracks-curbs-mimic-lines,2,POSITIVE_OUTSIDE,OUTSIDE_FALLBACK_POSITIVE,True,False,False,2
147,IMG_007413,n01-standard-inside-bay,1,POSITIVE_OUTSIDE,OUTSIDE_FALLBACK_POSITIVE,True,False,False,3
147,IMG_007413,n01-standard-inside-bay,2,POSITIVE_OUTSIDE,OUTSIDE_FALLBACK_POSITIVE,True,False,False,3
147,IMG_007425,n01-standard-inside-bay,1,POSITIVE_OUTSIDE,OUTSIDE_FALLBACK_POSITIVE,True,False,False,5
147,IMG_007445,n02-close-to-line-but-inside,1,POSITIVE_OUTSIDE,OUTSIDE_FALLBACK_POSITIVE,True,False,False,3
147,IMG_007445,n02-close-to-line-but-inside,2,POSITIVE_OUTSIDE,OUTSIDE_FALLBACK_POSITIVE,True,False,False,3
147,IMG_007450,n02-close-to-line-but-inside,1,POSITIVE_OUTSIDE,OUTSIDE_FALLBACK_POSITIVE,True,False,False,4
147,IMG_007562,p02-cross-single-boundary-line,1,POSITIVE_OUTSIDE,OUTSIDE_FALLBACK_POSITIVE,True,False,False,9
147,IMG_007593,p02-cross-single-boundary-line,1,POSITIVE_OUTSIDE,OUTSIDE_FALLBACK_POSITIVE,True,False,False,2
147,IMG_007626,p04-angled-footprint-outside,1,POSITIVE_OUTSIDE,OUTSIDE_FALLBACK_POSITIVE,True,False,False,7
147,IMG_007637,p04-angled-footprint-outside,1,POSITIVE_OUTSIDE,OUTSIDE_FALLBACK_POSITIVE,True,False,False,1
148,IMG_007350,hn02-faded-lines-but-confirmably-inside,1,POSITIVE_OUTSIDE,OUTSIDE_FALLBACK_POSITIVE,True,False,False,3
148,IMG_007396,hn06-shadows-cracks-curbs-mimic-lines,1,POSITIVE_OUTSIDE,OUTSIDE_FALLBACK_POSITIVE,True,False,False,3
148,IMG_007396,hn06-shadows-cracks-curbs-mimic-lines,2,POSITIVE_OUTSIDE,OUTSIDE_FALLBACK_POSITIVE,True,False,False,2
148,IMG_007413,n01-standard-inside-bay,1,POSITIVE_OUTSIDE,OUTSIDE_FALLBACK_POSITIVE,True,False,False,3
148,IMG_007413,n01-standard-inside-bay,2,POSITIVE_OUTSIDE,OUTSIDE_FALLBACK_POSITIVE,True,False,False,3
148,IMG_007425,n01-standard-inside-bay,1,POSITIVE_OUTSIDE,OUTSIDE_FALLBACK_POSITIVE,True,False,False,5
148,IMG_007445,n02-close-to-line-but-inside,1,POSITIVE_OUTSIDE,OUTSIDE_FALLBACK_POSITIVE,True,False,False,3
148,IMG_007445,n02-close-to-line-but-inside,2,POSITIVE_OUTSIDE,OUTSIDE_FALLBACK_POSITIVE,True,False,False,3
148,IMG_007450,n02-close-to-line-but-inside,1,POSITIVE_OUTSIDE,OUTSIDE_FALLBACK_POSITIVE,True,False,False,4
148,IMG_007562,p02-cross-single-boundary-line,1,POSITIVE_OUTSIDE,OUTSIDE_FALLBACK_POSITIVE,True,False,False,9
148,IMG_007593,p02-cross-single-boundary-line,1,POSITIVE_OUTSIDE,OUTSIDE_FALLBACK_POSITIVE,True,False,False,2
148,IMG_007626,p04-angled-footprint-outside,1,POSITIVE_OUTSIDE,OUTSIDE_FALLBACK_POSITIVE,True,False,False,7
148,IMG_007637,p04-angled-footprint-outside,1,POSITIVE_OUTSIDE,OUTSIDE_FALLBACK_POSITIVE,True,False,False,1
149,IMG_007350,hn02-faded-lines-but-confirmably-inside,1,POSITIVE_OUTSIDE,OUTSIDE_FALLBACK_POSITIVE,True,False,False,3
149,IMG_007396,hn06-shadows-cracks-curbs-mimic-lines,1,POSITIVE_OUTSIDE,OUTSIDE_FALLBACK_POSITIVE,True,False,False,3
149,IMG_007396,hn06-shadows-cracks-curbs-mimic-lines,2,POSITIVE_OUTSIDE,OUTSIDE_FALLBACK_POSITIVE,True,False,False,2
149,IMG_007413,n01-standard-inside-bay,1,POSITIVE_OUTSIDE,OUTSIDE_FALLBACK_POSITIVE,True,False,False,3
149,IMG_007413,n01-standard-inside-bay,2,POSITIVE_OUTSIDE,OUTSIDE_FALLBACK_POSITIVE,True,False,False,3
149,IMG_007425,n01-standard-inside-bay,1,POSITIVE_OUTSIDE,OUTSIDE_FALLBACK_POSITIVE,True,False,False,5
149,IMG_007445,n02-close-to-line-but-inside,1,POSITIVE_OUTSIDE,OUTSIDE_FALLBACK_POSITIVE,True,False,False,3
149,IMG_007445,n02-close-to-line-but-inside,2,POSITIVE_OUTSIDE,OUTSIDE_FALLBACK_POSITIVE,True,False,False,3
149,IMG_007450,n02-close-to-line-but-inside,1,POSITIVE_OUTSIDE,OUTSIDE_FALLBACK_POSITIVE,True,False,False,4
149,IMG_007562,p02-cross-single-boundary-line,1,POSITIVE_OUTSIDE,OUTSIDE_FALLBACK_POSITIVE,True,False,False,9
149,IMG_007593,p02-cross-single-boundary-line,1,POSITIVE_OUTSIDE,OUTSIDE_FALLBACK_POSITIVE,True,False,False,2
149,IMG_007626,p04-angled-footprint-outside,1,POSITIVE_OUTSIDE,OUTSIDE_FALLBACK_POSITIVE,True,False,False,7
149,IMG_007637,p04-angled-footprint-outside,1,POSITIVE_OUTSIDE,OUTSIDE_FALLBACK_POSITIVE,True,False,False,1
150,IMG_007350,hn02-faded-lines-but-confirmably-inside,1,POSITIVE_OUTSIDE,OUTSIDE_FALLBACK_POSITIVE,True,False,False,3
150,IMG_007396,hn06-shadows-cracks-curbs-mimic-lines,1,POSITIVE_OUTSIDE,OUTSIDE_FALLBACK_POSITIVE,True,False,False,3
150,IMG_007396,hn06-shadows-cracks-curbs-mimic-lines,2,POSITIVE_OUTSIDE,OUTSIDE_FALLBACK_POSITIVE,True,False,False,2
150,IMG_007413,n01-standard-inside-bay,1,POSITIVE_OUTSIDE,OUTSIDE_FALLBACK_POSITIVE,True,False,False,3
150,IMG_007413,n01-standard-inside-bay,2,POSITIVE_OUTSIDE,OUTSIDE_FALLBACK_POSITIVE,True,False,False,3
150,IMG_007425,n01-standard-inside-bay,1,POSITIVE_OUTSIDE,OUTSIDE_FALLBACK_POSITIVE,True,False,False,5
150,IMG_007445,n02-close-to-line-but-inside,1,POSITIVE_OUTSIDE,OUTSIDE_FALLBACK_POSITIVE,True,False,False,3
150,IMG_007445,n02-close-to-line-but-inside,2,POSITIVE_OUTSIDE,OUTSIDE_FALLBACK_POSITIVE,True,False,False,3
150,IMG_007450,n02-close-to-line-but-inside,1,POSITIVE_OUTSIDE,OUTSIDE_FALLBACK_POSITIVE,True,False,False,4
150,IMG_007562,p02-cross-single-boundary-line,1,POSITIVE_OUTSIDE,OUTSIDE_FALLBACK_POSITIVE,True,False,False,9
150,IMG_007593,p02-cross-single-boundary-line,1,POSITIVE_OUTSIDE,OUTSIDE_FALLBACK_POSITIVE,True,False,False,2
150,IMG_007626,p04-angled-footprint-outside,1,POSITIVE_OUTSIDE,OUTSIDE_FALLBACK_POSITIVE,True,False,False,7
150,IMG_007637,p04-angled-footprint-outside,1,POSITIVE_OUTSIDE,OUTSIDE_FALLBACK_POSITIVE,True,False,False,1
151,IMG_007350,hn02-faded-lines-but-confirmably-inside,1,POSITIVE_OUTSIDE,OUTSIDE_FALLBACK_POSITIVE,True,False,False,3
151,IMG_007396,hn06-shadows-cracks-curbs-mimic-lines,1,POSITIVE_OUTSIDE,OUTSIDE_FALLBACK_POSITIVE,True,False,False,3
151,IMG_007396,hn06-shadows-cracks-curbs-mimic-lines,2,POSITIVE_OUTSIDE,OUTSIDE_FALLBACK_POSITIVE,True,False,False,2
151,IMG_007413,n01-standard-inside-bay,1,POSITIVE_OUTSIDE,OUTSIDE_FALLBACK_POSITIVE,True,False,False,3
151,IMG_007413,n01-standard-inside-bay,2,POSITIVE_OUTSIDE,OUTSIDE_FALLBACK_POSITIVE,True,False,False,3
151,IMG_007425,n01-standard-inside-bay,1,POSITIVE_OUTSIDE,OUTSIDE_FALLBACK_POSITIVE,True,False,False,5
151,IMG_007445,n02-close-to-line-but-inside,1,POSITIVE_OUTSIDE,OUTSIDE_FALLBACK_POSITIVE,True,False,False,3
151,IMG_007445,n02-close-to-line-but-inside,2,POSITIVE_OUTSIDE,OUTSIDE_FALLBACK_POSITIVE,True,False,False,3
151,IMG_007450,n02-close-to-line-but-inside,1,POSITIVE_OUTSIDE,OUTSIDE_FALLBACK_POSITIVE,True,False,False,4
151,IMG_007562,p02-cross-single-boundary-line,1,POSITIVE_OUTSIDE,OUTSIDE_FALLBACK_POSITIVE,True,False,False,9
151,IMG_007593,p02-cross-single-boundary-line,1,POSITIVE_OUTSIDE,OUTSIDE_FALLBACK_POSITIVE,True,False,False,2
151,IMG_007626,p04-angled-footprint-outside,1,POSITIVE_OUTSIDE,OUTSIDE_FALLBACK_POSITIVE,True,False,False,7
151,IMG_007637,p04-angled-footprint-outside,1,POSITIVE_OUTSIDE,OUTSIDE_FALLBACK_POSITIVE,True,False,False,1
152,IMG_007350,hn02-faded-lines-but-confirmably-inside,1,POSITIVE_OUTSIDE,OUTSIDE_FALLBACK_POSITIVE,True,False,False,3
152,IMG_007396,hn06-shadows-cracks-curbs-mimic-lines,1,POSITIVE_OUTSIDE,OUTSIDE_FALLBACK_POSITIVE,True,False,False,3
152,IMG_007396,hn06-shadows-cracks-curbs-mimic-lines,2,POSITIVE_OUTSIDE,OUTSIDE_FALLBACK_POSITIVE,True,False,False,2
152,IMG_007413,n01-standard-inside-bay,1,POSITIVE_OUTSIDE,OUTSIDE_FALLBACK_POSITIVE,True,False,False,3
152,IMG_007413,n01-standard-inside-bay,2,POSITIVE_OUTSIDE,OUTSIDE_FALLBACK_POSITIVE,True,False,False,3
152,IMG_007425,n01-standard-inside-bay,1,POSITIVE_OUTSIDE,OUTSIDE_FALLBACK_POSITIVE,True,False,False,5
152,IMG_007445,n02-close-to-line-but-inside,1,POSITIVE_OUTSIDE,OUTSIDE_FALLBACK_POSITIVE,True,False,False,3
152,IMG_007445,n02-close-to-line-but-inside,2,POSITIVE_OUTSIDE,OUTSIDE_FALLBACK_POSITIVE,True,False,False,3
152,IMG_007450,n02-close-to-line-but-inside,1,POSITIVE_OUTSIDE,OUTSIDE_FALLBACK_POSITIVE,True,False,False,4
152,IMG_007562,p02-cross-single-boundary-line,1,POSITIVE_OUTSIDE,OUTSIDE_FALLBACK_POSITIVE,True,False,False,9
152,IMG_007593,p02-cross-single-boundary-line,1,POSITIVE_OUTSIDE,OUTSIDE_FALLBACK_POSITIVE,True,False,False,2
152,IMG_007626,p04-angled-footprint-outside,1,POSITIVE_OUTSIDE,OUTSIDE_FALLBACK_POSITIVE,True,False,False,7
152,IMG_007637,p04-angled-footprint-outside,1,POSITIVE_OUTSIDE,OUTSIDE_FALLBACK_POSITIVE,True,False,False,1
153,IMG_007350,hn02-faded-lines-but-confirmably-inside,1,POSITIVE_OUTSIDE,OUTSIDE_FALLBACK_POSITIVE,True,False,False,3
153,IMG_007396,hn06-shadows-cracks-curbs-mimic-lines,1,POSITIVE_OUTSIDE,OUTSIDE_FALLBACK_POSITIVE,True,False,False,3
153,IMG_007396,hn06-shadows-cracks-curbs-mimic-lines,2,POSITIVE_OUTSIDE,OUTSIDE_FALLBACK_POSITIVE,True,False,False,2
153,IMG_007413,n01-standard-inside-bay,1,POSITIVE_OUTSIDE,OUTSIDE_FALLBACK_POSITIVE,True,False,False,3
153,IMG_007413,n01-standard-inside-bay,2,POSITIVE_OUTSIDE,OUTSIDE_FALLBACK_POSITIVE,True,False,False,3
153,IMG_007425,n01-standard-inside-bay,1,POSITIVE_OUTSIDE,OUTSIDE_FALLBACK_POSITIVE,True,False,False,5
153,IMG_007445,n02-close-to-line-but-inside,1,POSITIVE_OUTSIDE,OUTSIDE_FALLBACK_POSITIVE,True,False,False,3
153,IMG_007445,n02-close-to-line-but-inside,2,POSITIVE_OUTSIDE,OUTSIDE_FALLBACK_POSITIVE,True,False,False,3
153,IMG_007450,n02-close-to-line-but-inside,1,POSITIVE_OUTSIDE,OUTSIDE_FALLBACK_POSITIVE,True,False,False,4
153,IMG_007562,p02-cross-single-boundary-line,1,POSITIVE_OUTSIDE,OUTSIDE_FALLBACK_POSITIVE,True,False,False,9
153,IMG_007593,p02-cross-single-boundary-line,1,POSITIVE_OUTSIDE,OUTSIDE_FALLBACK_POSITIVE,True,False,False,2
153,IMG_007626,p04-angled-footprint-outside,1,POSITIVE_OUTSIDE,OUTSIDE_FALLBACK_POSITIVE,True,False,False,7
153,IMG_007637,p04-angled-footprint-outside,1,POSITIVE_OUTSIDE,OUTSIDE_FALLBACK_POSITIVE,True,False,False,1
154,IMG_007350,hn02-faded-lines-but-confirmably-inside,1,POSITIVE_OUTSIDE,OUTSIDE_FALLBACK_POSITIVE,True,False,False,3
154,IMG_007396,hn06-shadows-cracks-curbs-mimic-lines,1,POSITIVE_OUTSIDE,OUTSIDE_FALLBACK_POSITIVE,True,False,False,3
154,IMG_007396,hn06-shadows-cracks-curbs-mimic-lines,2,POSITIVE_OUTSIDE,OUTSIDE_FALLBACK_POSITIVE,True,False,False,2
154,IMG_007413,n01-standard-inside-bay,1,POSITIVE_OUTSIDE,OUTSIDE_FALLBACK_POSITIVE,True,False,False,3
154,IMG_007413,n01-standard-inside-bay,2,POSITIVE_OUTSIDE,OUTSIDE_FALLBACK_POSITIVE,True,False,False,3
154,IMG_007425,n01-standard-inside-bay,1,POSITIVE_OUTSIDE,OUTSIDE_FALLBACK_POSITIVE,True,False,False,5
154,IMG_007445,n02-close-to-line-but-inside,1,POSITIVE_OUTSIDE,OUTSIDE_FALLBACK_POSITIVE,True,False,False,3
154,IMG_007445,n02-close-to-line-but-inside,2,POSITIVE_OUTSIDE,OUTSIDE_FALLBACK_POSITIVE,True,False,False,3
154,IMG_007450,n02-close-to-line-but-inside,1,POSITIVE_OUTSIDE,OUTSIDE_FALLBACK_POSITIVE,True,False,False,4
154,IMG_007562,p02-cross-single-boundary-line,1,POSITIVE_OUTSIDE,OUTSIDE_FALLBACK_POSITIVE,True,False,False,9
154,IMG_007593,p02-cross-single-boundary-line,1,POSITIVE_OUTSIDE,OUTSIDE_FALLBACK_POSITIVE,True,False,False,2
154,IMG_007626,p04-angled-footprint-outside,1,POSITIVE_OUTSIDE,OUTSIDE_FALLBACK_POSITIVE,True,False,False,7
154,IMG_007637,p04-angled-footprint-outside,1,POSITIVE_OUTSIDE,OUTSIDE_FALLBACK_POSITIVE,True,False,False,1
155,IMG_007350,hn02-faded-lines-but-confirmably-inside,1,POSITIVE_OUTSIDE,OUTSIDE_FALLBACK_POSITIVE,True,False,False,3
155,IMG_007396,hn06-shadows-cracks-curbs-mimic-lines,1,POSITIVE_OUTSIDE,OUTSIDE_FALLBACK_POSITIVE,True,False,False,3
155,IMG_007396,hn06-shadows-cracks-curbs-mimic-lines,2,POSITIVE_OUTSIDE,OUTSIDE_FALLBACK_POSITIVE,True,False,False,2
155,IMG_007413,n01-standard-inside-bay,1,POSITIVE_OUTSIDE,OUTSIDE_FALLBACK_POSITIVE,True,False,False,3
155,IMG_007413,n01-standard-inside-bay,2,POSITIVE_OUTSIDE,OUTSIDE_FALLBACK_POSITIVE,True,False,False,3
155,IMG_007425,n01-standard-inside-bay,1,POSITIVE_OUTSIDE,OUTSIDE_FALLBACK_POSITIVE,True,False,False,5
155,IMG_007445,n02-close-to-line-but-inside,1,POSITIVE_OUTSIDE,OUTSIDE_FALLBACK_POSITIVE,True,False,False,3
155,IMG_007445,n02-close-to-line-but-inside,2,POSITIVE_OUTSIDE,OUTSIDE_FALLBACK_POSITIVE,True,False,False,3
155,IMG_007450,n02-close-to-line-but-inside,1,POSITIVE_OUTSIDE,OUTSIDE_FALLBACK_POSITIVE,True,False,False,4
155,IMG_007562,p02-cross-single-boundary-line,1,POSITIVE_OUTSIDE,OUTSIDE_FALLBACK_POSITIVE,True,False,False,9
155,IMG_007593,p02-cross-single-boundary-line,1,POSITIVE_OUTSIDE,OUTSIDE_FALLBACK_POSITIVE,True,False,False,2
155,IMG_007626,p04-angled-footprint-outside,1,POSITIVE_OUTSIDE,OUTSIDE_FALLBACK_POSITIVE,True,False,False,7
155,IMG_007637,p04-angled-footprint-outside,1,POSITIVE_OUTSIDE,OUTSIDE_FALLBACK_POSITIVE,True,False,False,1
156,IMG_007350,hn02-faded-lines-but-confirmably-inside,1,POSITIVE_OUTSIDE,OUTSIDE_FALLBACK_POSITIVE,True,False,False,3
156,IMG_007396,hn06-shadows-cracks-curbs-mimic-lines,1,POSITIVE_OUTSIDE,OUTSIDE_FALLBACK_POSITIVE,True,False,False,3
156,IMG_007396,hn06-shadows-cracks-curbs-mimic-lines,2,POSITIVE_OUTSIDE,OUTSIDE_FALLBACK_POSITIVE,True,False,False,2
156,IMG_007413,n01-standard-inside-bay,1,POSITIVE_OUTSIDE,OUTSIDE_FALLBACK_POSITIVE,True,False,False,3
156,IMG_007413,n01-standard-inside-bay,2,POSITIVE_OUTSIDE,OUTSIDE_FALLBACK_POSITIVE,True,False,False,3
156,IMG_007425,n01-standard-inside-bay,1,POSITIVE_OUTSIDE,OUTSIDE_FALLBACK_POSITIVE,True,False,False,5
156,IMG_007445,n02-close-to-line-but-inside,1,POSITIVE_OUTSIDE,OUTSIDE_FALLBACK_POSITIVE,True,False,False,3
156,IMG_007445,n02-close-to-line-but-inside,2,POSITIVE_OUTSIDE,OUTSIDE_FALLBACK_POSITIVE,True,False,False,3
156,IMG_007450,n02-close-to-line-but-inside,1,POSITIVE_OUTSIDE,OUTSIDE_FALLBACK_POSITIVE,True,False,False,4
156,IMG_007562,p02-cross-single-boundary-line,1,POSITIVE_OUTSIDE,OUTSIDE_FALLBACK_POSITIVE,True,False,False,9
156,IMG_007593,p02-cross-single-boundary-line,1,POSITIVE_OUTSIDE,OUTSIDE_FALLBACK_POSITIVE,True,False,False,2
156,IMG_007626,p04-angled-footprint-outside,1,POSITIVE_OUTSIDE,OUTSIDE_FALLBACK_POSITIVE,True,False,False,7
156,IMG_007637,p04-angled-footprint-outside,1,POSITIVE_OUTSIDE,OUTSIDE_FALLBACK_POSITIVE,True,False,False,1
157,IMG_007350,hn02-faded-lines-but-confirmably-inside,1,POSITIVE_OUTSIDE,OUTSIDE_FALLBACK_POSITIVE,True,False,False,3
157,IMG_007396,hn06-shadows-cracks-curbs-mimic-lines,1,POSITIVE_OUTSIDE,OUTSIDE_FALLBACK_POSITIVE,True,False,False,3
157,IMG_007396,hn06-shadows-cracks-curbs-mimic-lines,2,POSITIVE_OUTSIDE,OUTSIDE_FALLBACK_POSITIVE,True,False,False,2
157,IMG_007413,n01-standard-inside-bay,1,POSITIVE_OUTSIDE,OUTSIDE_FALLBACK_POSITIVE,True,False,False,3
157,IMG_007413,n01-standard-inside-bay,2,POSITIVE_OUTSIDE,OUTSIDE_FALLBACK_POSITIVE,True,False,False,3
157,IMG_007425,n01-standard-inside-bay,1,POSITIVE_OUTSIDE,OUTSIDE_FALLBACK_POSITIVE,True,False,False,5
157,IMG_007445,n02-close-to-line-but-inside,1,POSITIVE_OUTSIDE,OUTSIDE_FALLBACK_POSITIVE,True,False,False,3
157,IMG_007445,n02-close-to-line-but-inside,2,POSITIVE_OUTSIDE,OUTSIDE_FALLBACK_POSITIVE,True,False,False,3
157,IMG_007450,n02-close-to-line-but-inside,1,POSITIVE_OUTSIDE,OUTSIDE_FALLBACK_POSITIVE,True,False,False,4
157,IMG_007562,p02-cross-single-boundary-line,1,POSITIVE_OUTSIDE,OUTSIDE_FALLBACK_POSITIVE,True,False,False,9
157,IMG_007593,p02-cross-single-boundary-line,1,POSITIVE_OUTSIDE,OUTSIDE_FALLBACK_POSITIVE,True,False,False,2
157,IMG_007626,p04-angled-footprint-outside,1,POSITIVE_OUTSIDE,OUTSIDE_FALLBACK_POSITIVE,True,False,False,7
157,IMG_007637,p04-angled-footprint-outside,1,POSITIVE_OUTSIDE,OUTSIDE_FALLBACK_POSITIVE,True,False,False,1
158,IMG_007350,hn02-faded-lines-but-confirmably-inside,1,POSITIVE_OUTSIDE,OUTSIDE_FALLBACK_POSITIVE,True,False,False,3
158,IMG_007396,hn06-shadows-cracks-curbs-mimic-lines,1,POSITIVE_OUTSIDE,OUTSIDE_FALLBACK_POSITIVE,True,False,False,3
158,IMG_007396,hn06-shadows-cracks-curbs-mimic-lines,2,POSITIVE_OUTSIDE,OUTSIDE_FALLBACK_POSITIVE,True,False,False,2
158,IMG_007413,n01-standard-inside-bay,1,POSITIVE_OUTSIDE,OUTSIDE_FALLBACK_POSITIVE,True,False,False,3
158,IMG_007413,n01-standard-inside-bay,2,POSITIVE_OUTSIDE,OUTSIDE_FALLBACK_POSITIVE,True,False,False,3
158,IMG_007425,n01-standard-inside-bay,1,POSITIVE_OUTSIDE,OUTSIDE_FALLBACK_POSITIVE,True,False,False,5
158,IMG_007445,n02-close-to-line-but-inside,1,POSITIVE_OUTSIDE,OUTSIDE_FALLBACK_POSITIVE,True,False,False,3
158,IMG_007445,n02-close-to-line-but-inside,2,POSITIVE_OUTSIDE,OUTSIDE_FALLBACK_POSITIVE,True,False,False,3
158,IMG_007450,n02-close-to-line-but-inside,1,POSITIVE_OUTSIDE,OUTSIDE_FALLBACK_POSITIVE,True,False,False,4
158,IMG_007562,p02-cross-single-boundary-line,1,POSITIVE_OUTSIDE,OUTSIDE_FALLBACK_POSITIVE,True,False,False,9
158,IMG_007593,p02-cross-single-boundary-line,1,POSITIVE_OUTSIDE,OUTSIDE_FALLBACK_POSITIVE,True,False,False,2
158,IMG_007626,p04-angled-footprint-outside,1,POSITIVE_OUTSIDE,OUTSIDE_FALLBACK_POSITIVE,True,False,False,7
158,IMG_007637,p04-angled-footprint-outside,1,POSITIVE_OUTSIDE,OUTSIDE_FALLBACK_POSITIVE,True,False,False,1
159,IMG_007350,hn02-faded-lines-but-confirmably-inside,1,POSITIVE_OUTSIDE,OUTSIDE_FALLBACK_POSITIVE,True,False,False,3
159,IMG_007396,hn06-shadows-cracks-curbs-mimic-lines,1,POSITIVE_OUTSIDE,OUTSIDE_FALLBACK_POSITIVE,True,False,False,3
159,IMG_007396,hn06-shadows-cracks-curbs-mimic-lines,2,POSITIVE_OUTSIDE,OUTSIDE_FALLBACK_POSITIVE,True,False,False,2
159,IMG_007413,n01-standard-inside-bay,1,POSITIVE_OUTSIDE,OUTSIDE_FALLBACK_POSITIVE,True,False,False,3
159,IMG_007413,n01-standard-inside-bay,2,POSITIVE_OUTSIDE,OUTSIDE_FALLBACK_POSITIVE,True,False,False,3
159,IMG_007425,n01-standard-inside-bay,1,POSITIVE_OUTSIDE,OUTSIDE_FALLBACK_POSITIVE,True,False,False,5
159,IMG_007445,n02-close-to-line-but-inside,1,POSITIVE_OUTSIDE,OUTSIDE_FALLBACK_POSITIVE,True,False,False,3
159,IMG_007445,n02-close-to-line-but-inside,2,POSITIVE_OUTSIDE,OUTSIDE_FALLBACK_POSITIVE,True,False,False,3
159,IMG_007450,n02-close-to-line-but-inside,1,POSITIVE_OUTSIDE,OUTSIDE_FALLBACK_POSITIVE,True,False,False,4
159,IMG_007562,p02-cross-single-boundary-line,1,POSITIVE_OUTSIDE,OUTSIDE_FALLBACK_POSITIVE,True,False,False,9
159,IMG_007593,p02-cross-single-boundary-line,1,POSITIVE_OUTSIDE,OUTSIDE_FALLBACK_POSITIVE,True,False,False,2
159,IMG_007626,p04-angled-footprint-outside,1,POSITIVE_OUTSIDE,OUTSIDE_FALLBACK_POSITIVE,True,False,False,7
159,IMG_007637,p04-angled-footprint-outside,1,POSITIVE_OUTSIDE,OUTSIDE_FALLBACK_POSITIVE,True,False,False,1
160,IMG_007350,hn02-faded-lines-but-confirmably-inside,1,POSITIVE_OUTSIDE,OUTSIDE_FALLBACK_POSITIVE,True,False,False,3
160,IMG_007396,hn06-shadows-cracks-curbs-mimic-lines,1,POSITIVE_OUTSIDE,OUTSIDE_FALLBACK_POSITIVE,True,False,False,3
160,IMG_007396,hn06-shadows-cracks-curbs-mimic-lines,2,POSITIVE_OUTSIDE,OUTSIDE_FALLBACK_POSITIVE,True,False,False,2
160,IMG_007413,n01-standard-inside-bay,1,POSITIVE_OUTSIDE,OUTSIDE_FALLBACK_POSITIVE,True,False,False,3
160,IMG_007413,n01-standard-inside-bay,2,POSITIVE_OUTSIDE,OUTSIDE_FALLBACK_POSITIVE,True,False,False,3
160,IMG_007425,n01-standard-inside-bay,1,POSITIVE_OUTSIDE,OUTSIDE_FALLBACK_POSITIVE,True,False,False,5
160,IMG_007445,n02-close-to-line-but-inside,1,POSITIVE_OUTSIDE,OUTSIDE_FALLBACK_POSITIVE,True,False,False,3
160,IMG_007445,n02-close-to-line-but-inside,2,POSITIVE_OUTSIDE,OUTSIDE_FALLBACK_POSITIVE,True,False,False,3
160,IMG_007450,n02-close-to-line-but-inside,1,POSITIVE_OUTSIDE,OUTSIDE_FALLBACK_POSITIVE,True,False,False,4
160,IMG_007562,p02-cross-single-boundary-line,1,POSITIVE_OUTSIDE,OUTSIDE_FALLBACK_POSITIVE,True,False,False,9
160,IMG_007593,p02-cross-single-boundary-line,1,POSITIVE_OUTSIDE,OUTSIDE_FALLBACK_POSITIVE,True,False,False,2
160,IMG_007626,p04-angled-footprint-outside,1,POSITIVE_OUTSIDE,OUTSIDE_FALLBACK_POSITIVE,True,False,False,7
160,IMG_007637,p04-angled-footprint-outside,1,POSITIVE_OUTSIDE,OUTSIDE_FALLBACK_POSITIVE,True,False,False,1
161,IMG_007350,hn02-faded-lines-but-confirmably-inside,1,POSITIVE_OUTSIDE,OUTSIDE_FALLBACK_POSITIVE,True,False,False,3
161,IMG_007396,hn06-shadows-cracks-curbs-mimic-lines,1,POSITIVE_OUTSIDE,OUTSIDE_FALLBACK_POSITIVE,True,False,False,3
161,IMG_007396,hn06-shadows-cracks-curbs-mimic-lines,2,POSITIVE_OUTSIDE,OUTSIDE_FALLBACK_POSITIVE,True,False,False,2
161,IMG_007413,n01-standard-inside-bay,1,POSITIVE_OUTSIDE,OUTSIDE_FALLBACK_POSITIVE,True,False,False,3
161,IMG_007413,n01-standard-inside-bay,2,POSITIVE_OUTSIDE,OUTSIDE_FALLBACK_POSITIVE,True,False,False,3
161,IMG_007425,n01-standard-inside-bay,1,POSITIVE_OUTSIDE,OUTSIDE_FALLBACK_POSITIVE,True,False,False,5
161,IMG_007445,n02-close-to-line-but-inside,1,POSITIVE_OUTSIDE,OUTSIDE_FALLBACK_POSITIVE,True,False,False,3
161,IMG_007445,n02-close-to-line-but-inside,2,POSITIVE_OUTSIDE,OUTSIDE_FALLBACK_POSITIVE,True,False,False,3
161,IMG_007450,n02-close-to-line-but-inside,1,POSITIVE_OUTSIDE,OUTSIDE_FALLBACK_POSITIVE,True,False,False,4
161,IMG_007562,p02-cross-single-boundary-line,1,POSITIVE_OUTSIDE,OUTSIDE_FALLBACK_POSITIVE,True,False,False,9
161,IMG_007593,p02-cross-single-boundary-line,1,POSITIVE_OUTSIDE,OUTSIDE_FALLBACK_POSITIVE,True,False,False,2
161,IMG_007626,p04-angled-footprint-outside,1,POSITIVE_OUTSIDE,OUTSIDE_FALLBACK_POSITIVE,True,False,False,7
161,IMG_007637,p04-angled-footprint-outside,1,POSITIVE_OUTSIDE,OUTSIDE_FALLBACK_POSITIVE,True,False,False,1
