source_id,slug,file_stem,group_key,scenario_id,role,event_label,split,image_path,prompt_path,sha256,width,height
1,pov-b1-0001-p01-outside-legal-bay-clear-front-center,001_pov-b1-0001-p01-outside-legal-bay-clear-front-center,p01-outside-legal-bay-clear,POV_PARKING_B1_P01_OUTSIDE_LEGAL_BAY_CLEAR,positive,1,train,/home/yanbo/下载/batch_20260902_115647_parking-order-violation-batch1-400-retry/final/001_pov-b1-0001-p01-outside-legal-bay-clear-front-center.png,/home/yanbo/下载/batch_20260902_115647_parking-order-violation-batch1-400-retry/prompts/001_pov-b1-0001-p01-outside-legal-bay-clear-front-center.txt,35fd6f09cc5058905dacb3e2c3098930ece62568b7cd4693b5e308e5dc326472,1920,1080
2,pov-b1-0002-p01-outside-legal-bay-clear-front-left,002_pov-b1-0002-p01-outside-legal-bay-clear-front-left,p01-outside-legal-bay-clear,POV_PARKING_B1_P01_OUTSIDE_LEGAL_BAY_CLEAR,positive,1,train,/home/yanbo/下载/batch_20260902_115647_parking-order-violation-batch1-400-retry/final/002_pov-b1-0002-p01-outside-legal-bay-clear-front-left.png,/home/yanbo/下载/batch_20260902_115647_parking-order-violation-batch1-400-retry/prompts/002_pov-b1-0002-p01-outside-legal-bay-clear-front-left.txt,0ac07929df37198dc40d070eae1572dc3dc0f3c40e6051a5fca984e999030676,1920,1080
3,pov-b1-0003-p01-outside-legal-bay-clear-front-right,003_pov-b1-0003-p01-outside-legal-bay-clear-front-right,p01-outside-legal-bay-clear,POV_PARKING_B1_P01_OUTSIDE_LEGAL_BAY_CLEAR,positive,1,train,/home/yanbo/下载/batch_20260902_115647_parking-order-violation-batch1-400-retry/final/003_pov-b1-0003-p01-outside-legal-bay-clear-front-right.png,/home/yanbo/下载/batch_20260902_115647_parking-order-violation-batch1-400-retry/prompts/003_pov-b1-0003-p01-outside-legal-bay-clear-front-right.txt,ff0a602e17a29d88005ba4c34738e4109716e0a7b507ba23a1c9141c63b10e21,1920,1080
4,pov-b1-0004-p01-outside-legal-bay-clear-front-center,004_pov-b1-0004-p01-outside-legal-bay-clear-front-center,p01-outside-legal-bay-clear,POV_PARKING_B1_P01_OUTSIDE_LEGAL_BAY_CLEAR,positive,1,train,/home/yanbo/下载/batch_20260902_115647_parking-order-violation-batch1-400-retry/final/004_pov-b1-0004-p01-outside-legal-bay-clear-front-center.png,/home/yanbo/下载/batch_20260902_115647_parking-order-violation-batch1-400-retry/prompts/004_pov-b1-0004-p01-outside-legal-bay-clear-front-center.txt,f9356a8ec08462b119432041521ee95bc38aa614c8113840ea2163a9475accfe,1920,1080
5,pov-b1-0005-p01-outside-legal-bay-clear-front-left,005_pov-b1-0005-p01-outside-legal-bay-clear-front-left,p01-outside-legal-bay-clear,POV_PARKING_B1_P01_OUTSIDE_LEGAL_BAY_CLEAR,positive,1,train,/home/yanbo/下载/batch_20260902_115647_parking-order-violation-batch1-400-retry/final/005_pov-b1-0005-p01-outside-legal-bay-clear-front-left.png,/home/yanbo/下载/batch_20260902_115647_parking-order-violation-batch1-400-retry/prompts/005_pov-b1-0005-p01-outside-legal-bay-clear-front-left.txt,262716fe416364a2a3c92434537b2182f1149ccca9ca2e6ec445c234da511fb1,1920,1080
6,pov-b1-0006-p01-outside-legal-bay-clear-front-right,006_pov-b1-0006-p01-outside-legal-bay-clear-front-right,p01-outside-legal-bay-clear,POV_PARKING_B1_P01_OUTSIDE_LEGAL_BAY_CLEAR,positive,1,train,/home/yanbo/下载/batch_20260902_115647_parking-order-violation-batch1-400-retry/final/006_pov-b1-0006-p01-outside-legal-bay-clear-front-right.png,/home/yanbo/下载/batch_20260902_115647_parking-order-violation-batch1-400-retry/prompts/006_pov-b1-0006-p01-outside-legal-bay-clear-front-right.txt,e58d1f33401fb0671f8aabb59abb2f97defe18496aa16b75ad2cb89ac1f302d1,1920,1080
7,pov-b1-0007-p01-outside-legal-bay-clear-front-center,007_pov-b1-0007-p01-outside-legal-bay-clear-front-center,p01-outside-legal-bay-clear,POV_PARKING_B1_P01_OUTSIDE_LEGAL_BAY_CLEAR,positive,1,train,/home/yanbo/下载/batch_20260902_115647_parking-order-violation-batch1-400-retry/final/007_pov-b1-0007-p01-outside-legal-bay-clear-front-center.png,/home/yanbo/下载/batch_20260902_115647_parking-order-violation-batch1-400-retry/prompts/007_pov-b1-0007-p01-outside-legal-bay-clear-front-center.txt,7e1acbb327a9f4577548c2ba93abcf0b17ee8b696f9987d4e81f34f1a8061d5f,1920,1080
8,pov-b1-0008-p01-outside-legal-bay-clear-front-left,008_pov-b1-0008-p01-outside-legal-bay-clear-front-left,p01-outside-legal-bay-clear,POV_PARKING_B1_P01_OUTSIDE_LEGAL_BAY_CLEAR,positive,1,train,/home/yanbo/下载/batch_20260902_115647_parking-order-violation-batch1-400-retry/final/008_pov-b1-0008-p01-outside-legal-bay-clear-front-left.png,/home/yanbo/下载/batch_20260902_115647_parking-order-violation-batch1-400-retry/prompts/008_pov-b1-0008-p01-outside-legal-bay-clear-front-left.txt,2e417531062eed85ca3d715a29639e0b2722bdc5346a948272de66c159b70e28,1920,1080
9,pov-b1-0009-p01-outside-legal-bay-clear-front-right,009_pov-b1-0009-p01-outside-legal-bay-clear-front-right,p01-outside-legal-bay-clear,POV_PARKING_B1_P01_OUTSIDE_LEGAL_BAY_CLEAR,positive,1,train,/home/yanbo/下载/batch_20260902_115647_parking-order-violation-batch1-400-retry/final/009_pov-b1-0009-p01-outside-legal-bay-clear-front-right.png,/home/yanbo/下载/batch_20260902_115647_parking-order-violation-batch1-400-retry/prompts/009_pov-b1-0009-p01-outside-legal-bay-clear-front-right.txt,4b94b3c00ba8a76a41e8be8de629e5378a860ea72b646fc9f2a796cac3ee7e6d,1920,1080
10,pov-b1-0010-p01-outside-legal-bay-clear-front-center,010_pov-b1-0010-p01-outside-legal-bay-clear-front-center,p01-outside-legal-bay-clear,POV_PARKING_B1_P01_OUTSIDE_LEGAL_BAY_CLEAR,positive,1,train,/home/yanbo/下载/batch_20260902_115647_parking-order-violation-batch1-400-retry/final/010_pov-b1-0010-p01-outside-legal-bay-clear-front-center.png,/home/yanbo/下载/batch_20260902_115647_parking-order-violation-batch1-400-retry/prompts/010_pov-b1-0010-p01-outside-legal-bay-clear-front-center.txt,ce0389699c20b59dc2543bc4de4bd409bd193a120353c152ccde3a99a4770d07,1920,1080
11,pov-b1-0011-p01-outside-legal-bay-clear-front-left,011_pov-b1-0011-p01-outside-legal-bay-clear-front-left,p01-outside-legal-bay-clear,POV_PARKING_B1_P01_OUTSIDE_LEGAL_BAY_CLEAR,positive,1,train,/home/yanbo/下载/batch_20260902_115647_parking-order-violation-batch1-400-retry/final/011_pov-b1-0011-p01-outside-legal-bay-clear-front-left.png,/home/yanbo/下载/batch_20260902_115647_parking-order-violation-batch1-400-retry/prompts/011_pov-b1-0011-p01-outside-legal-bay-clear-front-left.txt,b8507d3968990975963936bd9112c102ea91f8d6ee5f6860c382f3534920506f,1920,1080
12,pov-b1-0012-p01-outside-legal-bay-clear-front-right,012_pov-b1-0012-p01-outside-legal-bay-clear-front-right,p01-outside-legal-bay-clear,POV_PARKING_B1_P01_OUTSIDE_LEGAL_BAY_CLEAR,positive,1,train,/home/yanbo/下载/batch_20260902_115647_parking-order-violation-batch1-400-retry/final/012_pov-b1-0012-p01-outside-legal-bay-clear-front-right.png,/home/yanbo/下载/batch_20260902_115647_parking-order-violation-batch1-400-retry/prompts/012_pov-b1-0012-p01-outside-legal-bay-clear-front-right.txt,ad38ad7ee4e9725af3c640552f17acc6c63b0aa98be7acdf90f9d8007c8cad1b,1920,1080
13,pov-b1-0013-p01-outside-legal-bay-clear-front-center,013_pov-b1-0013-p01-outside-legal-bay-clear-front-center,p01-outside-legal-bay-clear,POV_PARKING_B1_P01_OUTSIDE_LEGAL_BAY_CLEAR,positive,1,train,/home/yanbo/下载/batch_20260902_115647_parking-order-violation-batch1-400-retry/final/013_pov-b1-0013-p01-outside-legal-bay-clear-front-center.png,/home/yanbo/下载/batch_20260902_115647_parking-order-violation-batch1-400-retry/prompts/013_pov-b1-0013-p01-outside-legal-bay-clear-front-center.txt,4afd38d31893fb9de8fab0cc246643a0c7019bfbbd2961f66cecabc4d6ab0f31,1920,1080
14,pov-b1-0014-p01-outside-legal-bay-clear-front-left,014_pov-b1-0014-p01-outside-legal-bay-clear-front-left,p01-outside-legal-bay-clear,POV_PARKING_B1_P01_OUTSIDE_LEGAL_BAY_CLEAR,positive,1,train,/home/yanbo/下载/batch_20260902_115647_parking-order-violation-batch1-400-retry/final/014_pov-b1-0014-p01-outside-legal-bay-clear-front-left.png,/home/yanbo/下载/batch_20260902_115647_parking-order-violation-batch1-400-retry/prompts/014_pov-b1-0014-p01-outside-legal-bay-clear-front-left.txt,b3edf02484db2aa4b758c813ee19476939beb85f20b3fabec56e017e89d3de0c,1920,1080
15,pov-b1-0015-p01-outside-legal-bay-clear-front-right,015_pov-b1-0015-p01-outside-legal-bay-clear-front-right,p01-outside-legal-bay-clear,POV_PARKING_B1_P01_OUTSIDE_LEGAL_BAY_CLEAR,positive,1,train,/home/yanbo/下载/batch_20260902_115647_parking-order-violation-batch1-400-retry/final/015_pov-b1-0015-p01-outside-legal-bay-clear-front-right.png,/home/yanbo/下载/batch_20260902_115647_parking-order-violation-batch1-400-retry/prompts/015_pov-b1-0015-p01-outside-legal-bay-clear-front-right.txt,47bbb813df0ec3ddce5ccabf718efd3f8ff1525ca077bf9e3b506dbd04783656,1920,1080
16,pov-b1-0016-p01-outside-legal-bay-clear-front-center,016_pov-b1-0016-p01-outside-legal-bay-clear-front-center,p01-outside-legal-bay-clear,POV_PARKING_B1_P01_OUTSIDE_LEGAL_BAY_CLEAR,positive,1,train,/home/yanbo/下载/batch_20260902_115647_parking-order-violation-batch1-400-retry/final/016_pov-b1-0016-p01-outside-legal-bay-clear-front-center.png,/home/yanbo/下载/batch_20260902_115647_parking-order-violation-batch1-400-retry/prompts/016_pov-b1-0016-p01-outside-legal-bay-clear-front-center.txt,482bb14355c7906d97f027b7b4309cc0c5dc1ebcee2645df1107d5cb418869ac,1920,1080
17,pov-b1-0017-p01-outside-legal-bay-clear-front-left,017_pov-b1-0017-p01-outside-legal-bay-clear-front-left,p01-outside-legal-bay-clear,POV_PARKING_B1_P01_OUTSIDE_LEGAL_BAY_CLEAR,positive,1,train,/home/yanbo/下载/batch_20260902_115647_parking-order-violation-batch1-400-retry/final/017_pov-b1-0017-p01-outside-legal-bay-clear-front-left.png,/home/yanbo/下载/batch_20260902_115647_parking-order-violation-batch1-400-retry/prompts/017_pov-b1-0017-p01-outside-legal-bay-clear-front-left.txt,ff8320b9fa229dbe4fb3bf943b793c1800c1922365781e5ddd47404f7e84c780,1920,1080
18,pov-b1-0018-p01-outside-legal-bay-clear-front-right,018_pov-b1-0018-p01-outside-legal-bay-clear-front-right,p01-outside-legal-bay-clear,POV_PARKING_B1_P01_OUTSIDE_LEGAL_BAY_CLEAR,positive,1,train,/home/yanbo/下载/batch_20260902_115647_parking-order-violation-batch1-400-retry/final/018_pov-b1-0018-p01-outside-legal-bay-clear-front-right.png,/home/yanbo/下载/batch_20260902_115647_parking-order-violation-batch1-400-retry/prompts/018_pov-b1-0018-p01-outside-legal-bay-clear-front-right.txt,8df3e7b0927ae55040e21ba4ee2d152e36e647a438e3f3df7f7b708dcbf77813,1920,1080
19,pov-b1-0019-p01-outside-legal-bay-clear-front-center,019_pov-b1-0019-p01-outside-legal-bay-clear-front-center,p01-outside-legal-bay-clear,POV_PARKING_B1_P01_OUTSIDE_LEGAL_BAY_CLEAR,positive,1,train,/home/yanbo/下载/batch_20260902_115647_parking-order-violation-batch1-400-retry/final/019_pov-b1-0019-p01-outside-legal-bay-clear-front-center.png,/home/yanbo/下载/batch_20260902_115647_parking-order-violation-batch1-400-retry/prompts/019_pov-b1-0019-p01-outside-legal-bay-clear-front-center.txt,012a5130dcb865060ed547fe250f200d13d11a61adaa6435e2544adf84248ae0,1920,1080
20,pov-b1-0020-p01-outside-legal-bay-clear-front-left,020_pov-b1-0020-p01-outside-legal-bay-clear-front-left,p01-outside-legal-bay-clear,POV_PARKING_B1_P01_OUTSIDE_LEGAL_BAY_CLEAR,positive,1,train,/home/yanbo/下载/batch_20260902_115647_parking-order-violation-batch1-400-retry/final/020_pov-b1-0020-p01-outside-legal-bay-clear-front-left.png,/home/yanbo/下载/batch_20260902_115647_parking-order-violation-batch1-400-retry/prompts/020_pov-b1-0020-p01-outside-legal-bay-clear-front-left.txt,572a3f79d72d397f89f226fe37d07c975c7b526d73b5b008d0c5795b9910e3d4,1920,1080
21,pov-b1-0021-p01-outside-legal-bay-clear-front-right,021_pov-b1-0021-p01-outside-legal-bay-clear-front-right,p01-outside-legal-bay-clear,POV_PARKING_B1_P01_OUTSIDE_LEGAL_BAY_CLEAR,positive,1,train,/home/yanbo/下载/batch_20260902_115647_parking-order-violation-batch1-400-retry/final/021_pov-b1-0021-p01-outside-legal-bay-clear-front-right.png,/home/yanbo/下载/batch_20260902_115647_parking-order-violation-batch1-400-retry/prompts/021_pov-b1-0021-p01-outside-legal-bay-clear-front-right.txt,b098cc06023868902c46b0ea19b4a7a8e2fd450739d9f69a0144f037ae31643f,1920,1080
22,pov-b1-0022-p01-outside-legal-bay-clear-front-center,022_pov-b1-0022-p01-outside-legal-bay-clear-front-center,p01-outside-legal-bay-clear,POV_PARKING_B1_P01_OUTSIDE_LEGAL_BAY_CLEAR,positive,1,train,/home/yanbo/下载/batch_20260902_115647_parking-order-violation-batch1-400-retry/final/022_pov-b1-0022-p01-outside-legal-bay-clear-front-center.png,/home/yanbo/下载/batch_20260902_115647_parking-order-violation-batch1-400-retry/prompts/022_pov-b1-0022-p01-outside-legal-bay-clear-front-center.txt,59dcf300c58c78766d3446ae6b83b359a220b56659706ce7385c5053d3e471d3,1920,1080
23,pov-b1-0023-p01-outside-legal-bay-clear-front-left,023_pov-b1-0023-p01-outside-legal-bay-clear-front-left,p01-outside-legal-bay-clear,POV_PARKING_B1_P01_OUTSIDE_LEGAL_BAY_CLEAR,positive,1,train,/home/yanbo/下载/batch_20260902_115647_parking-order-violation-batch1-400-retry/final/023_pov-b1-0023-p01-outside-legal-bay-clear-front-left.png,/home/yanbo/下载/batch_20260902_115647_parking-order-violation-batch1-400-retry/prompts/023_pov-b1-0023-p01-outside-legal-bay-clear-front-left.txt,627b93eb15fe18566af3499d9d1ff1b99458e8874451f36528b821f06c5388d6,1920,1080
24,pov-b1-0024-p01-outside-legal-bay-clear-front-right,024_pov-b1-0024-p01-outside-legal-bay-clear-front-right,p01-outside-legal-bay-clear,POV_PARKING_B1_P01_OUTSIDE_LEGAL_BAY_CLEAR,positive,1,train,/home/yanbo/下载/batch_20260902_115647_parking-order-violation-batch1-400-retry/final/024_pov-b1-0024-p01-outside-legal-bay-clear-front-right.png,/home/yanbo/下载/batch_20260902_115647_parking-order-violation-batch1-400-retry/prompts/024_pov-b1-0024-p01-outside-legal-bay-clear-front-right.txt,fc3ed29614f9ddaa059b1c63c12195be9c938924de18bdc061c4202411daaf29,1920,1080
26,pov-b1-0026-p01-outside-legal-bay-clear-front-left,026_pov-b1-0026-p01-outside-legal-bay-clear-front-left,p01-outside-legal-bay-clear,POV_PARKING_B1_P01_OUTSIDE_LEGAL_BAY_CLEAR,positive,1,train,/home/yanbo/下载/batch_20260902_115647_parking-order-violation-batch1-400-retry/final/026_pov-b1-0026-p01-outside-legal-bay-clear-front-left.png,/home/yanbo/下载/batch_20260902_115647_parking-order-violation-batch1-400-retry/prompts/026_pov-b1-0026-p01-outside-legal-bay-clear-front-left.txt,c246c7bb7f5a5d1f1788b5b0c2abdf6dd8c0f16ea40e6bde061d4e77d3e1767e,1920,1080
27,pov-b1-0027-p01-outside-legal-bay-clear-front-right,027_pov-b1-0027-p01-outside-legal-bay-clear-front-right,p01-outside-legal-bay-clear,POV_PARKING_B1_P01_OUTSIDE_LEGAL_BAY_CLEAR,positive,1,train,/home/yanbo/下载/batch_20260902_115647_parking-order-violation-batch1-400-retry/final/027_pov-b1-0027-p01-outside-legal-bay-clear-front-right.png,/home/yanbo/下载/batch_20260902_115647_parking-order-violation-batch1-400-retry/prompts/027_pov-b1-0027-p01-outside-legal-bay-clear-front-right.txt,8672578a0fad505fac5a631781f63dfe5d5439b3ffcc42e13f35267bf4058878,1920,1080
28,pov-b1-0028-p01-outside-legal-bay-clear-front-center,028_pov-b1-0028-p01-outside-legal-bay-clear-front-center,p01-outside-legal-bay-clear,POV_PARKING_B1_P01_OUTSIDE_LEGAL_BAY_CLEAR,positive,1,train,/home/yanbo/下载/batch_20260902_115647_parking-order-violation-batch1-400-retry/final/028_pov-b1-0028-p01-outside-legal-bay-clear-front-center.png,/home/yanbo/下载/batch_20260902_115647_parking-order-violation-batch1-400-retry/prompts/028_pov-b1-0028-p01-outside-legal-bay-clear-front-center.txt,4258c9ddfdf0fa5fd4490e5e20c0ce3b07244de0f782cbaf136e32f2c52c685d,1920,1080
29,pov-b1-0029-p01-outside-legal-bay-clear-front-left,029_pov-b1-0029-p01-outside-legal-bay-clear-front-left,p01-outside-legal-bay-clear,POV_PARKING_B1_P01_OUTSIDE_LEGAL_BAY_CLEAR,positive,1,train,/home/yanbo/下载/batch_20260902_115647_parking-order-violation-batch1-400-retry/final/029_pov-b1-0029-p01-outside-legal-bay-clear-front-left.png,/home/yanbo/下载/batch_20260902_115647_parking-order-violation-batch1-400-retry/prompts/029_pov-b1-0029-p01-outside-legal-bay-clear-front-left.txt,963a1794c8c5c7ca3f54267bcd2fc6c1c7bf0f8fd32286cf4d58edf6b5d7fe32,1920,1080
30,pov-b1-0030-p01-outside-legal-bay-clear-front-right,030_pov-b1-0030-p01-outside-legal-bay-clear-front-right,p01-outside-legal-bay-clear,POV_PARKING_B1_P01_OUTSIDE_LEGAL_BAY_CLEAR,positive,1,train,/home/yanbo/下载/batch_20260902_115647_parking-order-violation-batch1-400-retry/final/030_pov-b1-0030-p01-outside-legal-bay-clear-front-right.png,/home/yanbo/下载/batch_20260902_115647_parking-order-violation-batch1-400-retry/prompts/030_pov-b1-0030-p01-outside-legal-bay-clear-front-right.txt,4f17bdfd1fce16f4bd783575464ee74fabb2eb6ae988f25e84d044c3757ef010,1920,1080
31,pov-b1-0031-p01-outside-legal-bay-clear-front-center,031_pov-b1-0031-p01-outside-legal-bay-clear-front-center,p01-outside-legal-bay-clear,POV_PARKING_B1_P01_OUTSIDE_LEGAL_BAY_CLEAR,positive,1,train,/home/yanbo/下载/batch_20260902_115647_parking-order-violation-batch1-400-retry/final/031_pov-b1-0031-p01-outside-legal-bay-clear-front-center.png,/home/yanbo/下载/batch_20260902_115647_parking-order-violation-batch1-400-retry/prompts/031_pov-b1-0031-p01-outside-legal-bay-clear-front-center.txt,67aa0b565d19e0960719fd675a518ee02a6870494949f5eea5cfed212ec1608c,1920,1080
32,pov-b1-0032-p01-outside-legal-bay-clear-front-left,032_pov-b1-0032-p01-outside-legal-bay-clear-front-left,p01-outside-legal-bay-clear,POV_PARKING_B1_P01_OUTSIDE_LEGAL_BAY_CLEAR,positive,1,train,/home/yanbo/下载/batch_20260902_115647_parking-order-violation-batch1-400-retry/final/032_pov-b1-0032-p01-outside-legal-bay-clear-front-left.png,/home/yanbo/下载/batch_20260902_115647_parking-order-violation-batch1-400-retry/prompts/032_pov-b1-0032-p01-outside-legal-bay-clear-front-left.txt,5139a253b6d1ce8e79162844bc2560fcc29bf55dce700959e77d9e67c22eb95f,1920,1080
33,pov-b1-0033-p01-outside-legal-bay-clear-front-right,033_pov-b1-0033-p01-outside-legal-bay-clear-front-right,p01-outside-legal-bay-clear,POV_PARKING_B1_P01_OUTSIDE_LEGAL_BAY_CLEAR,positive,1,train,/home/yanbo/下载/batch_20260902_115647_parking-order-violation-batch1-400-retry/final/033_pov-b1-0033-p01-outside-legal-bay-clear-front-right.png,/home/yanbo/下载/batch_20260902_115647_parking-order-violation-batch1-400-retry/prompts/033_pov-b1-0033-p01-outside-legal-bay-clear-front-right.txt,3e649fb425db485aa2a92f42b71d46d2e1097e1060eacd886961c437d05915cc,1920,1080
34,pov-b1-0034-p01-outside-legal-bay-clear-front-center,034_pov-b1-0034-p01-outside-legal-bay-clear-front-center,p01-outside-legal-bay-clear,POV_PARKING_B1_P01_OUTSIDE_LEGAL_BAY_CLEAR,positive,1,train,/home/yanbo/下载/batch_20260902_115647_parking-order-violation-batch1-400-retry/final/034_pov-b1-0034-p01-outside-legal-bay-clear-front-center.png,/home/yanbo/下载/batch_20260902_115647_parking-order-violation-batch1-400-retry/prompts/034_pov-b1-0034-p01-outside-legal-bay-clear-front-center.txt,97932a55b037ccf310ae39eb1818d85f49ed164b4f599f90ee17b61ad5073694,1920,1080
35,pov-b1-0035-p01-outside-legal-bay-clear-front-left,035_pov-b1-0035-p01-outside-legal-bay-clear-front-left,p01-outside-legal-bay-clear,POV_PARKING_B1_P01_OUTSIDE_LEGAL_BAY_CLEAR,positive,1,train,/home/yanbo/下载/batch_20260902_115647_parking-order-violation-batch1-400-retry/final/035_pov-b1-0035-p01-outside-legal-bay-clear-front-left.png,/home/yanbo/下载/batch_20260902_115647_parking-order-violation-batch1-400-retry/prompts/035_pov-b1-0035-p01-outside-legal-bay-clear-front-left.txt,9efbabb42116c5404e59ea092da06ffb304eb6d4ab9da128bb146b8129384718,1920,1080
36,pov-b1-0036-p01-outside-legal-bay-clear-front-right,036_pov-b1-0036-p01-outside-legal-bay-clear-front-right,p01-outside-legal-bay-clear,POV_PARKING_B1_P01_OUTSIDE_LEGAL_BAY_CLEAR,positive,1,train,/home/yanbo/下载/batch_20260902_115647_parking-order-violation-batch1-400-retry/final/036_pov-b1-0036-p01-outside-legal-bay-clear-front-right.png,/home/yanbo/下载/batch_20260902_115647_parking-order-violation-batch1-400-retry/prompts/036_pov-b1-0036-p01-outside-legal-bay-clear-front-right.txt,34c443db5a3a90bccf980fc14a8a48f9275143c41dace05edeba2dfc7f9a3865,1920,1080
37,pov-b1-0037-p01-outside-legal-bay-clear-front-center,037_pov-b1-0037-p01-outside-legal-bay-clear-front-center,p01-outside-legal-bay-clear,POV_PARKING_B1_P01_OUTSIDE_LEGAL_BAY_CLEAR,positive,1,train,/home/yanbo/下载/batch_20260902_115647_parking-order-violation-batch1-400-retry/final/037_pov-b1-0037-p01-outside-legal-bay-clear-front-center.png,/home/yanbo/下载/batch_20260902_115647_parking-order-violation-batch1-400-retry/prompts/037_pov-b1-0037-p01-outside-legal-bay-clear-front-center.txt,b879ee48ab4cae9efcd4f91acd470ae42d1564602cd9b26fe99b0648632e9c30,1920,1080
38,pov-b1-0038-p01-outside-legal-bay-clear-front-left,038_pov-b1-0038-p01-outside-legal-bay-clear-front-left,p01-outside-legal-bay-clear,POV_PARKING_B1_P01_OUTSIDE_LEGAL_BAY_CLEAR,positive,1,train,/home/yanbo/下载/batch_20260902_115647_parking-order-violation-batch1-400-retry/final/038_pov-b1-0038-p01-outside-legal-bay-clear-front-left.png,/home/yanbo/下载/batch_20260902_115647_parking-order-violation-batch1-400-retry/prompts/038_pov-b1-0038-p01-outside-legal-bay-clear-front-left.txt,2d2c27149d5340b1810e71d7ee266ee662e9162fd33fe39a3b00327c6216efce,1920,1080
39,pov-b1-0039-p01-outside-legal-bay-clear-front-center,039_pov-b1-0039-p01-outside-legal-bay-clear-front-center,p01-outside-legal-bay-clear,POV_PARKING_B1_P01_OUTSIDE_LEGAL_BAY_CLEAR,positive,1,train,/home/yanbo/下载/batch_20260902_115647_parking-order-violation-batch1-400-retry/final/039_pov-b1-0039-p01-outside-legal-bay-clear-front-center.png,/home/yanbo/下载/batch_20260902_115647_parking-order-violation-batch1-400-retry/prompts/039_pov-b1-0039-p01-outside-legal-bay-clear-front-center.txt,49ead178a7d141750b6346a3db635367c4b60fb3eb6bc6c38df68af4f91ed134,1920,1080
40,pov-b1-0040-p01-outside-legal-bay-clear-front-left,040_pov-b1-0040-p01-outside-legal-bay-clear-front-left,p01-outside-legal-bay-clear,POV_PARKING_B1_P01_OUTSIDE_LEGAL_BAY_CLEAR,positive,1,train,/home/yanbo/下载/batch_20260902_115647_parking-order-violation-batch1-400-retry/final/040_pov-b1-0040-p01-outside-legal-bay-clear-front-left.png,/home/yanbo/下载/batch_20260902_115647_parking-order-violation-batch1-400-retry/prompts/040_pov-b1-0040-p01-outside-legal-bay-clear-front-left.txt,1e9b4b51182591cf840782316c7ea1cfce0cea6efc94092de7325bca41124439,1920,1080
41,pov-b1-0041-p02-cross-single-boundary-line-front-center,041_pov-b1-0041-p02-cross-single-boundary-line-front-center,p02-cross-single-boundary-line,POV_PARKING_B1_P02_CROSS_SINGLE_BOUNDARY_LINE,positive,1,train,/home/yanbo/下载/batch_20260902_115647_parking-order-violation-batch1-400-retry/final/041_pov-b1-0041-p02-cross-single-boundary-line-front-center.png,/home/yanbo/下载/batch_20260902_115647_parking-order-violation-batch1-400-retry/prompts/041_pov-b1-0041-p02-cross-single-boundary-line-front-center.txt,f2f4a8a8e9595db41a6d5815025c881c8b22b1e0d0e04ac8822528f6c4a76b7c,1920,1080
42,pov-b1-0042-p02-cross-single-boundary-line-front-left,042_pov-b1-0042-p02-cross-single-boundary-line-front-left,p02-cross-single-boundary-line,POV_PARKING_B1_P02_CROSS_SINGLE_BOUNDARY_LINE,positive,1,train,/home/yanbo/下载/batch_20260902_115647_parking-order-violation-batch1-400-retry/final/042_pov-b1-0042-p02-cross-single-boundary-line-front-left.png,/home/yanbo/下载/batch_20260902_115647_parking-order-violation-batch1-400-retry/prompts/042_pov-b1-0042-p02-cross-single-boundary-line-front-left.txt,a1709030715bf45e78216506f40ad352eeeb9c5d1f816802b697d28cbd4659ea,1920,1080
43,pov-b1-0043-p02-cross-single-boundary-line-front-right,043_pov-b1-0043-p02-cross-single-boundary-line-front-right,p02-cross-single-boundary-line,POV_PARKING_B1_P02_CROSS_SINGLE_BOUNDARY_LINE,positive,1,train,/home/yanbo/下载/batch_20260902_115647_parking-order-violation-batch1-400-retry/final/043_pov-b1-0043-p02-cross-single-boundary-line-front-right.png,/home/yanbo/下载/batch_20260902_115647_parking-order-violation-batch1-400-retry/prompts/043_pov-b1-0043-p02-cross-single-boundary-line-front-right.txt,fbf0840b5295eebd50448505300464dc7a2963b90f8b16709ec4a1b94e5a4ec5,1920,1080
44,pov-b1-0044-p02-cross-single-boundary-line-front-center,044_pov-b1-0044-p02-cross-single-boundary-line-front-center,p02-cross-single-boundary-line,POV_PARKING_B1_P02_CROSS_SINGLE_BOUNDARY_LINE,positive,1,train,/home/yanbo/下载/batch_20260902_115647_parking-order-violation-batch1-400-retry/final/044_pov-b1-0044-p02-cross-single-boundary-line-front-center.png,/home/yanbo/下载/batch_20260902_115647_parking-order-violation-batch1-400-retry/prompts/044_pov-b1-0044-p02-cross-single-boundary-line-front-center.txt,e98d3f068c7e7ff0d6a731ab924fff48d66316d0dcaf320ea721c3ee9aefb426,1920,1080
45,pov-b1-0045-p02-cross-single-boundary-line-front-left,045_pov-b1-0045-p02-cross-single-boundary-line-front-left,p02-cross-single-boundary-line,POV_PARKING_B1_P02_CROSS_SINGLE_BOUNDARY_LINE,positive,1,train,/home/yanbo/下载/batch_20260902_115647_parking-order-violation-batch1-400-retry/final/045_pov-b1-0045-p02-cross-single-boundary-line-front-left.png,/home/yanbo/下载/batch_20260902_115647_parking-order-violation-batch1-400-retry/prompts/045_pov-b1-0045-p02-cross-single-boundary-line-front-left.txt,c8a23e574214ae421807d2fae50f3617aeedd235a07f7cbc78550a4b384bc856,1920,1080
46,pov-b1-0046-p02-cross-single-boundary-line-front-right,046_pov-b1-0046-p02-cross-single-boundary-line-front-right,p02-cross-single-boundary-line,POV_PARKING_B1_P02_CROSS_SINGLE_BOUNDARY_LINE,positive,1,train,/home/yanbo/下载/batch_20260902_115647_parking-order-violation-batch1-400-retry/final/046_pov-b1-0046-p02-cross-single-boundary-line-front-right.png,/home/yanbo/下载/batch_20260902_115647_parking-order-violation-batch1-400-retry/prompts/046_pov-b1-0046-p02-cross-single-boundary-line-front-right.txt,fc06c9c4695ca7cc59409261cd0293f6e9b080ee97f9247bbbd0c4b14c150cda,1920,1080
47,pov-b1-0047-p02-cross-single-boundary-line-front-center,047_pov-b1-0047-p02-cross-single-boundary-line-front-center,p02-cross-single-boundary-line,POV_PARKING_B1_P02_CROSS_SINGLE_BOUNDARY_LINE,positive,1,train,/home/yanbo/下载/batch_20260902_115647_parking-order-violation-batch1-400-retry/final/047_pov-b1-0047-p02-cross-single-boundary-line-front-center.png,/home/yanbo/下载/batch_20260902_115647_parking-order-violation-batch1-400-retry/prompts/047_pov-b1-0047-p02-cross-single-boundary-line-front-center.txt,0eacb9a070bf7cbf5561242969165c0662f30e6e46f7562ac9439da3305dc26e,1920,1080
48,pov-b1-0048-p02-cross-single-boundary-line-front-left,048_pov-b1-0048-p02-cross-single-boundary-line-front-left,p02-cross-single-boundary-line,POV_PARKING_B1_P02_CROSS_SINGLE_BOUNDARY_LINE,positive,1,train,/home/yanbo/下载/batch_20260902_115647_parking-order-violation-batch1-400-retry/final/048_pov-b1-0048-p02-cross-single-boundary-line-front-left.png,/home/yanbo/下载/batch_20260902_115647_parking-order-violation-batch1-400-retry/prompts/048_pov-b1-0048-p02-cross-single-boundary-line-front-left.txt,e04d0f3a4f8673963d759b1ba3fc278174c4f9124fc60c4ac93804fdd4d8bdcf,1920,1080
49,pov-b1-0049-p02-cross-single-boundary-line-front-right,049_pov-b1-0049-p02-cross-single-boundary-line-front-right,p02-cross-single-boundary-line,POV_PARKING_B1_P02_CROSS_SINGLE_BOUNDARY_LINE,positive,1,train,/home/yanbo/下载/batch_20260902_115647_parking-order-violation-batch1-400-retry/final/049_pov-b1-0049-p02-cross-single-boundary-line-front-right.png,/home/yanbo/下载/batch_20260902_115647_parking-order-violation-batch1-400-retry/prompts/049_pov-b1-0049-p02-cross-single-boundary-line-front-right.txt,2979fa0ff121e30d013e8bc2d521676102a57e5f13ac6f363ef14cc4e324a5e3,1920,1080
50,pov-b1-0050-p02-cross-single-boundary-line-front-center,050_pov-b1-0050-p02-cross-single-boundary-line-front-center,p02-cross-single-boundary-line,POV_PARKING_B1_P02_CROSS_SINGLE_BOUNDARY_LINE,positive,1,train,/home/yanbo/下载/batch_20260902_115647_parking-order-violation-batch1-400-retry/final/050_pov-b1-0050-p02-cross-single-boundary-line-front-center.png,/home/yanbo/下载/batch_20260902_115647_parking-order-violation-batch1-400-retry/prompts/050_pov-b1-0050-p02-cross-single-boundary-line-front-center.txt,e193369ca3e7ed96f96f3b91ec9b44fb9d1cf273355594f42380204426ea137c,1920,1080
51,pov-b1-0051-p02-cross-single-boundary-line-front-left,051_pov-b1-0051-p02-cross-single-boundary-line-front-left,p02-cross-single-boundary-line,POV_PARKING_B1_P02_CROSS_SINGLE_BOUNDARY_LINE,positive,1,train,/home/yanbo/下载/batch_20260902_115647_parking-order-violation-batch1-400-retry/final/051_pov-b1-0051-p02-cross-single-boundary-line-front-left.png,/home/yanbo/下载/batch_20260902_115647_parking-order-violation-batch1-400-retry/prompts/051_pov-b1-0051-p02-cross-single-boundary-line-front-left.txt,ecfa27073d391aeeac4957a3822e2ff300811817ea8e48e2ea812c2c63a9e1a2,1920,1080
52,pov-b1-0052-p02-cross-single-boundary-line-front-right,052_pov-b1-0052-p02-cross-single-boundary-line-front-right,p02-cross-single-boundary-line,POV_PARKING_B1_P02_CROSS_SINGLE_BOUNDARY_LINE,positive,1,train,/home/yanbo/下载/batch_20260902_115647_parking-order-violation-batch1-400-retry/final/052_pov-b1-0052-p02-cross-single-boundary-line-front-right.png,/home/yanbo/下载/batch_20260902_115647_parking-order-violation-batch1-400-retry/prompts/052_pov-b1-0052-p02-cross-single-boundary-line-front-right.txt,564f57abeb11621386bd15d9a8794853f850271391be84a01e64d35f42eb0181,1920,1080
53,pov-b1-0053-p02-cross-single-boundary-line-front-center,053_pov-b1-0053-p02-cross-single-boundary-line-front-center,p02-cross-single-boundary-line,POV_PARKING_B1_P02_CROSS_SINGLE_BOUNDARY_LINE,positive,1,train,/home/yanbo/下载/batch_20260902_115647_parking-order-violation-batch1-400-retry/final/053_pov-b1-0053-p02-cross-single-boundary-line-front-center.png,/home/yanbo/下载/batch_20260902_115647_parking-order-violation-batch1-400-retry/prompts/053_pov-b1-0053-p02-cross-single-boundary-line-front-center.txt,c81db39df5a6289982e45d8e87ed41d9eb32d216e0f0483503fbf43ec81ec0da,1920,1080
54,pov-b1-0054-p02-cross-single-boundary-line-front-left,054_pov-b1-0054-p02-cross-single-boundary-line-front-left,p02-cross-single-boundary-line,POV_PARKING_B1_P02_CROSS_SINGLE_BOUNDARY_LINE,positive,1,train,/home/yanbo/下载/batch_20260902_115647_parking-order-violation-batch1-400-retry/final/054_pov-b1-0054-p02-cross-single-boundary-line-front-left.png,/home/yanbo/下载/batch_20260902_115647_parking-order-violation-batch1-400-retry/prompts/054_pov-b1-0054-p02-cross-single-boundary-line-front-left.txt,5648423dd5d4b40746fc3d24b3e72f003e1f64fef79ecfb5f2df7bb7707717d7,1920,1080
55,pov-b1-0055-p02-cross-single-boundary-line-front-right,055_pov-b1-0055-p02-cross-single-boundary-line-front-right,p02-cross-single-boundary-line,POV_PARKING_B1_P02_CROSS_SINGLE_BOUNDARY_LINE,positive,1,train,/home/yanbo/下载/batch_20260902_115647_parking-order-violation-batch1-400-retry/final/055_pov-b1-0055-p02-cross-single-boundary-line-front-right.png,/home/yanbo/下载/batch_20260902_115647_parking-order-violation-batch1-400-retry/prompts/055_pov-b1-0055-p02-cross-single-boundary-line-front-right.txt,94a122d69ee9152d848eb7287b47c95764136fc16669b452a334cdbc1135e941,1920,1080
56,pov-b1-0056-p02-cross-single-boundary-line-front-center,056_pov-b1-0056-p02-cross-single-boundary-line-front-center,p02-cross-single-boundary-line,POV_PARKING_B1_P02_CROSS_SINGLE_BOUNDARY_LINE,positive,1,train,/home/yanbo/下载/batch_20260902_115647_parking-order-violation-batch1-400-retry/final/056_pov-b1-0056-p02-cross-single-boundary-line-front-center.png,/home/yanbo/下载/batch_20260902_115647_parking-order-violation-batch1-400-retry/prompts/056_pov-b1-0056-p02-cross-single-boundary-line-front-center.txt,28e02888b85aa891b489e8211bb38f061b38ff272a51ccbe836082eaa40e9f14,1920,1080
57,pov-b1-0057-p02-cross-single-boundary-line-front-left,057_pov-b1-0057-p02-cross-single-boundary-line-front-left,p02-cross-single-boundary-line,POV_PARKING_B1_P02_CROSS_SINGLE_BOUNDARY_LINE,positive,1,train,/home/yanbo/下载/batch_20260902_115647_parking-order-violation-batch1-400-retry/final/057_pov-b1-0057-p02-cross-single-boundary-line-front-left.png,/home/yanbo/下载/batch_20260902_115647_parking-order-violation-batch1-400-retry/prompts/057_pov-b1-0057-p02-cross-single-boundary-line-front-left.txt,7d5b6e5a024195be279b0ebe4892043c13be040a7e28c1cbedbe5457c298e789,1920,1080
58,pov-b1-0058-p02-cross-single-boundary-line-front-right,058_pov-b1-0058-p02-cross-single-boundary-line-front-right,p02-cross-single-boundary-line,POV_PARKING_B1_P02_CROSS_SINGLE_BOUNDARY_LINE,positive,1,train,/home/yanbo/下载/batch_20260902_115647_parking-order-violation-batch1-400-retry/final/058_pov-b1-0058-p02-cross-single-boundary-line-front-right.png,/home/yanbo/下载/batch_20260902_115647_parking-order-violation-batch1-400-retry/prompts/058_pov-b1-0058-p02-cross-single-boundary-line-front-right.txt,a28e080ddb02680d63958e55fc3cca895b3e6a0d01bed541bfa62f0dc52ce903,1920,1080
59,pov-b1-0059-p02-cross-single-boundary-line-front-center,059_pov-b1-0059-p02-cross-single-boundary-line-front-center,p02-cross-single-boundary-line,POV_PARKING_B1_P02_CROSS_SINGLE_BOUNDARY_LINE,positive,1,train,/home/yanbo/下载/batch_20260902_115647_parking-order-violation-batch1-400-retry/final/059_pov-b1-0059-p02-cross-single-boundary-line-front-center.png,/home/yanbo/下载/batch_20260902_115647_parking-order-violation-batch1-400-retry/prompts/059_pov-b1-0059-p02-cross-single-boundary-line-front-center.txt,570451f6eaff7c386120fd454ecfbd856370eebac5c8c689494a2d448a35f66e,1920,1080
60,pov-b1-0060-p02-cross-single-boundary-line-front-left,060_pov-b1-0060-p02-cross-single-boundary-line-front-left,p02-cross-single-boundary-line,POV_PARKING_B1_P02_CROSS_SINGLE_BOUNDARY_LINE,positive,1,train,/home/yanbo/下载/batch_20260902_115647_parking-order-violation-batch1-400-retry/final/060_pov-b1-0060-p02-cross-single-boundary-line-front-left.png,/home/yanbo/下载/batch_20260902_115647_parking-order-violation-batch1-400-retry/prompts/060_pov-b1-0060-p02-cross-single-boundary-line-front-left.txt,49560707300efb2431c281a83de5b192bcbf7b363113b0b59f55aba896359d31,1920,1080
61,pov-b1-0061-p02-cross-single-boundary-line-front-right,061_pov-b1-0061-p02-cross-single-boundary-line-front-right,p02-cross-single-boundary-line,POV_PARKING_B1_P02_CROSS_SINGLE_BOUNDARY_LINE,positive,1,train,/home/yanbo/下载/batch_20260902_115647_parking-order-violation-batch1-400-retry/final/061_pov-b1-0061-p02-cross-single-boundary-line-front-right.png,/home/yanbo/下载/batch_20260902_115647_parking-order-violation-batch1-400-retry/prompts/061_pov-b1-0061-p02-cross-single-boundary-line-front-right.txt,269878597c4be9d38b4fda159b6708c0575a1b3986e9033c6c0b58b45d97f73c,1920,1080
62,pov-b1-0062-p02-cross-single-boundary-line-front-center,062_pov-b1-0062-p02-cross-single-boundary-line-front-center,p02-cross-single-boundary-line,POV_PARKING_B1_P02_CROSS_SINGLE_BOUNDARY_LINE,positive,1,train,/home/yanbo/下载/batch_20260902_115647_parking-order-violation-batch1-400-retry/final/062_pov-b1-0062-p02-cross-single-boundary-line-front-center.png,/home/yanbo/下载/batch_20260902_115647_parking-order-violation-batch1-400-retry/prompts/062_pov-b1-0062-p02-cross-single-boundary-line-front-center.txt,2cc8d12dd6b689e39766a0cf398eccec256db57af4e3d795b29fbfe14123f0a7,1920,1080
63,pov-b1-0063-p02-cross-single-boundary-line-front-left,063_pov-b1-0063-p02-cross-single-boundary-line-front-left,p02-cross-single-boundary-line,POV_PARKING_B1_P02_CROSS_SINGLE_BOUNDARY_LINE,positive,1,train,/home/yanbo/下载/batch_20260902_115647_parking-order-violation-batch1-400-retry/final/063_pov-b1-0063-p02-cross-single-boundary-line-front-left.png,/home/yanbo/下载/batch_20260902_115647_parking-order-violation-batch1-400-retry/prompts/063_pov-b1-0063-p02-cross-single-boundary-line-front-left.txt,5a70b850a8e50ec66e4d3c0de84fb9afd326680aae1e96e82f969eebce790c91,1920,1080
64,pov-b1-0064-p02-cross-single-boundary-line-front-right,064_pov-b1-0064-p02-cross-single-boundary-line-front-right,p02-cross-single-boundary-line,POV_PARKING_B1_P02_CROSS_SINGLE_BOUNDARY_LINE,positive,1,train,/home/yanbo/下载/batch_20260902_115647_parking-order-violation-batch1-400-retry/final/064_pov-b1-0064-p02-cross-single-boundary-line-front-right.png,/home/yanbo/下载/batch_20260902_115647_parking-order-violation-batch1-400-retry/prompts/064_pov-b1-0064-p02-cross-single-boundary-line-front-right.txt,e95e962fe9682105741238f4453c2639b3616da0f7e09a7d9065f51a6e0995bf,1920,1080
65,pov-b1-0065-p02-cross-single-boundary-line-front-center,065_pov-b1-0065-p02-cross-single-boundary-line-front-center,p02-cross-single-boundary-line,POV_PARKING_B1_P02_CROSS_SINGLE_BOUNDARY_LINE,positive,1,train,/home/yanbo/下载/batch_20260902_115647_parking-order-violation-batch1-400-retry/final/065_pov-b1-0065-p02-cross-single-boundary-line-front-center.png,/home/yanbo/下载/batch_20260902_115647_parking-order-violation-batch1-400-retry/prompts/065_pov-b1-0065-p02-cross-single-boundary-line-front-center.txt,541d9de1bdf92c75bdd9d689062753ec8f49f21038963cbd62afa91428e7b5de,1920,1080
66,pov-b1-0066-p02-cross-single-boundary-line-front-left,066_pov-b1-0066-p02-cross-single-boundary-line-front-left,p02-cross-single-boundary-line,POV_PARKING_B1_P02_CROSS_SINGLE_BOUNDARY_LINE,positive,1,train,/home/yanbo/下载/batch_20260902_115647_parking-order-violation-batch1-400-retry/final/066_pov-b1-0066-p02-cross-single-boundary-line-front-left.png,/home/yanbo/下载/batch_20260902_115647_parking-order-violation-batch1-400-retry/prompts/066_pov-b1-0066-p02-cross-single-boundary-line-front-left.txt,16ca3bc8cdff89dc9f8735b5407e6929c09cdc65c98c4803795501599a1f5664,1920,1080
67,pov-b1-0067-p02-cross-single-boundary-line-front-right,067_pov-b1-0067-p02-cross-single-boundary-line-front-right,p02-cross-single-boundary-line,POV_PARKING_B1_P02_CROSS_SINGLE_BOUNDARY_LINE,positive,1,train,/home/yanbo/下载/batch_20260902_115647_parking-order-violation-batch1-400-retry/final/067_pov-b1-0067-p02-cross-single-boundary-line-front-right.png,/home/yanbo/下载/batch_20260902_115647_parking-order-violation-batch1-400-retry/prompts/067_pov-b1-0067-p02-cross-single-boundary-line-front-right.txt,09919ee92ec0b250a631597105f6b82b093a9dabf191cd11e169c900658e1507,1920,1080
68,pov-b1-0068-p02-cross-single-boundary-line-front-center,068_pov-b1-0068-p02-cross-single-boundary-line-front-center,p02-cross-single-boundary-line,POV_PARKING_B1_P02_CROSS_SINGLE_BOUNDARY_LINE,positive,1,train,/home/yanbo/下载/batch_20260902_115647_parking-order-violation-batch1-400-retry/final/068_pov-b1-0068-p02-cross-single-boundary-line-front-center.png,/home/yanbo/下载/batch_20260902_115647_parking-order-violation-batch1-400-retry/prompts/068_pov-b1-0068-p02-cross-single-boundary-line-front-center.txt,4c44a263ccbf1b0e096676c75ab0bb411ea915ecac10d753d13b1fff87fe0a55,1920,1080
69,pov-b1-0069-p02-cross-single-boundary-line-front-left,069_pov-b1-0069-p02-cross-single-boundary-line-front-left,p02-cross-single-boundary-line,POV_PARKING_B1_P02_CROSS_SINGLE_BOUNDARY_LINE,positive,1,train,/home/yanbo/下载/batch_20260902_115647_parking-order-violation-batch1-400-retry/final/069_pov-b1-0069-p02-cross-single-boundary-line-front-left.png,/home/yanbo/下载/batch_20260902_115647_parking-order-violation-batch1-400-retry/prompts/069_pov-b1-0069-p02-cross-single-boundary-line-front-left.txt,a5eabf71d9edeb0740a2ed71d633037bd5cf4d9ee9c1375fdf9c7f513837f74d,1920,1080
70,pov-b1-0070-p02-cross-single-boundary-line-front-right,070_pov-b1-0070-p02-cross-single-boundary-line-front-right,p02-cross-single-boundary-line,POV_PARKING_B1_P02_CROSS_SINGLE_BOUNDARY_LINE,positive,1,train,/home/yanbo/下载/batch_20260902_115647_parking-order-violation-batch1-400-retry/final/070_pov-b1-0070-p02-cross-single-boundary-line-front-right.png,/home/yanbo/下载/batch_20260902_115647_parking-order-violation-batch1-400-retry/prompts/070_pov-b1-0070-p02-cross-single-boundary-line-front-right.txt,cb6d9156e29a676b7ad7ce5c21862e6243aa3420defaf0a8973fcbe7e78a3998,1920,1080
71,pov-b1-0071-p02-cross-single-boundary-line-front-center,071_pov-b1-0071-p02-cross-single-boundary-line-front-center,p02-cross-single-boundary-line,POV_PARKING_B1_P02_CROSS_SINGLE_BOUNDARY_LINE,positive,1,train,/home/yanbo/下载/batch_20260902_115647_parking-order-violation-batch1-400-retry/final/071_pov-b1-0071-p02-cross-single-boundary-line-front-center.png,/home/yanbo/下载/batch_20260902_115647_parking-order-violation-batch1-400-retry/prompts/071_pov-b1-0071-p02-cross-single-boundary-line-front-center.txt,a989130fb9ba8132fbae136253c19c64115dfda6a3d54603ebfa2a697276fb00,1920,1080
72,pov-b1-0072-p02-cross-single-boundary-line-front-left,072_pov-b1-0072-p02-cross-single-boundary-line-front-left,p02-cross-single-boundary-line,POV_PARKING_B1_P02_CROSS_SINGLE_BOUNDARY_LINE,positive,1,train,/home/yanbo/下载/batch_20260902_115647_parking-order-violation-batch1-400-retry/final/072_pov-b1-0072-p02-cross-single-boundary-line-front-left.png,/home/yanbo/下载/batch_20260902_115647_parking-order-violation-batch1-400-retry/prompts/072_pov-b1-0072-p02-cross-single-boundary-line-front-left.txt,ed0b2a74ed4a5e9e50076b06155f968cb218fc7f9474c2bbe5d50e7713bbc1e9,1920,1080
73,pov-b1-0073-p02-cross-single-boundary-line-front-right,073_pov-b1-0073-p02-cross-single-boundary-line-front-right,p02-cross-single-boundary-line,POV_PARKING_B1_P02_CROSS_SINGLE_BOUNDARY_LINE,positive,1,train,/home/yanbo/下载/batch_20260902_115647_parking-order-violation-batch1-400-retry/final/073_pov-b1-0073-p02-cross-single-boundary-line-front-right.png,/home/yanbo/下载/batch_20260902_115647_parking-order-violation-batch1-400-retry/prompts/073_pov-b1-0073-p02-cross-single-boundary-line-front-right.txt,41916db363f1a571b84f7e6c248332ee77e664d1b98ec8579d1a60829f3b6646,1920,1080
74,pov-b1-0074-p02-cross-single-boundary-line-front-center,074_pov-b1-0074-p02-cross-single-boundary-line-front-center,p02-cross-single-boundary-line,POV_PARKING_B1_P02_CROSS_SINGLE_BOUNDARY_LINE,positive,1,train,/home/yanbo/下载/batch_20260902_115647_parking-order-violation-batch1-400-retry/final/074_pov-b1-0074-p02-cross-single-boundary-line-front-center.png,/home/yanbo/下载/batch_20260902_115647_parking-order-violation-batch1-400-retry/prompts/074_pov-b1-0074-p02-cross-single-boundary-line-front-center.txt,d0935526710411b008da955ef21e99e752209c8fafc928bceb05fb7d55a926cd,1920,1080
75,pov-b1-0075-p02-cross-single-boundary-line-front-left,075_pov-b1-0075-p02-cross-single-boundary-line-front-left,p02-cross-single-boundary-line,POV_PARKING_B1_P02_CROSS_SINGLE_BOUNDARY_LINE,positive,1,train,/home/yanbo/下载/batch_20260902_115647_parking-order-violation-batch1-400-retry/final/075_pov-b1-0075-p02-cross-single-boundary-line-front-left.png,/home/yanbo/下载/batch_20260902_115647_parking-order-violation-batch1-400-retry/prompts/075_pov-b1-0075-p02-cross-single-boundary-line-front-left.txt,cd5e8f47b91c0c7e5051d1f9bb5e6a95ec02a197a66bfb234ef886b385d6ce63,1920,1080
76,pov-b1-0076-p03-span-two-bays-front-center,076_pov-b1-0076-p03-span-two-bays-front-center,p03-span-two-bays,POV_PARKING_B1_P03_SPAN_TWO_BAYS,positive,1,validation,/home/yanbo/下载/batch_20260902_115647_parking-order-violation-batch1-400-retry/final/076_pov-b1-0076-p03-span-two-bays-front-center.png,/home/yanbo/下载/batch_20260902_115647_parking-order-violation-batch1-400-retry/prompts/076_pov-b1-0076-p03-span-two-bays-front-center.txt,52fecb2cfdc2a375990b44ceadd6a0328e734844b7f80e0b820e966778e1d0b1,1920,1080
77,pov-b1-0077-p03-span-two-bays-front-left,077_pov-b1-0077-p03-span-two-bays-front-left,p03-span-two-bays,POV_PARKING_B1_P03_SPAN_TWO_BAYS,positive,1,validation,/home/yanbo/下载/batch_20260902_115647_parking-order-violation-batch1-400-retry/final/077_pov-b1-0077-p03-span-two-bays-front-left.png,/home/yanbo/下载/batch_20260902_115647_parking-order-violation-batch1-400-retry/prompts/077_pov-b1-0077-p03-span-two-bays-front-left.txt,0ddfb6a09f8662e7595e38a59a11e263ab12ee5213023f354cbac9967695bfe1,1920,1080
78,pov-b1-0078-p03-span-two-bays-front-right,078_pov-b1-0078-p03-span-two-bays-front-right,p03-span-two-bays,POV_PARKING_B1_P03_SPAN_TWO_BAYS,positive,1,validation,/home/yanbo/下载/batch_20260902_115647_parking-order-violation-batch1-400-retry/final/078_pov-b1-0078-p03-span-two-bays-front-right.png,/home/yanbo/下载/batch_20260902_115647_parking-order-violation-batch1-400-retry/prompts/078_pov-b1-0078-p03-span-two-bays-front-right.txt,bc03f36807589c4be82b7bf696647d45a5cabcf0d4dd3cbf8799882ef02364f9,1920,1080
79,pov-b1-0079-p03-span-two-bays-front-center,079_pov-b1-0079-p03-span-two-bays-front-center,p03-span-two-bays,POV_PARKING_B1_P03_SPAN_TWO_BAYS,positive,1,validation,/home/yanbo/下载/batch_20260902_115647_parking-order-violation-batch1-400-retry/final/079_pov-b1-0079-p03-span-two-bays-front-center.png,/home/yanbo/下载/batch_20260902_115647_parking-order-violation-batch1-400-retry/prompts/079_pov-b1-0079-p03-span-two-bays-front-center.txt,94784a1913e0d6b7b680039795a0a192edb8f74a1140dbb8cf37924fd2ae8552,1920,1080
80,pov-b1-0080-p03-span-two-bays-front-left,080_pov-b1-0080-p03-span-two-bays-front-left,p03-span-two-bays,POV_PARKING_B1_P03_SPAN_TWO_BAYS,positive,1,validation,/home/yanbo/下载/batch_20260902_115647_parking-order-violation-batch1-400-retry/final/080_pov-b1-0080-p03-span-two-bays-front-left.png,/home/yanbo/下载/batch_20260902_115647_parking-order-violation-batch1-400-retry/prompts/080_pov-b1-0080-p03-span-two-bays-front-left.txt,3187844b1789cf8fd2e859424b78e02d7d817e0a8d2ac2a9954625abfc217217,1920,1080
81,pov-b1-0081-p03-span-two-bays-front-right,081_pov-b1-0081-p03-span-two-bays-front-right,p03-span-two-bays,POV_PARKING_B1_P03_SPAN_TWO_BAYS,positive,1,validation,/home/yanbo/下载/batch_20260902_115647_parking-order-violation-batch1-400-retry/final/081_pov-b1-0081-p03-span-two-bays-front-right.png,/home/yanbo/下载/batch_20260902_115647_parking-order-violation-batch1-400-retry/prompts/081_pov-b1-0081-p03-span-two-bays-front-right.txt,b7394782827a2372ed408429b1a7339ece7e7f20b9430d4f004e813f883cb25b,1920,1080
82,pov-b1-0082-p03-span-two-bays-front-center,082_pov-b1-0082-p03-span-two-bays-front-center,p03-span-two-bays,POV_PARKING_B1_P03_SPAN_TWO_BAYS,positive,1,validation,/home/yanbo/下载/batch_20260902_115647_parking-order-violation-batch1-400-retry/final/082_pov-b1-0082-p03-span-two-bays-front-center.png,/home/yanbo/下载/batch_20260902_115647_parking-order-violation-batch1-400-retry/prompts/082_pov-b1-0082-p03-span-two-bays-front-center.txt,147b1ce8bc187f91a764a1d6a0623ba510018a68463cfe2857bbcc3e5d3d441c,1920,1080
83,pov-b1-0083-p03-span-two-bays-front-left,083_pov-b1-0083-p03-span-two-bays-front-left,p03-span-two-bays,POV_PARKING_B1_P03_SPAN_TWO_BAYS,positive,1,validation,/home/yanbo/下载/batch_20260902_115647_parking-order-violation-batch1-400-retry/final/083_pov-b1-0083-p03-span-two-bays-front-left.png,/home/yanbo/下载/batch_20260902_115647_parking-order-violation-batch1-400-retry/prompts/083_pov-b1-0083-p03-span-two-bays-front-left.txt,635e5c52f6a69bbc108df9de7227484b8c42d9aa6b9d3b76fc996483594c806c,1920,1080
84,pov-b1-0084-p03-span-two-bays-front-right,084_pov-b1-0084-p03-span-two-bays-front-right,p03-span-two-bays,POV_PARKING_B1_P03_SPAN_TWO_BAYS,positive,1,validation,/home/yanbo/下载/batch_20260902_115647_parking-order-violation-batch1-400-retry/final/084_pov-b1-0084-p03-span-two-bays-front-right.png,/home/yanbo/下载/batch_20260902_115647_parking-order-violation-batch1-400-retry/prompts/084_pov-b1-0084-p03-span-two-bays-front-right.txt,98386e15dc5ef41f7e2573e8e5048834d0a4205aa29fc88875d3601fde598d34,1920,1080
85,pov-b1-0085-p03-span-two-bays-front-center,085_pov-b1-0085-p03-span-two-bays-front-center,p03-span-two-bays,POV_PARKING_B1_P03_SPAN_TWO_BAYS,positive,1,validation,/home/yanbo/下载/batch_20260902_115647_parking-order-violation-batch1-400-retry/final/085_pov-b1-0085-p03-span-two-bays-front-center.png,/home/yanbo/下载/batch_20260902_115647_parking-order-violation-batch1-400-retry/prompts/085_pov-b1-0085-p03-span-two-bays-front-center.txt,7c54e1ed5972188c181242becb7170c5f33bb966e7bca852ce209dadfe278bf4,1920,1080
86,pov-b1-0086-p03-span-two-bays-front-left,086_pov-b1-0086-p03-span-two-bays-front-left,p03-span-two-bays,POV_PARKING_B1_P03_SPAN_TWO_BAYS,positive,1,validation,/home/yanbo/下载/batch_20260902_115647_parking-order-violation-batch1-400-retry/final/086_pov-b1-0086-p03-span-two-bays-front-left.png,/home/yanbo/下载/batch_20260902_115647_parking-order-violation-batch1-400-retry/prompts/086_pov-b1-0086-p03-span-two-bays-front-left.txt,f47a7280a736261000a58516cc98a8f372f6be8585e03dc6e457a119b2b979f1,1920,1080
87,pov-b1-0087-p03-span-two-bays-front-right,087_pov-b1-0087-p03-span-two-bays-front-right,p03-span-two-bays,POV_PARKING_B1_P03_SPAN_TWO_BAYS,positive,1,validation,/home/yanbo/下载/batch_20260902_115647_parking-order-violation-batch1-400-retry/final/087_pov-b1-0087-p03-span-two-bays-front-right.png,/home/yanbo/下载/batch_20260902_115647_parking-order-violation-batch1-400-retry/prompts/087_pov-b1-0087-p03-span-two-bays-front-right.txt,c1754715bfe0726147d8f5cc7b2fbdb6a626cfe80773d6d5b5907af8f2d2f8a0,1920,1080
88,pov-b1-0088-p03-span-two-bays-front-center,088_pov-b1-0088-p03-span-two-bays-front-center,p03-span-two-bays,POV_PARKING_B1_P03_SPAN_TWO_BAYS,positive,1,validation,/home/yanbo/下载/batch_20260902_115647_parking-order-violation-batch1-400-retry/final/088_pov-b1-0088-p03-span-two-bays-front-center.png,/home/yanbo/下载/batch_20260902_115647_parking-order-violation-batch1-400-retry/prompts/088_pov-b1-0088-p03-span-two-bays-front-center.txt,4c3161d0c72cc8aeffb0971eb4e719d82827cf4627386e3d07f770270aeb547e,1920,1080
89,pov-b1-0089-p03-span-two-bays-front-left,089_pov-b1-0089-p03-span-two-bays-front-left,p03-span-two-bays,POV_PARKING_B1_P03_SPAN_TWO_BAYS,positive,1,validation,/home/yanbo/下载/batch_20260902_115647_parking-order-violation-batch1-400-retry/final/089_pov-b1-0089-p03-span-two-bays-front-left.png,/home/yanbo/下载/batch_20260902_115647_parking-order-violation-batch1-400-retry/prompts/089_pov-b1-0089-p03-span-two-bays-front-left.txt,9198d82b32dfc866408f596923e69bbd70c793c65b30499bff36617ae060a6af,1920,1080
90,pov-b1-0090-p03-span-two-bays-front-right,090_pov-b1-0090-p03-span-two-bays-front-right,p03-span-two-bays,POV_PARKING_B1_P03_SPAN_TWO_BAYS,positive,1,validation,/home/yanbo/下载/batch_20260902_115647_parking-order-violation-batch1-400-retry/final/090_pov-b1-0090-p03-span-two-bays-front-right.png,/home/yanbo/下载/batch_20260902_115647_parking-order-violation-batch1-400-retry/prompts/090_pov-b1-0090-p03-span-two-bays-front-right.txt,df6ffb2e8589f7942fa241c23f9e218430e62660aeac09d6575dbe50a0f14bfe,1920,1080
91,pov-b1-0091-p03-span-two-bays-front-center,091_pov-b1-0091-p03-span-two-bays-front-center,p03-span-two-bays,POV_PARKING_B1_P03_SPAN_TWO_BAYS,positive,1,validation,/home/yanbo/下载/batch_20260902_115647_parking-order-violation-batch1-400-retry/final/091_pov-b1-0091-p03-span-two-bays-front-center.png,/home/yanbo/下载/batch_20260902_115647_parking-order-violation-batch1-400-retry/prompts/091_pov-b1-0091-p03-span-two-bays-front-center.txt,236d951dfc01322bc9d3b60bed45858069e40ae2fa1796feba4c08e312f9274f,1920,1080
92,pov-b1-0092-p03-span-two-bays-front-left,092_pov-b1-0092-p03-span-two-bays-front-left,p03-span-two-bays,POV_PARKING_B1_P03_SPAN_TWO_BAYS,positive,1,validation,/home/yanbo/下载/batch_20260902_115647_parking-order-violation-batch1-400-retry/final/092_pov-b1-0092-p03-span-two-bays-front-left.png,/home/yanbo/下载/batch_20260902_115647_parking-order-violation-batch1-400-retry/prompts/092_pov-b1-0092-p03-span-two-bays-front-left.txt,16cf61f70daa8b8dbc7c1432b2ce9dad8e9d6bf9e68bcbd068f50e8368f872e6,1920,1080
93,pov-b1-0093-p03-span-two-bays-front-right,093_pov-b1-0093-p03-span-two-bays-front-right,p03-span-two-bays,POV_PARKING_B1_P03_SPAN_TWO_BAYS,positive,1,validation,/home/yanbo/下载/batch_20260902_115647_parking-order-violation-batch1-400-retry/final/093_pov-b1-0093-p03-span-two-bays-front-right.png,/home/yanbo/下载/batch_20260902_115647_parking-order-violation-batch1-400-retry/prompts/093_pov-b1-0093-p03-span-two-bays-front-right.txt,35a5959bc49b68d1c99d3b86dd493860ee4d8ec8bbfc852d8a8ca0f9cbe56363,1920,1080
94,pov-b1-0094-p03-span-two-bays-front-center,094_pov-b1-0094-p03-span-two-bays-front-center,p03-span-two-bays,POV_PARKING_B1_P03_SPAN_TWO_BAYS,positive,1,validation,/home/yanbo/下载/batch_20260902_115647_parking-order-violation-batch1-400-retry/final/094_pov-b1-0094-p03-span-two-bays-front-center.png,/home/yanbo/下载/batch_20260902_115647_parking-order-violation-batch1-400-retry/prompts/094_pov-b1-0094-p03-span-two-bays-front-center.txt,b53ab51e67c6e4ca7a8e02874469dc3c0b7563c0d08cf91ec0c0e9c0d18f0af1,1920,1080
95,pov-b1-0095-p03-span-two-bays-front-left,095_pov-b1-0095-p03-span-two-bays-front-left,p03-span-two-bays,POV_PARKING_B1_P03_SPAN_TWO_BAYS,positive,1,validation,/home/yanbo/下载/batch_20260902_115647_parking-order-violation-batch1-400-retry/final/095_pov-b1-0095-p03-span-two-bays-front-left.png,/home/yanbo/下载/batch_20260902_115647_parking-order-violation-batch1-400-retry/prompts/095_pov-b1-0095-p03-span-two-bays-front-left.txt,cee5d2e3ead7b33fa83e56cf17f64e77c7d456882e83467b84fae061dc036b51,1920,1080
96,pov-b1-0096-p03-span-two-bays-front-right,096_pov-b1-0096-p03-span-two-bays-front-right,p03-span-two-bays,POV_PARKING_B1_P03_SPAN_TWO_BAYS,positive,1,validation,/home/yanbo/下载/batch_20260902_115647_parking-order-violation-batch1-400-retry/final/096_pov-b1-0096-p03-span-two-bays-front-right.png,/home/yanbo/下载/batch_20260902_115647_parking-order-violation-batch1-400-retry/prompts/096_pov-b1-0096-p03-span-two-bays-front-right.txt,cfe67b86fa6c9a46c86855b7de812fb8c9b39be7d159d078b04308888371e80d,1920,1080
97,pov-b1-0097-p03-span-two-bays-front-center,097_pov-b1-0097-p03-span-two-bays-front-center,p03-span-two-bays,POV_PARKING_B1_P03_SPAN_TWO_BAYS,positive,1,validation,/home/yanbo/下载/batch_20260902_115647_parking-order-violation-batch1-400-retry/final/097_pov-b1-0097-p03-span-two-bays-front-center.png,/home/yanbo/下载/batch_20260902_115647_parking-order-violation-batch1-400-retry/prompts/097_pov-b1-0097-p03-span-two-bays-front-center.txt,5eaac191f6729fbb18f737c783ad7bb3124a9e7f06cb80f33e551e64c84e8641,1920,1080
98,pov-b1-0098-p03-span-two-bays-front-left,098_pov-b1-0098-p03-span-two-bays-front-left,p03-span-two-bays,POV_PARKING_B1_P03_SPAN_TWO_BAYS,positive,1,validation,/home/yanbo/下载/batch_20260902_115647_parking-order-violation-batch1-400-retry/final/098_pov-b1-0098-p03-span-two-bays-front-left.png,/home/yanbo/下载/batch_20260902_115647_parking-order-violation-batch1-400-retry/prompts/098_pov-b1-0098-p03-span-two-bays-front-left.txt,a69fa502b5e9eb5e6ef18a7c94eb7b3c4dad756ca5ff53f40beb6b795eea4da1,1920,1080
99,pov-b1-0099-p03-span-two-bays-front-right,099_pov-b1-0099-p03-span-two-bays-front-right,p03-span-two-bays,POV_PARKING_B1_P03_SPAN_TWO_BAYS,positive,1,validation,/home/yanbo/下载/batch_20260902_115647_parking-order-violation-batch1-400-retry/final/099_pov-b1-0099-p03-span-two-bays-front-right.png,/home/yanbo/下载/batch_20260902_115647_parking-order-violation-batch1-400-retry/prompts/099_pov-b1-0099-p03-span-two-bays-front-right.txt,bb9f96e8a24c76741e99cbcfb0bb0bbec45c15a731eb4003a50a8b49fc72be18,1920,1080
100,pov-b1-0100-p03-span-two-bays-front-center,100_pov-b1-0100-p03-span-two-bays-front-center,p03-span-two-bays,POV_PARKING_B1_P03_SPAN_TWO_BAYS,positive,1,validation,/home/yanbo/下载/batch_20260902_115647_parking-order-violation-batch1-400-retry/final/100_pov-b1-0100-p03-span-two-bays-front-center.png,/home/yanbo/下载/batch_20260902_115647_parking-order-violation-batch1-400-retry/prompts/100_pov-b1-0100-p03-span-two-bays-front-center.txt,6b12a21764a9da63e68da431b4bdb4b7836ab76c7d96f60b60002bf740d2491f,1920,1080
101,pov-b1-0101-p03-span-two-bays-front-left,101_pov-b1-0101-p03-span-two-bays-front-left,p03-span-two-bays,POV_PARKING_B1_P03_SPAN_TWO_BAYS,positive,1,validation,/home/yanbo/下载/batch_20260902_115647_parking-order-violation-batch1-400-retry/final/101_pov-b1-0101-p03-span-two-bays-front-left.png,/home/yanbo/下载/batch_20260902_115647_parking-order-violation-batch1-400-retry/prompts/101_pov-b1-0101-p03-span-two-bays-front-left.txt,96068846cd98ccfc95d2aad4e65ee6718638ee5bd1f4ef276ea33aedae784922,1920,1080
102,pov-b1-0102-p03-span-two-bays-front-right,102_pov-b1-0102-p03-span-two-bays-front-right,p03-span-two-bays,POV_PARKING_B1_P03_SPAN_TWO_BAYS,positive,1,validation,/home/yanbo/下载/batch_20260902_115647_parking-order-violation-batch1-400-retry/final/102_pov-b1-0102-p03-span-two-bays-front-right.png,/home/yanbo/下载/batch_20260902_115647_parking-order-violation-batch1-400-retry/prompts/102_pov-b1-0102-p03-span-two-bays-front-right.txt,aa1a054f53554e3cef1dab60604b3bca6011e95d443b5f78d604cf4babcdd374,1920,1080
103,pov-b1-0103-p03-span-two-bays-front-center,103_pov-b1-0103-p03-span-two-bays-front-center,p03-span-two-bays,POV_PARKING_B1_P03_SPAN_TWO_BAYS,positive,1,validation,/home/yanbo/下载/batch_20260902_115647_parking-order-violation-batch1-400-retry/final/103_pov-b1-0103-p03-span-two-bays-front-center.png,/home/yanbo/下载/batch_20260902_115647_parking-order-violation-batch1-400-retry/prompts/103_pov-b1-0103-p03-span-two-bays-front-center.txt,eb6200cb0efdaaac1b287d90fdf2a072c34eef2b48f330970cc61c1227f35846,1920,1080
104,pov-b1-0104-p03-span-two-bays-front-left,104_pov-b1-0104-p03-span-two-bays-front-left,p03-span-two-bays,POV_PARKING_B1_P03_SPAN_TWO_BAYS,positive,1,validation,/home/yanbo/下载/batch_20260902_115647_parking-order-violation-batch1-400-retry/final/104_pov-b1-0104-p03-span-two-bays-front-left.png,/home/yanbo/下载/batch_20260902_115647_parking-order-violation-batch1-400-retry/prompts/104_pov-b1-0104-p03-span-two-bays-front-left.txt,53076af66f4c910fb59448cdc0738959ec7a3e718f1d5013b4421e0abc6c5b15,1920,1080
105,pov-b1-0105-p03-span-two-bays-front-right,105_pov-b1-0105-p03-span-two-bays-front-right,p03-span-two-bays,POV_PARKING_B1_P03_SPAN_TWO_BAYS,positive,1,validation,/home/yanbo/下载/batch_20260902_115647_parking-order-violation-batch1-400-retry/final/105_pov-b1-0105-p03-span-two-bays-front-right.png,/home/yanbo/下载/batch_20260902_115647_parking-order-violation-batch1-400-retry/prompts/105_pov-b1-0105-p03-span-two-bays-front-right.txt,7bf6aa850dc0520e8d02c59a3aab66a37a31bfd7f1d1eca004e3e989ba5d004b,1920,1080
106,pov-b1-0106-p04-angled-footprint-outside-front-center,106_pov-b1-0106-p04-angled-footprint-outside-front-center,p04-angled-footprint-outside,POV_PARKING_B1_P04_ANGLED_FOOTPRINT_OUTSIDE,positive,1,holdout,/home/yanbo/下载/batch_20260902_115647_parking-order-violation-batch1-400-retry/final/106_pov-b1-0106-p04-angled-footprint-outside-front-center.png,/home/yanbo/下载/batch_20260902_115647_parking-order-violation-batch1-400-retry/prompts/106_pov-b1-0106-p04-angled-footprint-outside-front-center.txt,fe4a1125cb54c30c5657209dbea5bc368eeeffe7eb88d45f0d82204b00f9fb01,1920,1080
108,pov-b1-0108-p04-angled-footprint-outside-front-right,108_pov-b1-0108-p04-angled-footprint-outside-front-right,p04-angled-footprint-outside,POV_PARKING_B1_P04_ANGLED_FOOTPRINT_OUTSIDE,positive,1,holdout,/home/yanbo/下载/batch_20260902_115647_parking-order-violation-batch1-400-retry/final/108_pov-b1-0108-p04-angled-footprint-outside-front-right.png,/home/yanbo/下载/batch_20260902_115647_parking-order-violation-batch1-400-retry/prompts/108_pov-b1-0108-p04-angled-footprint-outside-front-right.txt,e7c7bd212781804936bff65cc7ed0cad0a653f2cc430b564913ce69b616d3a36,1920,1080
109,pov-b1-0109-p04-angled-footprint-outside-front-center,109_pov-b1-0109-p04-angled-footprint-outside-front-center,p04-angled-footprint-outside,POV_PARKING_B1_P04_ANGLED_FOOTPRINT_OUTSIDE,positive,1,holdout,/home/yanbo/下载/batch_20260902_115647_parking-order-violation-batch1-400-retry/final/109_pov-b1-0109-p04-angled-footprint-outside-front-center.png,/home/yanbo/下载/batch_20260902_115647_parking-order-violation-batch1-400-retry/prompts/109_pov-b1-0109-p04-angled-footprint-outside-front-center.txt,aa93382d3872cf38843388e36afd0119a8d72e98e4244118048a828abba47f0a,1920,1080
110,pov-b1-0110-p04-angled-footprint-outside-front-left,110_pov-b1-0110-p04-angled-footprint-outside-front-left,p04-angled-footprint-outside,POV_PARKING_B1_P04_ANGLED_FOOTPRINT_OUTSIDE,positive,1,holdout,/home/yanbo/下载/batch_20260902_115647_parking-order-violation-batch1-400-retry/final/110_pov-b1-0110-p04-angled-footprint-outside-front-left.png,/home/yanbo/下载/batch_20260902_115647_parking-order-violation-batch1-400-retry/prompts/110_pov-b1-0110-p04-angled-footprint-outside-front-left.txt,49cba4d81c65ef25e6adebf7b51ea66a5e0229d582f27a4ae33f55e48b414500,1920,1080
111,pov-b1-0111-p04-angled-footprint-outside-front-right,111_pov-b1-0111-p04-angled-footprint-outside-front-right,p04-angled-footprint-outside,POV_PARKING_B1_P04_ANGLED_FOOTPRINT_OUTSIDE,positive,1,holdout,/home/yanbo/下载/batch_20260902_115647_parking-order-violation-batch1-400-retry/final/111_pov-b1-0111-p04-angled-footprint-outside-front-right.png,/home/yanbo/下载/batch_20260902_115647_parking-order-violation-batch1-400-retry/prompts/111_pov-b1-0111-p04-angled-footprint-outside-front-right.txt,d70d29a03cb7a3fe66c89380722ea1fb6fee174eed80ca387387a76af7577740,1920,1080
112,pov-b1-0112-p04-angled-footprint-outside-front-center,112_pov-b1-0112-p04-angled-footprint-outside-front-center,p04-angled-footprint-outside,POV_PARKING_B1_P04_ANGLED_FOOTPRINT_OUTSIDE,positive,1,holdout,/home/yanbo/下载/batch_20260902_115647_parking-order-violation-batch1-400-retry/final/112_pov-b1-0112-p04-angled-footprint-outside-front-center.png,/home/yanbo/下载/batch_20260902_115647_parking-order-violation-batch1-400-retry/prompts/112_pov-b1-0112-p04-angled-footprint-outside-front-center.txt,53818a58bd837a7eeb47ab89faa4ec39cc1639cc427f0d00b5a1df855feba3e6,1920,1080
113,pov-b1-0113-p04-angled-footprint-outside-front-left,113_pov-b1-0113-p04-angled-footprint-outside-front-left,p04-angled-footprint-outside,POV_PARKING_B1_P04_ANGLED_FOOTPRINT_OUTSIDE,positive,1,holdout,/home/yanbo/下载/batch_20260902_115647_parking-order-violation-batch1-400-retry/final/113_pov-b1-0113-p04-angled-footprint-outside-front-left.png,/home/yanbo/下载/batch_20260902_115647_parking-order-violation-batch1-400-retry/prompts/113_pov-b1-0113-p04-angled-footprint-outside-front-left.txt,03913887613c765ce4bb7bb203098fb0e3c77ab0d4725b30b0733627df4dda75,1920,1080
114,pov-b1-0114-p04-angled-footprint-outside-front-right,114_pov-b1-0114-p04-angled-footprint-outside-front-right,p04-angled-footprint-outside,POV_PARKING_B1_P04_ANGLED_FOOTPRINT_OUTSIDE,positive,1,holdout,/home/yanbo/下载/batch_20260902_115647_parking-order-violation-batch1-400-retry/final/114_pov-b1-0114-p04-angled-footprint-outside-front-right.png,/home/yanbo/下载/batch_20260902_115647_parking-order-violation-batch1-400-retry/prompts/114_pov-b1-0114-p04-angled-footprint-outside-front-right.txt,784600ca7044bd7f92aa9156ed36f1f2c775890674a1447f9263daeca1fcdc13,1920,1080
115,pov-b1-0115-p04-angled-footprint-outside-front-center,115_pov-b1-0115-p04-angled-footprint-outside-front-center,p04-angled-footprint-outside,POV_PARKING_B1_P04_ANGLED_FOOTPRINT_OUTSIDE,positive,1,holdout,/home/yanbo/下载/batch_20260902_115647_parking-order-violation-batch1-400-retry/final/115_pov-b1-0115-p04-angled-footprint-outside-front-center.png,/home/yanbo/下载/batch_20260902_115647_parking-order-violation-batch1-400-retry/prompts/115_pov-b1-0115-p04-angled-footprint-outside-front-center.txt,8d02e4293f08791f1d393e8cc019802bdd83fad732be8cd72d22d722364d306c,1920,1080
116,pov-b1-0116-p04-angled-footprint-outside-front-left,116_pov-b1-0116-p04-angled-footprint-outside-front-left,p04-angled-footprint-outside,POV_PARKING_B1_P04_ANGLED_FOOTPRINT_OUTSIDE,positive,1,holdout,/home/yanbo/下载/batch_20260902_115647_parking-order-violation-batch1-400-retry/final/116_pov-b1-0116-p04-angled-footprint-outside-front-left.png,/home/yanbo/下载/batch_20260902_115647_parking-order-violation-batch1-400-retry/prompts/116_pov-b1-0116-p04-angled-footprint-outside-front-left.txt,e10f3551915ec8663fee19a9e40c0f7bdb5e4d479c02b5f0677ae1ab75898e53,1920,1080
117,pov-b1-0117-p04-angled-footprint-outside-front-right,117_pov-b1-0117-p04-angled-footprint-outside-front-right,p04-angled-footprint-outside,POV_PARKING_B1_P04_ANGLED_FOOTPRINT_OUTSIDE,positive,1,holdout,/home/yanbo/下载/batch_20260902_115647_parking-order-violation-batch1-400-retry/final/117_pov-b1-0117-p04-angled-footprint-outside-front-right.png,/home/yanbo/下载/batch_20260902_115647_parking-order-violation-batch1-400-retry/prompts/117_pov-b1-0117-p04-angled-footprint-outside-front-right.txt,a78e65dd12331a2134dfdd5400b7e3b4ae70c229265bd8be27b66107f2629770,1920,1080
118,pov-b1-0118-p04-angled-footprint-outside-front-center,118_pov-b1-0118-p04-angled-footprint-outside-front-center,p04-angled-footprint-outside,POV_PARKING_B1_P04_ANGLED_FOOTPRINT_OUTSIDE,positive,1,holdout,/home/yanbo/下载/batch_20260902_115647_parking-order-violation-batch1-400-retry/final/118_pov-b1-0118-p04-angled-footprint-outside-front-center.png,/home/yanbo/下载/batch_20260902_115647_parking-order-violation-batch1-400-retry/prompts/118_pov-b1-0118-p04-angled-footprint-outside-front-center.txt,28fae86953947d31b4608a02225f1ceb9e247b87ace70fb69e48403fba99eb71,1920,1080
119,pov-b1-0119-p04-angled-footprint-outside-front-left,119_pov-b1-0119-p04-angled-footprint-outside-front-left,p04-angled-footprint-outside,POV_PARKING_B1_P04_ANGLED_FOOTPRINT_OUTSIDE,positive,1,holdout,/home/yanbo/下载/batch_20260902_115647_parking-order-violation-batch1-400-retry/final/119_pov-b1-0119-p04-angled-footprint-outside-front-left.png,/home/yanbo/下载/batch_20260902_115647_parking-order-violation-batch1-400-retry/prompts/119_pov-b1-0119-p04-angled-footprint-outside-front-left.txt,0112e7900c62224dc550afd0e020538a838d9e99bcbace0e6b6c152e5f744988,1920,1080
120,pov-b1-0120-p04-angled-footprint-outside-front-right,120_pov-b1-0120-p04-angled-footprint-outside-front-right,p04-angled-footprint-outside,POV_PARKING_B1_P04_ANGLED_FOOTPRINT_OUTSIDE,positive,1,holdout,/home/yanbo/下载/batch_20260902_115647_parking-order-violation-batch1-400-retry/final/120_pov-b1-0120-p04-angled-footprint-outside-front-right.png,/home/yanbo/下载/batch_20260902_115647_parking-order-violation-batch1-400-retry/prompts/120_pov-b1-0120-p04-angled-footprint-outside-front-right.txt,aaed8f87b10e95beae05ff6f909e4359fab1b60944b7725298af180943975ae2,1920,1080
122,pov-b1-0122-p04-angled-footprint-outside-front-left,122_pov-b1-0122-p04-angled-footprint-outside-front-left,p04-angled-footprint-outside,POV_PARKING_B1_P04_ANGLED_FOOTPRINT_OUTSIDE,positive,1,holdout,/home/yanbo/下载/batch_20260902_115647_parking-order-violation-batch1-400-retry/final/122_pov-b1-0122-p04-angled-footprint-outside-front-left.png,/home/yanbo/下载/batch_20260902_115647_parking-order-violation-batch1-400-retry/prompts/122_pov-b1-0122-p04-angled-footprint-outside-front-left.txt,3040ce8409df35a1503df1f0b924b9f113c68b95ff51b5200567903b55172e4a,1920,1080
123,pov-b1-0123-p04-angled-footprint-outside-front-right,123_pov-b1-0123-p04-angled-footprint-outside-front-right,p04-angled-footprint-outside,POV_PARKING_B1_P04_ANGLED_FOOTPRINT_OUTSIDE,positive,1,holdout,/home/yanbo/下载/batch_20260902_115647_parking-order-violation-batch1-400-retry/final/123_pov-b1-0123-p04-angled-footprint-outside-front-right.png,/home/yanbo/下载/batch_20260902_115647_parking-order-violation-batch1-400-retry/prompts/123_pov-b1-0123-p04-angled-footprint-outside-front-right.txt,29751edc722a515f66f3eebc0ebec13ff61cd907509c089245064865004f9f7b,1920,1080
124,pov-b1-0124-p04-angled-footprint-outside-front-center,124_pov-b1-0124-p04-angled-footprint-outside-front-center,p04-angled-footprint-outside,POV_PARKING_B1_P04_ANGLED_FOOTPRINT_OUTSIDE,positive,1,holdout,/home/yanbo/下载/batch_20260902_115647_parking-order-violation-batch1-400-retry/final/124_pov-b1-0124-p04-angled-footprint-outside-front-center.png,/home/yanbo/下载/batch_20260902_115647_parking-order-violation-batch1-400-retry/prompts/124_pov-b1-0124-p04-angled-footprint-outside-front-center.txt,9b8878f47b72f63e7e5c44697c0167a1a885211e736bec3a500d2f4a41f34ca2,1920,1080
125,pov-b1-0125-p04-angled-footprint-outside-front-left,125_pov-b1-0125-p04-angled-footprint-outside-front-left,p04-angled-footprint-outside,POV_PARKING_B1_P04_ANGLED_FOOTPRINT_OUTSIDE,positive,1,holdout,/home/yanbo/下载/batch_20260902_115647_parking-order-violation-batch1-400-retry/final/125_pov-b1-0125-p04-angled-footprint-outside-front-left.png,/home/yanbo/下载/batch_20260902_115647_parking-order-violation-batch1-400-retry/prompts/125_pov-b1-0125-p04-angled-footprint-outside-front-left.txt,9d491f3d3ff3f01d8bccf586785493f25bcd52a60104c6be7f4ce496674e63bf,1920,1080
126,pov-b1-0126-p04-angled-footprint-outside-front-right,126_pov-b1-0126-p04-angled-footprint-outside-front-right,p04-angled-footprint-outside,POV_PARKING_B1_P04_ANGLED_FOOTPRINT_OUTSIDE,positive,1,holdout,/home/yanbo/下载/batch_20260902_115647_parking-order-violation-batch1-400-retry/final/126_pov-b1-0126-p04-angled-footprint-outside-front-right.png,/home/yanbo/下载/batch_20260902_115647_parking-order-violation-batch1-400-retry/prompts/126_pov-b1-0126-p04-angled-footprint-outside-front-right.txt,0e789f4a7772487609238a3cc4e05db88429834b06d22bf29b97546184e47981,1920,1080
127,pov-b1-0127-p04-angled-footprint-outside-front-center,127_pov-b1-0127-p04-angled-footprint-outside-front-center,p04-angled-footprint-outside,POV_PARKING_B1_P04_ANGLED_FOOTPRINT_OUTSIDE,positive,1,holdout,/home/yanbo/下载/batch_20260902_115647_parking-order-violation-batch1-400-retry/final/127_pov-b1-0127-p04-angled-footprint-outside-front-center.png,/home/yanbo/下载/batch_20260902_115647_parking-order-violation-batch1-400-retry/prompts/127_pov-b1-0127-p04-angled-footprint-outside-front-center.txt,e7c5feaecd7038f95cd9975768ca70843082c4e1c3962e5cf4b3c3bd15327d86,1920,1080
128,pov-b1-0128-p04-angled-footprint-outside-front-left,128_pov-b1-0128-p04-angled-footprint-outside-front-left,p04-angled-footprint-outside,POV_PARKING_B1_P04_ANGLED_FOOTPRINT_OUTSIDE,positive,1,holdout,/home/yanbo/下载/batch_20260902_115647_parking-order-violation-batch1-400-retry/final/128_pov-b1-0128-p04-angled-footprint-outside-front-left.png,/home/yanbo/下载/batch_20260902_115647_parking-order-violation-batch1-400-retry/prompts/128_pov-b1-0128-p04-angled-footprint-outside-front-left.txt,1059ab4a00bd615a866389b6fb68f64782dc13698d14f6bb344514f71c58b7ea,1920,1080
129,pov-b1-0129-p04-angled-footprint-outside-front-center,129_pov-b1-0129-p04-angled-footprint-outside-front-center,p04-angled-footprint-outside,POV_PARKING_B1_P04_ANGLED_FOOTPRINT_OUTSIDE,positive,1,holdout,/home/yanbo/下载/batch_20260902_115647_parking-order-violation-batch1-400-retry/final/129_pov-b1-0129-p04-angled-footprint-outside-front-center.png,/home/yanbo/下载/batch_20260902_115647_parking-order-violation-batch1-400-retry/prompts/129_pov-b1-0129-p04-angled-footprint-outside-front-center.txt,17eca2f5c9c4113a83e593d398a0d4cef301c08d8b85a2ee6207f9f6d6801c51,1920,1080
130,pov-b1-0130-p04-angled-footprint-outside-front-left,130_pov-b1-0130-p04-angled-footprint-outside-front-left,p04-angled-footprint-outside,POV_PARKING_B1_P04_ANGLED_FOOTPRINT_OUTSIDE,positive,1,holdout,/home/yanbo/下载/batch_20260902_115647_parking-order-violation-batch1-400-retry/final/130_pov-b1-0130-p04-angled-footprint-outside-front-left.png,/home/yanbo/下载/batch_20260902_115647_parking-order-violation-batch1-400-retry/prompts/130_pov-b1-0130-p04-angled-footprint-outside-front-left.txt,bf555a51d60a01737ce8e94cfc3a259113a12e4aec96f89eb5b42abc8d4fd0c9,1920,1080
131,pov-b1-0131-p05-multi-vehicle-at-least-one-violation-front-center,131_pov-b1-0131-p05-multi-vehicle-at-least-one-violation-front-center,p05-multi-vehicle-at-least-one-violation,POV_PARKING_B1_P05_MULTI_VEHICLE_AT_LEAST_ONE_VIOLATION,positive,1,train,/home/yanbo/下载/batch_20260902_115647_parking-order-violation-batch1-400-retry/final/131_pov-b1-0131-p05-multi-vehicle-at-least-one-violation-front-center.png,/home/yanbo/下载/batch_20260902_115647_parking-order-violation-batch1-400-retry/prompts/131_pov-b1-0131-p05-multi-vehicle-at-least-one-violation-front-center.txt,acb8803cbfb955dc0a72690c938c86f7ca8a561fcce3ede8e58514f288819b02,1920,1080
132,pov-b1-0132-p05-multi-vehicle-at-least-one-violation-front-left,132_pov-b1-0132-p05-multi-vehicle-at-least-one-violation-front-left,p05-multi-vehicle-at-least-one-violation,POV_PARKING_B1_P05_MULTI_VEHICLE_AT_LEAST_ONE_VIOLATION,positive,1,train,/home/yanbo/下载/batch_20260902_115647_parking-order-violation-batch1-400-retry/final/132_pov-b1-0132-p05-multi-vehicle-at-least-one-violation-front-left.png,/home/yanbo/下载/batch_20260902_115647_parking-order-violation-batch1-400-retry/prompts/132_pov-b1-0132-p05-multi-vehicle-at-least-one-violation-front-left.txt,2c4bbbf931299b88f97710ca859b17807cee73231eac4a0dc32c344d57e2b415,1920,1080
133,pov-b1-0133-p05-multi-vehicle-at-least-one-violation-front-right,133_pov-b1-0133-p05-multi-vehicle-at-least-one-violation-front-right,p05-multi-vehicle-at-least-one-violation,POV_PARKING_B1_P05_MULTI_VEHICLE_AT_LEAST_ONE_VIOLATION,positive,1,train,/home/yanbo/下载/batch_20260902_115647_parking-order-violation-batch1-400-retry/final/133_pov-b1-0133-p05-multi-vehicle-at-least-one-violation-front-right.png,/home/yanbo/下载/batch_20260902_115647_parking-order-violation-batch1-400-retry/prompts/133_pov-b1-0133-p05-multi-vehicle-at-least-one-violation-front-right.txt,310499ed3c9550849ae6784061779b520f92c9367709d996fa98d4966d2261e8,1920,1080
134,pov-b1-0134-p05-multi-vehicle-at-least-one-violation-front-center,134_pov-b1-0134-p05-multi-vehicle-at-least-one-violation-front-center,p05-multi-vehicle-at-least-one-violation,POV_PARKING_B1_P05_MULTI_VEHICLE_AT_LEAST_ONE_VIOLATION,positive,1,train,/home/yanbo/下载/batch_20260902_115647_parking-order-violation-batch1-400-retry/final/134_pov-b1-0134-p05-multi-vehicle-at-least-one-violation-front-center.png,/home/yanbo/下载/batch_20260902_115647_parking-order-violation-batch1-400-retry/prompts/134_pov-b1-0134-p05-multi-vehicle-at-least-one-violation-front-center.txt,707813ea7a7b2f00c73a07b4bda1a6467a0e6390bba6dfa883b1831d9dbd2739,1920,1080
135,pov-b1-0135-p05-multi-vehicle-at-least-one-violation-front-left,135_pov-b1-0135-p05-multi-vehicle-at-least-one-violation-front-left,p05-multi-vehicle-at-least-one-violation,POV_PARKING_B1_P05_MULTI_VEHICLE_AT_LEAST_ONE_VIOLATION,positive,1,train,/home/yanbo/下载/batch_20260902_115647_parking-order-violation-batch1-400-retry/final/135_pov-b1-0135-p05-multi-vehicle-at-least-one-violation-front-left.png,/home/yanbo/下载/batch_20260902_115647_parking-order-violation-batch1-400-retry/prompts/135_pov-b1-0135-p05-multi-vehicle-at-least-one-violation-front-left.txt,47d4eb825dadd64d74981785a3b057daf44143f2aa3115781da47922cbc8a7e5,1920,1080
136,pov-b1-0136-p05-multi-vehicle-at-least-one-violation-front-right,136_pov-b1-0136-p05-multi-vehicle-at-least-one-violation-front-right,p05-multi-vehicle-at-least-one-violation,POV_PARKING_B1_P05_MULTI_VEHICLE_AT_LEAST_ONE_VIOLATION,positive,1,train,/home/yanbo/下载/batch_20260902_115647_parking-order-violation-batch1-400-retry/final/136_pov-b1-0136-p05-multi-vehicle-at-least-one-violation-front-right.png,/home/yanbo/下载/batch_20260902_115647_parking-order-violation-batch1-400-retry/prompts/136_pov-b1-0136-p05-multi-vehicle-at-least-one-violation-front-right.txt,051cf35297a38c1ad2ae3f3ff27c6de0d70e34101e77d06e4526557ab1c25d2c,1920,1080
137,pov-b1-0137-p05-multi-vehicle-at-least-one-violation-front-center,137_pov-b1-0137-p05-multi-vehicle-at-least-one-violation-front-center,p05-multi-vehicle-at-least-one-violation,POV_PARKING_B1_P05_MULTI_VEHICLE_AT_LEAST_ONE_VIOLATION,positive,1,train,/home/yanbo/下载/batch_20260902_115647_parking-order-violation-batch1-400-retry/final/137_pov-b1-0137-p05-multi-vehicle-at-least-one-violation-front-center.png,/home/yanbo/下载/batch_20260902_115647_parking-order-violation-batch1-400-retry/prompts/137_pov-b1-0137-p05-multi-vehicle-at-least-one-violation-front-center.txt,4013ad94646bf8980504bf5cd6d53caa1f838a33e7a64fe559e863b8f210db38,1920,1080
138,pov-b1-0138-p05-multi-vehicle-at-least-one-violation-front-left,138_pov-b1-0138-p05-multi-vehicle-at-least-one-violation-front-left,p05-multi-vehicle-at-least-one-violation,POV_PARKING_B1_P05_MULTI_VEHICLE_AT_LEAST_ONE_VIOLATION,positive,1,train,/home/yanbo/下载/batch_20260902_115647_parking-order-violation-batch1-400-retry/final/138_pov-b1-0138-p05-multi-vehicle-at-least-one-violation-front-left.png,/home/yanbo/下载/batch_20260902_115647_parking-order-violation-batch1-400-retry/prompts/138_pov-b1-0138-p05-multi-vehicle-at-least-one-violation-front-left.txt,cb02df1970bfbfef7fc91fa5f26b649261b1a0abc993a9e7d138eeae709aed0b,1920,1080
139,pov-b1-0139-p05-multi-vehicle-at-least-one-violation-front-right,139_pov-b1-0139-p05-multi-vehicle-at-least-one-violation-front-right,p05-multi-vehicle-at-least-one-violation,POV_PARKING_B1_P05_MULTI_VEHICLE_AT_LEAST_ONE_VIOLATION,positive,1,train,/home/yanbo/下载/batch_20260902_115647_parking-order-violation-batch1-400-retry/final/139_pov-b1-0139-p05-multi-vehicle-at-least-one-violation-front-right.png,/home/yanbo/下载/batch_20260902_115647_parking-order-violation-batch1-400-retry/prompts/139_pov-b1-0139-p05-multi-vehicle-at-least-one-violation-front-right.txt,f2ae84613c6081fd7ad6517c3b54aee12af12e9ea22e99b023d785c59c2bbf84,1920,1080
140,pov-b1-0140-p05-multi-vehicle-at-least-one-violation-front-center,140_pov-b1-0140-p05-multi-vehicle-at-least-one-violation-front-center,p05-multi-vehicle-at-least-one-violation,POV_PARKING_B1_P05_MULTI_VEHICLE_AT_LEAST_ONE_VIOLATION,positive,1,train,/home/yanbo/下载/batch_20260902_115647_parking-order-violation-batch1-400-retry/final/140_pov-b1-0140-p05-multi-vehicle-at-least-one-violation-front-center.png,/home/yanbo/下载/batch_20260902_115647_parking-order-violation-batch1-400-retry/prompts/140_pov-b1-0140-p05-multi-vehicle-at-least-one-violation-front-center.txt,3490ca5ba3b4a7be56d614e5c2d17056dcf630fd3160b6e42bb27c6136473f3a,1920,1080
141,pov-b1-0141-p05-multi-vehicle-at-least-one-violation-front-left,141_pov-b1-0141-p05-multi-vehicle-at-least-one-violation-front-left,p05-multi-vehicle-at-least-one-violation,POV_PARKING_B1_P05_MULTI_VEHICLE_AT_LEAST_ONE_VIOLATION,positive,1,train,/home/yanbo/下载/batch_20260902_115647_parking-order-violation-batch1-400-retry/final/141_pov-b1-0141-p05-multi-vehicle-at-least-one-violation-front-left.png,/home/yanbo/下载/batch_20260902_115647_parking-order-violation-batch1-400-retry/prompts/141_pov-b1-0141-p05-multi-vehicle-at-least-one-violation-front-left.txt,2e420db62aa2008e456652b76f3554fdaa62afb939fe471a1662e1543ae8ca21,1920,1080
142,pov-b1-0142-p05-multi-vehicle-at-least-one-violation-front-right,142_pov-b1-0142-p05-multi-vehicle-at-least-one-violation-front-right,p05-multi-vehicle-at-least-one-violation,POV_PARKING_B1_P05_MULTI_VEHICLE_AT_LEAST_ONE_VIOLATION,positive,1,train,/home/yanbo/下载/batch_20260902_115647_parking-order-violation-batch1-400-retry/final/142_pov-b1-0142-p05-multi-vehicle-at-least-one-violation-front-right.png,/home/yanbo/下载/batch_20260902_115647_parking-order-violation-batch1-400-retry/prompts/142_pov-b1-0142-p05-multi-vehicle-at-least-one-violation-front-right.txt,b342ab3fa54b278ed3df9f1422768a78ef039394c61b9e83f29c4ed8df3c5e92,1920,1080
143,pov-b1-0143-p05-multi-vehicle-at-least-one-violation-front-center,143_pov-b1-0143-p05-multi-vehicle-at-least-one-violation-front-center,p05-multi-vehicle-at-least-one-violation,POV_PARKING_B1_P05_MULTI_VEHICLE_AT_LEAST_ONE_VIOLATION,positive,1,train,/home/yanbo/下载/batch_20260902_115647_parking-order-violation-batch1-400-retry/final/143_pov-b1-0143-p05-multi-vehicle-at-least-one-violation-front-center.png,/home/yanbo/下载/batch_20260902_115647_parking-order-violation-batch1-400-retry/prompts/143_pov-b1-0143-p05-multi-vehicle-at-least-one-violation-front-center.txt,5d508341af52912d206632c94b9f5d63c601f83c6f2cbe70d93800c78ed5d59c,1920,1080
144,pov-b1-0144-p05-multi-vehicle-at-least-one-violation-front-left,144_pov-b1-0144-p05-multi-vehicle-at-least-one-violation-front-left,p05-multi-vehicle-at-least-one-violation,POV_PARKING_B1_P05_MULTI_VEHICLE_AT_LEAST_ONE_VIOLATION,positive,1,train,/home/yanbo/下载/batch_20260902_115647_parking-order-violation-batch1-400-retry/final/144_pov-b1-0144-p05-multi-vehicle-at-least-one-violation-front-left.png,/home/yanbo/下载/batch_20260902_115647_parking-order-violation-batch1-400-retry/prompts/144_pov-b1-0144-p05-multi-vehicle-at-least-one-violation-front-left.txt,28741c9d963fc398840356cb9879899e39b0a9f669eae247ae203c416a7e9b93,1920,1080
145,pov-b1-0145-p05-multi-vehicle-at-least-one-violation-front-right,145_pov-b1-0145-p05-multi-vehicle-at-least-one-violation-front-right,p05-multi-vehicle-at-least-one-violation,POV_PARKING_B1_P05_MULTI_VEHICLE_AT_LEAST_ONE_VIOLATION,positive,1,train,/home/yanbo/下载/batch_20260902_115647_parking-order-violation-batch1-400-retry/final/145_pov-b1-0145-p05-multi-vehicle-at-least-one-violation-front-right.png,/home/yanbo/下载/batch_20260902_115647_parking-order-violation-batch1-400-retry/prompts/145_pov-b1-0145-p05-multi-vehicle-at-least-one-violation-front-right.txt,beaa3b6552e92a51eb1e0fd521dd742306700cd09b1fa722e379806b8f9c3cc0,1920,1080
146,pov-b1-0146-p05-multi-vehicle-at-least-one-violation-front-center,146_pov-b1-0146-p05-multi-vehicle-at-least-one-violation-front-center,p05-multi-vehicle-at-least-one-violation,POV_PARKING_B1_P05_MULTI_VEHICLE_AT_LEAST_ONE_VIOLATION,positive,1,train,/home/yanbo/下载/batch_20260902_115647_parking-order-violation-batch1-400-retry/final/146_pov-b1-0146-p05-multi-vehicle-at-least-one-violation-front-center.png,/home/yanbo/下载/batch_20260902_115647_parking-order-violation-batch1-400-retry/prompts/146_pov-b1-0146-p05-multi-vehicle-at-least-one-violation-front-center.txt,3a1547f1a5538972cf11f0076c703ad9d88591700a9290af3498a834d3b84437,1920,1080
147,pov-b1-0147-p05-multi-vehicle-at-least-one-violation-front-left,147_pov-b1-0147-p05-multi-vehicle-at-least-one-violation-front-left,p05-multi-vehicle-at-least-one-violation,POV_PARKING_B1_P05_MULTI_VEHICLE_AT_LEAST_ONE_VIOLATION,positive,1,train,/home/yanbo/下载/batch_20260902_115647_parking-order-violation-batch1-400-retry/final/147_pov-b1-0147-p05-multi-vehicle-at-least-one-violation-front-left.png,/home/yanbo/下载/batch_20260902_115647_parking-order-violation-batch1-400-retry/prompts/147_pov-b1-0147-p05-multi-vehicle-at-least-one-violation-front-left.txt,3eed2e840fd7b20730d7f7010d3848aa8d53558a787a560618d847ecdbe4117d,1920,1080
148,pov-b1-0148-p05-multi-vehicle-at-least-one-violation-front-right,148_pov-b1-0148-p05-multi-vehicle-at-least-one-violation-front-right,p05-multi-vehicle-at-least-one-violation,POV_PARKING_B1_P05_MULTI_VEHICLE_AT_LEAST_ONE_VIOLATION,positive,1,train,/home/yanbo/下载/batch_20260902_115647_parking-order-violation-batch1-400-retry/final/148_pov-b1-0148-p05-multi-vehicle-at-least-one-violation-front-right.png,/home/yanbo/下载/batch_20260902_115647_parking-order-violation-batch1-400-retry/prompts/148_pov-b1-0148-p05-multi-vehicle-at-least-one-violation-front-right.txt,85c36cc890c4d967ee2f83a7432a00c10149a7a1522c1f7569ed776bf178417e,1920,1080
149,pov-b1-0149-p05-multi-vehicle-at-least-one-violation-front-center,149_pov-b1-0149-p05-multi-vehicle-at-least-one-violation-front-center,p05-multi-vehicle-at-least-one-violation,POV_PARKING_B1_P05_MULTI_VEHICLE_AT_LEAST_ONE_VIOLATION,positive,1,train,/home/yanbo/下载/batch_20260902_115647_parking-order-violation-batch1-400-retry/final/149_pov-b1-0149-p05-multi-vehicle-at-least-one-violation-front-center.png,/home/yanbo/下载/batch_20260902_115647_parking-order-violation-batch1-400-retry/prompts/149_pov-b1-0149-p05-multi-vehicle-at-least-one-violation-front-center.txt,99acaa870bcf567c9b87e27d38c472d6eae743614657842a19deed195379630b,1920,1080
150,pov-b1-0150-p05-multi-vehicle-at-least-one-violation-front-left,150_pov-b1-0150-p05-multi-vehicle-at-least-one-violation-front-left,p05-multi-vehicle-at-least-one-violation,POV_PARKING_B1_P05_MULTI_VEHICLE_AT_LEAST_ONE_VIOLATION,positive,1,train,/home/yanbo/下载/batch_20260902_115647_parking-order-violation-batch1-400-retry/final/150_pov-b1-0150-p05-multi-vehicle-at-least-one-violation-front-left.png,/home/yanbo/下载/batch_20260902_115647_parking-order-violation-batch1-400-retry/prompts/150_pov-b1-0150-p05-multi-vehicle-at-least-one-violation-front-left.txt,3aeb8a3d21872dc16afdd993b57ec38ee97a8077bb59179c724bd1176d3f82f7,1920,1080
151,pov-b1-0151-p06-nose-or-tail-intrudes-aisle-front-center,151_pov-b1-0151-p06-nose-or-tail-intrudes-aisle-front-center,p06-nose-or-tail-intrudes-aisle,POV_PARKING_B1_P06_NOSE_OR_TAIL_INTRUDES_AISLE,positive,1,holdout,/home/yanbo/下载/batch_20260902_115647_parking-order-violation-batch1-400-retry/final/151_pov-b1-0151-p06-nose-or-tail-intrudes-aisle-front-center.png,/home/yanbo/下载/batch_20260902_115647_parking-order-violation-batch1-400-retry/prompts/151_pov-b1-0151-p06-nose-or-tail-intrudes-aisle-front-center.txt,cf31e9555cbf7ab14050ddd69c8c6e5ce484808ba799af57987bffdff74863a6,1920,1080
152,pov-b1-0152-p06-nose-or-tail-intrudes-aisle-front-left,152_pov-b1-0152-p06-nose-or-tail-intrudes-aisle-front-left,p06-nose-or-tail-intrudes-aisle,POV_PARKING_B1_P06_NOSE_OR_TAIL_INTRUDES_AISLE,positive,1,holdout,/home/yanbo/下载/batch_20260902_115647_parking-order-violation-batch1-400-retry/final/152_pov-b1-0152-p06-nose-or-tail-intrudes-aisle-front-left.png,/home/yanbo/下载/batch_20260902_115647_parking-order-violation-batch1-400-retry/prompts/152_pov-b1-0152-p06-nose-or-tail-intrudes-aisle-front-left.txt,823a33f3c75ca265f8a1e877793ae7886f611cf4c27b7e2842322530426d45ba,1920,1080
153,pov-b1-0153-p06-nose-or-tail-intrudes-aisle-front-right,153_pov-b1-0153-p06-nose-or-tail-intrudes-aisle-front-right,p06-nose-or-tail-intrudes-aisle,POV_PARKING_B1_P06_NOSE_OR_TAIL_INTRUDES_AISLE,positive,1,holdout,/home/yanbo/下载/batch_20260902_115647_parking-order-violation-batch1-400-retry/final/153_pov-b1-0153-p06-nose-or-tail-intrudes-aisle-front-right.png,/home/yanbo/下载/batch_20260902_115647_parking-order-violation-batch1-400-retry/prompts/153_pov-b1-0153-p06-nose-or-tail-intrudes-aisle-front-right.txt,973c4d60be96fb1f813d494319612fb45ea68b742a98818d6ec2e361ab23cbd9,1920,1080
154,pov-b1-0154-p06-nose-or-tail-intrudes-aisle-front-center,154_pov-b1-0154-p06-nose-or-tail-intrudes-aisle-front-center,p06-nose-or-tail-intrudes-aisle,POV_PARKING_B1_P06_NOSE_OR_TAIL_INTRUDES_AISLE,positive,1,holdout,/home/yanbo/下载/batch_20260902_115647_parking-order-violation-batch1-400-retry/final/154_pov-b1-0154-p06-nose-or-tail-intrudes-aisle-front-center.png,/home/yanbo/下载/batch_20260902_115647_parking-order-violation-batch1-400-retry/prompts/154_pov-b1-0154-p06-nose-or-tail-intrudes-aisle-front-center.txt,1187fe6b255d5ee87d4f59fc5f2a683c935d5772a8873049a853e2873bc28790,1920,1080
155,pov-b1-0155-p06-nose-or-tail-intrudes-aisle-front-left,155_pov-b1-0155-p06-nose-or-tail-intrudes-aisle-front-left,p06-nose-or-tail-intrudes-aisle,POV_PARKING_B1_P06_NOSE_OR_TAIL_INTRUDES_AISLE,positive,1,holdout,/home/yanbo/下载/batch_20260902_115647_parking-order-violation-batch1-400-retry/final/155_pov-b1-0155-p06-nose-or-tail-intrudes-aisle-front-left.png,/home/yanbo/下载/batch_20260902_115647_parking-order-violation-batch1-400-retry/prompts/155_pov-b1-0155-p06-nose-or-tail-intrudes-aisle-front-left.txt,8c0f04a6f1dcb825818c091878dd9bf1278a055de6ef88f7bd09a5ce0fb7e201,1920,1080
156,pov-b1-0156-p06-nose-or-tail-intrudes-aisle-front-right,156_pov-b1-0156-p06-nose-or-tail-intrudes-aisle-front-right,p06-nose-or-tail-intrudes-aisle,POV_PARKING_B1_P06_NOSE_OR_TAIL_INTRUDES_AISLE,positive,1,holdout,/home/yanbo/下载/batch_20260902_115647_parking-order-violation-batch1-400-retry/final/156_pov-b1-0156-p06-nose-or-tail-intrudes-aisle-front-right.png,/home/yanbo/下载/batch_20260902_115647_parking-order-violation-batch1-400-retry/prompts/156_pov-b1-0156-p06-nose-or-tail-intrudes-aisle-front-right.txt,9725aa8099cea39db019c02b5379a87707c1942f7fd5406e29f4c999457d9b18,1920,1080
157,pov-b1-0157-p06-nose-or-tail-intrudes-aisle-front-center,157_pov-b1-0157-p06-nose-or-tail-intrudes-aisle-front-center,p06-nose-or-tail-intrudes-aisle,POV_PARKING_B1_P06_NOSE_OR_TAIL_INTRUDES_AISLE,positive,1,holdout,/home/yanbo/下载/batch_20260902_115647_parking-order-violation-batch1-400-retry/final/157_pov-b1-0157-p06-nose-or-tail-intrudes-aisle-front-center.png,/home/yanbo/下载/batch_20260902_115647_parking-order-violation-batch1-400-retry/prompts/157_pov-b1-0157-p06-nose-or-tail-intrudes-aisle-front-center.txt,e429453485e61c4e85cf969157ace0642c13ad6f110e4b309da44ff8bee507da,1920,1080
158,pov-b1-0158-p06-nose-or-tail-intrudes-aisle-front-left,158_pov-b1-0158-p06-nose-or-tail-intrudes-aisle-front-left,p06-nose-or-tail-intrudes-aisle,POV_PARKING_B1_P06_NOSE_OR_TAIL_INTRUDES_AISLE,positive,1,holdout,/home/yanbo/下载/batch_20260902_115647_parking-order-violation-batch1-400-retry/final/158_pov-b1-0158-p06-nose-or-tail-intrudes-aisle-front-left.png,/home/yanbo/下载/batch_20260902_115647_parking-order-violation-batch1-400-retry/prompts/158_pov-b1-0158-p06-nose-or-tail-intrudes-aisle-front-left.txt,c6a3eb92e09bbf95d9f5c8ec53fa31254731a8b1c6ab082c35e1a6d5b94bdba8,1920,1080
159,pov-b1-0159-p06-nose-or-tail-intrudes-aisle-front-center,159_pov-b1-0159-p06-nose-or-tail-intrudes-aisle-front-center,p06-nose-or-tail-intrudes-aisle,POV_PARKING_B1_P06_NOSE_OR_TAIL_INTRUDES_AISLE,positive,1,holdout,/home/yanbo/下载/batch_20260902_115647_parking-order-violation-batch1-400-retry/final/159_pov-b1-0159-p06-nose-or-tail-intrudes-aisle-front-center.png,/home/yanbo/下载/batch_20260902_115647_parking-order-violation-batch1-400-retry/prompts/159_pov-b1-0159-p06-nose-or-tail-intrudes-aisle-front-center.txt,d48f89c3f3cf808779ab1cbc27a9b201d1eab407ee665ea4cc09fd60481ff2fd,1920,1080
160,pov-b1-0160-p06-nose-or-tail-intrudes-aisle-front-left,160_pov-b1-0160-p06-nose-or-tail-intrudes-aisle-front-left,p06-nose-or-tail-intrudes-aisle,POV_PARKING_B1_P06_NOSE_OR_TAIL_INTRUDES_AISLE,positive,1,holdout,/home/yanbo/下载/batch_20260902_115647_parking-order-violation-batch1-400-retry/final/160_pov-b1-0160-p06-nose-or-tail-intrudes-aisle-front-left.png,/home/yanbo/下载/batch_20260902_115647_parking-order-violation-batch1-400-retry/prompts/160_pov-b1-0160-p06-nose-or-tail-intrudes-aisle-front-left.txt,c6ed50d74f14220244fdc0139f63b385b991d76db96578c2774a0f5b5d517078,1920,1080
161,pov-b1-0161-n01-standard-inside-bay-front-center,161_pov-b1-0161-n01-standard-inside-bay-front-center,n01-standard-inside-bay,POV_PARKING_B1_N01_STANDARD_INSIDE_BAY,negative,0,train,/home/yanbo/下载/batch_20260902_115647_parking-order-violation-batch1-400-retry/final/161_pov-b1-0161-n01-standard-inside-bay-front-center.png,/home/yanbo/下载/batch_20260902_115647_parking-order-violation-batch1-400-retry/prompts/161_pov-b1-0161-n01-standard-inside-bay-front-center.txt,7f3de5c6d827c4067654c3198fd1428125e8d47442919b155f33202f47efdb85,1920,1080
162,pov-b1-0162-n01-standard-inside-bay-front-left,162_pov-b1-0162-n01-standard-inside-bay-front-left,n01-standard-inside-bay,POV_PARKING_B1_N01_STANDARD_INSIDE_BAY,negative,0,train,/home/yanbo/下载/batch_20260902_115647_parking-order-violation-batch1-400-retry/final/162_pov-b1-0162-n01-standard-inside-bay-front-left.png,/home/yanbo/下载/batch_20260902_115647_parking-order-violation-batch1-400-retry/prompts/162_pov-b1-0162-n01-standard-inside-bay-front-left.txt,45342b5cb0677a3138f80ecaba27629feb72ef0bac1c55eb5ad4e1bf4f4ae01e,1920,1080
163,pov-b1-0163-n01-standard-inside-bay-front-right,163_pov-b1-0163-n01-standard-inside-bay-front-right,n01-standard-inside-bay,POV_PARKING_B1_N01_STANDARD_INSIDE_BAY,negative,0,train,/home/yanbo/下载/batch_20260902_115647_parking-order-violation-batch1-400-retry/final/163_pov-b1-0163-n01-standard-inside-bay-front-right.png,/home/yanbo/下载/batch_20260902_115647_parking-order-violation-batch1-400-retry/prompts/163_pov-b1-0163-n01-standard-inside-bay-front-right.txt,4c8d02f45fec31a9676e7cea79ffb758886f6168d0cb60e091b860ad230d395a,1920,1080
164,pov-b1-0164-n01-standard-inside-bay-front-center,164_pov-b1-0164-n01-standard-inside-bay-front-center,n01-standard-inside-bay,POV_PARKING_B1_N01_STANDARD_INSIDE_BAY,negative,0,train,/home/yanbo/下载/batch_20260902_115647_parking-order-violation-batch1-400-retry/final/164_pov-b1-0164-n01-standard-inside-bay-front-center.png,/home/yanbo/下载/batch_20260902_115647_parking-order-violation-batch1-400-retry/prompts/164_pov-b1-0164-n01-standard-inside-bay-front-center.txt,a2d6c7ab1c437ce0dd12c6293ead4c79690bd0b8efc5876aac7f7d33b5022699,1920,1080
165,pov-b1-0165-n01-standard-inside-bay-front-left,165_pov-b1-0165-n01-standard-inside-bay-front-left,n01-standard-inside-bay,POV_PARKING_B1_N01_STANDARD_INSIDE_BAY,negative,0,train,/home/yanbo/下载/batch_20260902_115647_parking-order-violation-batch1-400-retry/final/165_pov-b1-0165-n01-standard-inside-bay-front-left.png,/home/yanbo/下载/batch_20260902_115647_parking-order-violation-batch1-400-retry/prompts/165_pov-b1-0165-n01-standard-inside-bay-front-left.txt,fd620718986af31c5d6919dcdac1b8afacf698dc1b3e72a1bf1755d7e1186959,1920,1080
166,pov-b1-0166-n01-standard-inside-bay-front-right,166_pov-b1-0166-n01-standard-inside-bay-front-right,n01-standard-inside-bay,POV_PARKING_B1_N01_STANDARD_INSIDE_BAY,negative,0,train,/home/yanbo/下载/batch_20260902_115647_parking-order-violation-batch1-400-retry/final/166_pov-b1-0166-n01-standard-inside-bay-front-right.png,/home/yanbo/下载/batch_20260902_115647_parking-order-violation-batch1-400-retry/prompts/166_pov-b1-0166-n01-standard-inside-bay-front-right.txt,b35e008ae423a47a7ee5d2d61fc6aeea77f15be5c1fea62fa4fe74fdd8c5a905,1920,1080
167,pov-b1-0167-n01-standard-inside-bay-front-center,167_pov-b1-0167-n01-standard-inside-bay-front-center,n01-standard-inside-bay,POV_PARKING_B1_N01_STANDARD_INSIDE_BAY,negative,0,train,/home/yanbo/下载/batch_20260902_115647_parking-order-violation-batch1-400-retry/final/167_pov-b1-0167-n01-standard-inside-bay-front-center.png,/home/yanbo/下载/batch_20260902_115647_parking-order-violation-batch1-400-retry/prompts/167_pov-b1-0167-n01-standard-inside-bay-front-center.txt,29ec4c3b22cff64f0ae2d6aa0c995a7c7d5715b9645e48d0f1dc1fad83077cd3,1920,1080
168,pov-b1-0168-n01-standard-inside-bay-front-left,168_pov-b1-0168-n01-standard-inside-bay-front-left,n01-standard-inside-bay,POV_PARKING_B1_N01_STANDARD_INSIDE_BAY,negative,0,train,/home/yanbo/下载/batch_20260902_115647_parking-order-violation-batch1-400-retry/final/168_pov-b1-0168-n01-standard-inside-bay-front-left.png,/home/yanbo/下载/batch_20260902_115647_parking-order-violation-batch1-400-retry/prompts/168_pov-b1-0168-n01-standard-inside-bay-front-left.txt,6c7f543efc3bac384192ea80dc354ef5c2d686fee20dc396b2da07e6303f1313,1920,1080
169,pov-b1-0169-n01-standard-inside-bay-front-right,169_pov-b1-0169-n01-standard-inside-bay-front-right,n01-standard-inside-bay,POV_PARKING_B1_N01_STANDARD_INSIDE_BAY,negative,0,train,/home/yanbo/下载/batch_20260902_115647_parking-order-violation-batch1-400-retry/final/169_pov-b1-0169-n01-standard-inside-bay-front-right.png,/home/yanbo/下载/batch_20260902_115647_parking-order-violation-batch1-400-retry/prompts/169_pov-b1-0169-n01-standard-inside-bay-front-right.txt,b5d797c12a9f7c7e91423ead73307c8f2c925479b945a374b391eaf158c23446,1920,1080
170,pov-b1-0170-n01-standard-inside-bay-front-center,170_pov-b1-0170-n01-standard-inside-bay-front-center,n01-standard-inside-bay,POV_PARKING_B1_N01_STANDARD_INSIDE_BAY,negative,0,train,/home/yanbo/下载/batch_20260902_115647_parking-order-violation-batch1-400-retry/final/170_pov-b1-0170-n01-standard-inside-bay-front-center.png,/home/yanbo/下载/batch_20260902_115647_parking-order-violation-batch1-400-retry/prompts/170_pov-b1-0170-n01-standard-inside-bay-front-center.txt,d977930f49315480a10fca850bfeec78ede8891ffaae03d4f66f1e384f161232,1920,1080
171,pov-b1-0171-n01-standard-inside-bay-front-left,171_pov-b1-0171-n01-standard-inside-bay-front-left,n01-standard-inside-bay,POV_PARKING_B1_N01_STANDARD_INSIDE_BAY,negative,0,train,/home/yanbo/下载/batch_20260902_115647_parking-order-violation-batch1-400-retry/final/171_pov-b1-0171-n01-standard-inside-bay-front-left.png,/home/yanbo/下载/batch_20260902_115647_parking-order-violation-batch1-400-retry/prompts/171_pov-b1-0171-n01-standard-inside-bay-front-left.txt,a15dd870ed18c2f7dd2b55b48fa7002727bbad6211c082185cd13ae4703f1c67,1920,1080
172,pov-b1-0172-n01-standard-inside-bay-front-right,172_pov-b1-0172-n01-standard-inside-bay-front-right,n01-standard-inside-bay,POV_PARKING_B1_N01_STANDARD_INSIDE_BAY,negative,0,train,/home/yanbo/下载/batch_20260902_115647_parking-order-violation-batch1-400-retry/final/172_pov-b1-0172-n01-standard-inside-bay-front-right.png,/home/yanbo/下载/batch_20260902_115647_parking-order-violation-batch1-400-retry/prompts/172_pov-b1-0172-n01-standard-inside-bay-front-right.txt,9c874375dfbdc973a62be948d13a36dba7e286fb7bd8e4a0d1f6e1282767cf3a,1920,1080
173,pov-b1-0173-n01-standard-inside-bay-front-center,173_pov-b1-0173-n01-standard-inside-bay-front-center,n01-standard-inside-bay,POV_PARKING_B1_N01_STANDARD_INSIDE_BAY,negative,0,train,/home/yanbo/下载/batch_20260902_115647_parking-order-violation-batch1-400-retry/final/173_pov-b1-0173-n01-standard-inside-bay-front-center.png,/home/yanbo/下载/batch_20260902_115647_parking-order-violation-batch1-400-retry/prompts/173_pov-b1-0173-n01-standard-inside-bay-front-center.txt,43d2a9243e399caae8e2b2e320e24b779b8538584182bb3c24d5f307377f7b9f,1920,1080
174,pov-b1-0174-n01-standard-inside-bay-front-left,174_pov-b1-0174-n01-standard-inside-bay-front-left,n01-standard-inside-bay,POV_PARKING_B1_N01_STANDARD_INSIDE_BAY,negative,0,train,/home/yanbo/下载/batch_20260902_115647_parking-order-violation-batch1-400-retry/final/174_pov-b1-0174-n01-standard-inside-bay-front-left.png,/home/yanbo/下载/batch_20260902_115647_parking-order-violation-batch1-400-retry/prompts/174_pov-b1-0174-n01-standard-inside-bay-front-left.txt,964cb2b1c0aa78e862c2463199ceb11e2c5d71d150972a4c8ad8fbcaa21c3c93,1920,1080
175,pov-b1-0175-n01-standard-inside-bay-front-right,175_pov-b1-0175-n01-standard-inside-bay-front-right,n01-standard-inside-bay,POV_PARKING_B1_N01_STANDARD_INSIDE_BAY,negative,0,train,/home/yanbo/下载/batch_20260902_115647_parking-order-violation-batch1-400-retry/final/175_pov-b1-0175-n01-standard-inside-bay-front-right.png,/home/yanbo/下载/batch_20260902_115647_parking-order-violation-batch1-400-retry/prompts/175_pov-b1-0175-n01-standard-inside-bay-front-right.txt,74853e04c5b4f56f62c5ddc3c6c551ac35f4635791395c011c58250737c55d98,1920,1080
176,pov-b1-0176-n01-standard-inside-bay-front-center,176_pov-b1-0176-n01-standard-inside-bay-front-center,n01-standard-inside-bay,POV_PARKING_B1_N01_STANDARD_INSIDE_BAY,negative,0,train,/home/yanbo/下载/batch_20260902_115647_parking-order-violation-batch1-400-retry/final/176_pov-b1-0176-n01-standard-inside-bay-front-center.png,/home/yanbo/下载/batch_20260902_115647_parking-order-violation-batch1-400-retry/prompts/176_pov-b1-0176-n01-standard-inside-bay-front-center.txt,ba77818233dad6511976c38724ba8279b88d6cb9386dc095f6f63a783f9fb234,1920,1080
177,pov-b1-0177-n01-standard-inside-bay-front-left,177_pov-b1-0177-n01-standard-inside-bay-front-left,n01-standard-inside-bay,POV_PARKING_B1_N01_STANDARD_INSIDE_BAY,negative,0,train,/home/yanbo/下载/batch_20260902_115647_parking-order-violation-batch1-400-retry/final/177_pov-b1-0177-n01-standard-inside-bay-front-left.png,/home/yanbo/下载/batch_20260902_115647_parking-order-violation-batch1-400-retry/prompts/177_pov-b1-0177-n01-standard-inside-bay-front-left.txt,3de4711cf3f912f8d82de7470cb705ae3dcf86da8eb554adb3862a0c1f16b0d2,1920,1080
178,pov-b1-0178-n01-standard-inside-bay-front-right,178_pov-b1-0178-n01-standard-inside-bay-front-right,n01-standard-inside-bay,POV_PARKING_B1_N01_STANDARD_INSIDE_BAY,negative,0,train,/home/yanbo/下载/batch_20260902_115647_parking-order-violation-batch1-400-retry/final/178_pov-b1-0178-n01-standard-inside-bay-front-right.png,/home/yanbo/下载/batch_20260902_115647_parking-order-violation-batch1-400-retry/prompts/178_pov-b1-0178-n01-standard-inside-bay-front-right.txt,526c4f582dc4677d143ee9873c493204d768f976f56cf7844cf23d54f78d5f46,1920,1080
179,pov-b1-0179-n01-standard-inside-bay-front-center,179_pov-b1-0179-n01-standard-inside-bay-front-center,n01-standard-inside-bay,POV_PARKING_B1_N01_STANDARD_INSIDE_BAY,negative,0,train,/home/yanbo/下载/batch_20260902_115647_parking-order-violation-batch1-400-retry/final/179_pov-b1-0179-n01-standard-inside-bay-front-center.png,/home/yanbo/下载/batch_20260902_115647_parking-order-violation-batch1-400-retry/prompts/179_pov-b1-0179-n01-standard-inside-bay-front-center.txt,2f2bc385e033d3b7c384904132df908132fb62a0c5407cc8ab374b5536b0615e,1920,1080
180,pov-b1-0180-n01-standard-inside-bay-front-left,180_pov-b1-0180-n01-standard-inside-bay-front-left,n01-standard-inside-bay,POV_PARKING_B1_N01_STANDARD_INSIDE_BAY,negative,0,train,/home/yanbo/下载/batch_20260902_115647_parking-order-violation-batch1-400-retry/final/180_pov-b1-0180-n01-standard-inside-bay-front-left.png,/home/yanbo/下载/batch_20260902_115647_parking-order-violation-batch1-400-retry/prompts/180_pov-b1-0180-n01-standard-inside-bay-front-left.txt,22057e8528147972427eacf883bfab5c029865ea712228a2f6626c3805722cba,1920,1080
181,pov-b1-0181-n01-standard-inside-bay-front-right,181_pov-b1-0181-n01-standard-inside-bay-front-right,n01-standard-inside-bay,POV_PARKING_B1_N01_STANDARD_INSIDE_BAY,negative,0,train,/home/yanbo/下载/batch_20260902_115647_parking-order-violation-batch1-400-retry/final/181_pov-b1-0181-n01-standard-inside-bay-front-right.png,/home/yanbo/下载/batch_20260902_115647_parking-order-violation-batch1-400-retry/prompts/181_pov-b1-0181-n01-standard-inside-bay-front-right.txt,21d01200396aaf286d278ecce76cc3e0396d424950b71a7d3cb8ad275f199738,1920,1080
182,pov-b1-0182-n01-standard-inside-bay-front-center,182_pov-b1-0182-n01-standard-inside-bay-front-center,n01-standard-inside-bay,POV_PARKING_B1_N01_STANDARD_INSIDE_BAY,negative,0,train,/home/yanbo/下载/batch_20260902_115647_parking-order-violation-batch1-400-retry/final/182_pov-b1-0182-n01-standard-inside-bay-front-center.png,/home/yanbo/下载/batch_20260902_115647_parking-order-violation-batch1-400-retry/prompts/182_pov-b1-0182-n01-standard-inside-bay-front-center.txt,5f8625423cc6bc8ba417126244478f4f670d6d6e012a0bf4134825949425cebb,1920,1080
183,pov-b1-0183-n01-standard-inside-bay-front-left,183_pov-b1-0183-n01-standard-inside-bay-front-left,n01-standard-inside-bay,POV_PARKING_B1_N01_STANDARD_INSIDE_BAY,negative,0,train,/home/yanbo/下载/batch_20260902_115647_parking-order-violation-batch1-400-retry/final/183_pov-b1-0183-n01-standard-inside-bay-front-left.png,/home/yanbo/下载/batch_20260902_115647_parking-order-violation-batch1-400-retry/prompts/183_pov-b1-0183-n01-standard-inside-bay-front-left.txt,736a8db5db257327cc6096edb10767c3e075188284022fe92108ee14e468aed4,1920,1080
184,pov-b1-0184-n01-standard-inside-bay-front-right,184_pov-b1-0184-n01-standard-inside-bay-front-right,n01-standard-inside-bay,POV_PARKING_B1_N01_STANDARD_INSIDE_BAY,negative,0,train,/home/yanbo/下载/batch_20260902_115647_parking-order-violation-batch1-400-retry/final/184_pov-b1-0184-n01-standard-inside-bay-front-right.png,/home/yanbo/下载/batch_20260902_115647_parking-order-violation-batch1-400-retry/prompts/184_pov-b1-0184-n01-standard-inside-bay-front-right.txt,ed8cfc97489a4302d06e64c7b1008603b5fc9d9fcb2e7a12131cb1d35979a643,1920,1080
185,pov-b1-0185-n01-standard-inside-bay-front-center,185_pov-b1-0185-n01-standard-inside-bay-front-center,n01-standard-inside-bay,POV_PARKING_B1_N01_STANDARD_INSIDE_BAY,negative,0,train,/home/yanbo/下载/batch_20260902_115647_parking-order-violation-batch1-400-retry/final/185_pov-b1-0185-n01-standard-inside-bay-front-center.png,/home/yanbo/下载/batch_20260902_115647_parking-order-violation-batch1-400-retry/prompts/185_pov-b1-0185-n01-standard-inside-bay-front-center.txt,df8524d07ca72eeb0ec383fc86cc23f3cca87b5cbceba1305f9abad3dc4f8d50,1920,1080
186,pov-b1-0186-n01-standard-inside-bay-front-left,186_pov-b1-0186-n01-standard-inside-bay-front-left,n01-standard-inside-bay,POV_PARKING_B1_N01_STANDARD_INSIDE_BAY,negative,0,train,/home/yanbo/下载/batch_20260902_115647_parking-order-violation-batch1-400-retry/final/186_pov-b1-0186-n01-standard-inside-bay-front-left.png,/home/yanbo/下载/batch_20260902_115647_parking-order-violation-batch1-400-retry/prompts/186_pov-b1-0186-n01-standard-inside-bay-front-left.txt,76812f06edf5e1ac60c11bbec63e9ecc66186ce805ccb42639352654016799a2,1920,1080
187,pov-b1-0187-n01-standard-inside-bay-front-right,187_pov-b1-0187-n01-standard-inside-bay-front-right,n01-standard-inside-bay,POV_PARKING_B1_N01_STANDARD_INSIDE_BAY,negative,0,train,/home/yanbo/下载/batch_20260902_115647_parking-order-violation-batch1-400-retry/final/187_pov-b1-0187-n01-standard-inside-bay-front-right.png,/home/yanbo/下载/batch_20260902_115647_parking-order-violation-batch1-400-retry/prompts/187_pov-b1-0187-n01-standard-inside-bay-front-right.txt,e4bb255312f3d10d4e0c47763220d4f5c9758f20a5e6c81e9e2a352fcfa95883,1920,1080
188,pov-b1-0188-n01-standard-inside-bay-front-center,188_pov-b1-0188-n01-standard-inside-bay-front-center,n01-standard-inside-bay,POV_PARKING_B1_N01_STANDARD_INSIDE_BAY,negative,0,train,/home/yanbo/下载/batch_20260902_115647_parking-order-violation-batch1-400-retry/final/188_pov-b1-0188-n01-standard-inside-bay-front-center.png,/home/yanbo/下载/batch_20260902_115647_parking-order-violation-batch1-400-retry/prompts/188_pov-b1-0188-n01-standard-inside-bay-front-center.txt,d281e6f348b58dcee682bba3e59178d1549b4993715008b3c513b58c07467fc1,1920,1080
189,pov-b1-0189-n01-standard-inside-bay-front-left,189_pov-b1-0189-n01-standard-inside-bay-front-left,n01-standard-inside-bay,POV_PARKING_B1_N01_STANDARD_INSIDE_BAY,negative,0,train,/home/yanbo/下载/batch_20260902_115647_parking-order-violation-batch1-400-retry/final/189_pov-b1-0189-n01-standard-inside-bay-front-left.png,/home/yanbo/下载/batch_20260902_115647_parking-order-violation-batch1-400-retry/prompts/189_pov-b1-0189-n01-standard-inside-bay-front-left.txt,b137d0b13f111b6ef733e7f324ec62206ba6b93a1f94d72f76f4d186f9475376,1920,1080
190,pov-b1-0190-n01-standard-inside-bay-front-right,190_pov-b1-0190-n01-standard-inside-bay-front-right,n01-standard-inside-bay,POV_PARKING_B1_N01_STANDARD_INSIDE_BAY,negative,0,train,/home/yanbo/下载/batch_20260902_115647_parking-order-violation-batch1-400-retry/final/190_pov-b1-0190-n01-standard-inside-bay-front-right.png,/home/yanbo/下载/batch_20260902_115647_parking-order-violation-batch1-400-retry/prompts/190_pov-b1-0190-n01-standard-inside-bay-front-right.txt,fd91a82c1e3107317fb53bba0612e4a0696c247cb423aaec106ac538f65f57e2,1920,1080
191,pov-b1-0191-n02-close-to-line-but-inside-front-center,191_pov-b1-0191-n02-close-to-line-but-inside-front-center,n02-close-to-line-but-inside,POV_PARKING_B1_N02_CLOSE_TO_LINE_BUT_INSIDE,negative,0,train,/home/yanbo/下载/batch_20260902_115647_parking-order-violation-batch1-400-retry/final/191_pov-b1-0191-n02-close-to-line-but-inside-front-center.png,/home/yanbo/下载/batch_20260902_115647_parking-order-violation-batch1-400-retry/prompts/191_pov-b1-0191-n02-close-to-line-but-inside-front-center.txt,9c96d5b38480a64143b7712c98cda01a4a1524623de4f343525028b2ccf72e04,1920,1080
192,pov-b1-0192-n02-close-to-line-but-inside-front-left,192_pov-b1-0192-n02-close-to-line-but-inside-front-left,n02-close-to-line-but-inside,POV_PARKING_B1_N02_CLOSE_TO_LINE_BUT_INSIDE,negative,0,train,/home/yanbo/下载/batch_20260902_115647_parking-order-violation-batch1-400-retry/final/192_pov-b1-0192-n02-close-to-line-but-inside-front-left.png,/home/yanbo/下载/batch_20260902_115647_parking-order-violation-batch1-400-retry/prompts/192_pov-b1-0192-n02-close-to-line-but-inside-front-left.txt,12a266ff8e68ef3ac08a0ed7ed218aeda5573d9e8062c6d31b751109d4b85774,1920,1080
193,pov-b1-0193-n02-close-to-line-but-inside-front-right,193_pov-b1-0193-n02-close-to-line-but-inside-front-right,n02-close-to-line-but-inside,POV_PARKING_B1_N02_CLOSE_TO_LINE_BUT_INSIDE,negative,0,train,/home/yanbo/下载/batch_20260902_115647_parking-order-violation-batch1-400-retry/final/193_pov-b1-0193-n02-close-to-line-but-inside-front-right.png,/home/yanbo/下载/batch_20260902_115647_parking-order-violation-batch1-400-retry/prompts/193_pov-b1-0193-n02-close-to-line-but-inside-front-right.txt,7fbdf3b19317df2b2bbd4e6bab8233b95be0465c102cadfd42402fe1826db413,1920,1080
194,pov-b1-0194-n02-close-to-line-but-inside-front-center,194_pov-b1-0194-n02-close-to-line-but-inside-front-center,n02-close-to-line-but-inside,POV_PARKING_B1_N02_CLOSE_TO_LINE_BUT_INSIDE,negative,0,train,/home/yanbo/下载/batch_20260902_115647_parking-order-violation-batch1-400-retry/final/194_pov-b1-0194-n02-close-to-line-but-inside-front-center.png,/home/yanbo/下载/batch_20260902_115647_parking-order-violation-batch1-400-retry/prompts/194_pov-b1-0194-n02-close-to-line-but-inside-front-center.txt,fe27c8d6c0d9cfdcba4731469fba5b69473e539303c8a574778da7d5ec654da7,1920,1080
195,pov-b1-0195-n02-close-to-line-but-inside-front-left,195_pov-b1-0195-n02-close-to-line-but-inside-front-left,n02-close-to-line-but-inside,POV_PARKING_B1_N02_CLOSE_TO_LINE_BUT_INSIDE,negative,0,train,/home/yanbo/下载/batch_20260902_115647_parking-order-violation-batch1-400-retry/final/195_pov-b1-0195-n02-close-to-line-but-inside-front-left.png,/home/yanbo/下载/batch_20260902_115647_parking-order-violation-batch1-400-retry/prompts/195_pov-b1-0195-n02-close-to-line-but-inside-front-left.txt,93dd939223de70108af0443626c0300c4679d768b35b03eab61a3028f01b0b51,1920,1080
196,pov-b1-0196-n02-close-to-line-but-inside-front-right,196_pov-b1-0196-n02-close-to-line-but-inside-front-right,n02-close-to-line-but-inside,POV_PARKING_B1_N02_CLOSE_TO_LINE_BUT_INSIDE,negative,0,train,/home/yanbo/下载/batch_20260902_115647_parking-order-violation-batch1-400-retry/final/196_pov-b1-0196-n02-close-to-line-but-inside-front-right.png,/home/yanbo/下载/batch_20260902_115647_parking-order-violation-batch1-400-retry/prompts/196_pov-b1-0196-n02-close-to-line-but-inside-front-right.txt,cddfdcb5f1820caf15f7f727e9f73b9a436da73f8b957ed5939e82be872ac0cd,1920,1080
197,pov-b1-0197-n02-close-to-line-but-inside-front-center,197_pov-b1-0197-n02-close-to-line-but-inside-front-center,n02-close-to-line-but-inside,POV_PARKING_B1_N02_CLOSE_TO_LINE_BUT_INSIDE,negative,0,train,/home/yanbo/下载/batch_20260902_115647_parking-order-violation-batch1-400-retry/final/197_pov-b1-0197-n02-close-to-line-but-inside-front-center.png,/home/yanbo/下载/batch_20260902_115647_parking-order-violation-batch1-400-retry/prompts/197_pov-b1-0197-n02-close-to-line-but-inside-front-center.txt,d8c0377533185c5d9741d2eef6331658b774033b30e409d24a1c0be26a5c89ec,1920,1080
198,pov-b1-0198-n02-close-to-line-but-inside-front-left,198_pov-b1-0198-n02-close-to-line-but-inside-front-left,n02-close-to-line-but-inside,POV_PARKING_B1_N02_CLOSE_TO_LINE_BUT_INSIDE,negative,0,train,/home/yanbo/下载/batch_20260902_115647_parking-order-violation-batch1-400-retry/final/198_pov-b1-0198-n02-close-to-line-but-inside-front-left.png,/home/yanbo/下载/batch_20260902_115647_parking-order-violation-batch1-400-retry/prompts/198_pov-b1-0198-n02-close-to-line-but-inside-front-left.txt,3a637b79547a92bb435dd72e3d2ab99539a5b2d7d4d40965598dc7ae9e23e249,1920,1080
199,pov-b1-0199-n02-close-to-line-but-inside-front-right,199_pov-b1-0199-n02-close-to-line-but-inside-front-right,n02-close-to-line-but-inside,POV_PARKING_B1_N02_CLOSE_TO_LINE_BUT_INSIDE,negative,0,train,/home/yanbo/下载/batch_20260902_115647_parking-order-violation-batch1-400-retry/final/199_pov-b1-0199-n02-close-to-line-but-inside-front-right.png,/home/yanbo/下载/batch_20260902_115647_parking-order-violation-batch1-400-retry/prompts/199_pov-b1-0199-n02-close-to-line-but-inside-front-right.txt,9d6bba41476bd4a27ae843b7e7b21bd62715a1b3a221e9d527498c95f8ad5c5d,1920,1080
200,pov-b1-0200-n02-close-to-line-but-inside-front-center,200_pov-b1-0200-n02-close-to-line-but-inside-front-center,n02-close-to-line-but-inside,POV_PARKING_B1_N02_CLOSE_TO_LINE_BUT_INSIDE,negative,0,train,/home/yanbo/下载/batch_20260902_115647_parking-order-violation-batch1-400-retry/final/200_pov-b1-0200-n02-close-to-line-but-inside-front-center.png,/home/yanbo/下载/batch_20260902_115647_parking-order-violation-batch1-400-retry/prompts/200_pov-b1-0200-n02-close-to-line-but-inside-front-center.txt,835f06485702c981bd83883595d6a804413fc90061427930bd1b0a25cab79c53,1920,1080
201,pov-b1-0201-n02-close-to-line-but-inside-front-left,201_pov-b1-0201-n02-close-to-line-but-inside-front-left,n02-close-to-line-but-inside,POV_PARKING_B1_N02_CLOSE_TO_LINE_BUT_INSIDE,negative,0,train,/home/yanbo/下载/batch_20260902_115647_parking-order-violation-batch1-400-retry/final/201_pov-b1-0201-n02-close-to-line-but-inside-front-left.png,/home/yanbo/下载/batch_20260902_115647_parking-order-violation-batch1-400-retry/prompts/201_pov-b1-0201-n02-close-to-line-but-inside-front-left.txt,e586ae3cb1f17ce460ce333a010827741c1b0936c52935bf47b172129443186a,1920,1080
202,pov-b1-0202-n02-close-to-line-but-inside-front-right,202_pov-b1-0202-n02-close-to-line-but-inside-front-right,n02-close-to-line-but-inside,POV_PARKING_B1_N02_CLOSE_TO_LINE_BUT_INSIDE,negative,0,train,/home/yanbo/下载/batch_20260902_115647_parking-order-violation-batch1-400-retry/final/202_pov-b1-0202-n02-close-to-line-but-inside-front-right.png,/home/yanbo/下载/batch_20260902_115647_parking-order-violation-batch1-400-retry/prompts/202_pov-b1-0202-n02-close-to-line-but-inside-front-right.txt,de3ddd394963052848852c12cc05224abd0587bef061f56c9d9fc25fa12803b5,1920,1080
203,pov-b1-0203-n02-close-to-line-but-inside-front-center,203_pov-b1-0203-n02-close-to-line-but-inside-front-center,n02-close-to-line-but-inside,POV_PARKING_B1_N02_CLOSE_TO_LINE_BUT_INSIDE,negative,0,train,/home/yanbo/下载/batch_20260902_115647_parking-order-violation-batch1-400-retry/final/203_pov-b1-0203-n02-close-to-line-but-inside-front-center.png,/home/yanbo/下载/batch_20260902_115647_parking-order-violation-batch1-400-retry/prompts/203_pov-b1-0203-n02-close-to-line-but-inside-front-center.txt,cf9599d0f02cc07b21557505cde20cf5c9ae7cafb02c72e70c4e13411f2f7d9f,1920,1080
204,pov-b1-0204-n02-close-to-line-but-inside-front-left,204_pov-b1-0204-n02-close-to-line-but-inside-front-left,n02-close-to-line-but-inside,POV_PARKING_B1_N02_CLOSE_TO_LINE_BUT_INSIDE,negative,0,train,/home/yanbo/下载/batch_20260902_115647_parking-order-violation-batch1-400-retry/final/204_pov-b1-0204-n02-close-to-line-but-inside-front-left.png,/home/yanbo/下载/batch_20260902_115647_parking-order-violation-batch1-400-retry/prompts/204_pov-b1-0204-n02-close-to-line-but-inside-front-left.txt,de0658b1669b1b96d661a97dab333d9e92e010c3866fed5709f3659b099e61b5,1920,1080
205,pov-b1-0205-n02-close-to-line-but-inside-front-right,205_pov-b1-0205-n02-close-to-line-but-inside-front-right,n02-close-to-line-but-inside,POV_PARKING_B1_N02_CLOSE_TO_LINE_BUT_INSIDE,negative,0,train,/home/yanbo/下载/batch_20260902_115647_parking-order-violation-batch1-400-retry/final/205_pov-b1-0205-n02-close-to-line-but-inside-front-right.png,/home/yanbo/下载/batch_20260902_115647_parking-order-violation-batch1-400-retry/prompts/205_pov-b1-0205-n02-close-to-line-but-inside-front-right.txt,9ea5080d4cd9cfe109f9fb1b3f312cdf1b85bc7552e8d3035df54336212133d9,1920,1080
206,pov-b1-0206-n02-close-to-line-but-inside-front-center,206_pov-b1-0206-n02-close-to-line-but-inside-front-center,n02-close-to-line-but-inside,POV_PARKING_B1_N02_CLOSE_TO_LINE_BUT_INSIDE,negative,0,train,/home/yanbo/下载/batch_20260902_115647_parking-order-violation-batch1-400-retry/final/206_pov-b1-0206-n02-close-to-line-but-inside-front-center.png,/home/yanbo/下载/batch_20260902_115647_parking-order-violation-batch1-400-retry/prompts/206_pov-b1-0206-n02-close-to-line-but-inside-front-center.txt,e2488304c57c05fbeb2bec2ee0ba020cc4af5b8c577da633a862d5593d40a598,1920,1080
207,pov-b1-0207-n02-close-to-line-but-inside-front-left,207_pov-b1-0207-n02-close-to-line-but-inside-front-left,n02-close-to-line-but-inside,POV_PARKING_B1_N02_CLOSE_TO_LINE_BUT_INSIDE,negative,0,train,/home/yanbo/下载/batch_20260902_115647_parking-order-violation-batch1-400-retry/final/207_pov-b1-0207-n02-close-to-line-but-inside-front-left.png,/home/yanbo/下载/batch_20260902_115647_parking-order-violation-batch1-400-retry/prompts/207_pov-b1-0207-n02-close-to-line-but-inside-front-left.txt,c2cfddc197039dca12b375eeeeda2d13fa5d17adfd43ebabcb883f11bb8f3b53,1920,1080
208,pov-b1-0208-n02-close-to-line-but-inside-front-right,208_pov-b1-0208-n02-close-to-line-but-inside-front-right,n02-close-to-line-but-inside,POV_PARKING_B1_N02_CLOSE_TO_LINE_BUT_INSIDE,negative,0,train,/home/yanbo/下载/batch_20260902_115647_parking-order-violation-batch1-400-retry/final/208_pov-b1-0208-n02-close-to-line-but-inside-front-right.png,/home/yanbo/下载/batch_20260902_115647_parking-order-violation-batch1-400-retry/prompts/208_pov-b1-0208-n02-close-to-line-but-inside-front-right.txt,92eb767f556842b1ee61dc1e440a26a1a60f6a2edf892e72e4a29c9838117e0b,1920,1080
209,pov-b1-0209-n02-close-to-line-but-inside-front-center,209_pov-b1-0209-n02-close-to-line-but-inside-front-center,n02-close-to-line-but-inside,POV_PARKING_B1_N02_CLOSE_TO_LINE_BUT_INSIDE,negative,0,train,/home/yanbo/下载/batch_20260902_115647_parking-order-violation-batch1-400-retry/final/209_pov-b1-0209-n02-close-to-line-but-inside-front-center.png,/home/yanbo/下载/batch_20260902_115647_parking-order-violation-batch1-400-retry/prompts/209_pov-b1-0209-n02-close-to-line-but-inside-front-center.txt,27c1665d9965bc76ea486a6e716c598da19604e3d412b34f7523f23f82f2b392,1920,1080
210,pov-b1-0210-n02-close-to-line-but-inside-front-left,210_pov-b1-0210-n02-close-to-line-but-inside-front-left,n02-close-to-line-but-inside,POV_PARKING_B1_N02_CLOSE_TO_LINE_BUT_INSIDE,negative,0,train,/home/yanbo/下载/batch_20260902_115647_parking-order-violation-batch1-400-retry/final/210_pov-b1-0210-n02-close-to-line-but-inside-front-left.png,/home/yanbo/下载/batch_20260902_115647_parking-order-violation-batch1-400-retry/prompts/210_pov-b1-0210-n02-close-to-line-but-inside-front-left.txt,e82782bc39ef9899001bd720d28c4535d6c62e07d6ede16d23b9669968689367,1920,1080
211,pov-b1-0211-n02-close-to-line-but-inside-front-right,211_pov-b1-0211-n02-close-to-line-but-inside-front-right,n02-close-to-line-but-inside,POV_PARKING_B1_N02_CLOSE_TO_LINE_BUT_INSIDE,negative,0,train,/home/yanbo/下载/batch_20260902_115647_parking-order-violation-batch1-400-retry/final/211_pov-b1-0211-n02-close-to-line-but-inside-front-right.png,/home/yanbo/下载/batch_20260902_115647_parking-order-violation-batch1-400-retry/prompts/211_pov-b1-0211-n02-close-to-line-but-inside-front-right.txt,dfcabcaf60309258982b2f14a2079537b4c0d67d831f2d2bd838649f9c4cbfca,1920,1080
212,pov-b1-0212-n02-close-to-line-but-inside-front-center,212_pov-b1-0212-n02-close-to-line-but-inside-front-center,n02-close-to-line-but-inside,POV_PARKING_B1_N02_CLOSE_TO_LINE_BUT_INSIDE,negative,0,train,/home/yanbo/下载/batch_20260902_115647_parking-order-violation-batch1-400-retry/final/212_pov-b1-0212-n02-close-to-line-but-inside-front-center.png,/home/yanbo/下载/batch_20260902_115647_parking-order-violation-batch1-400-retry/prompts/212_pov-b1-0212-n02-close-to-line-but-inside-front-center.txt,f895fd5f9d83232f4e929e529c8d3a2d3eff103aa6cd29fd27614a88796ffd9d,1920,1080
213,pov-b1-0213-n02-close-to-line-but-inside-front-left,213_pov-b1-0213-n02-close-to-line-but-inside-front-left,n02-close-to-line-but-inside,POV_PARKING_B1_N02_CLOSE_TO_LINE_BUT_INSIDE,negative,0,train,/home/yanbo/下载/batch_20260902_115647_parking-order-violation-batch1-400-retry/final/213_pov-b1-0213-n02-close-to-line-but-inside-front-left.png,/home/yanbo/下载/batch_20260902_115647_parking-order-violation-batch1-400-retry/prompts/213_pov-b1-0213-n02-close-to-line-but-inside-front-left.txt,8cec4bebad215390b56fe9e6e5c35287e589043ed992daf9fb50a180b6ee7ca7,1920,1080
214,pov-b1-0214-n02-close-to-line-but-inside-front-center,214_pov-b1-0214-n02-close-to-line-but-inside-front-center,n02-close-to-line-but-inside,POV_PARKING_B1_N02_CLOSE_TO_LINE_BUT_INSIDE,negative,0,train,/home/yanbo/下载/batch_20260902_115647_parking-order-violation-batch1-400-retry/final/214_pov-b1-0214-n02-close-to-line-but-inside-front-center.png,/home/yanbo/下载/batch_20260902_115647_parking-order-violation-batch1-400-retry/prompts/214_pov-b1-0214-n02-close-to-line-but-inside-front-center.txt,8cd0d7dbbfacc8107b3c0b0245ce596d043193825b3be2e639fac4f2886f4a32,1920,1080
215,pov-b1-0215-n02-close-to-line-but-inside-front-left,215_pov-b1-0215-n02-close-to-line-but-inside-front-left,n02-close-to-line-but-inside,POV_PARKING_B1_N02_CLOSE_TO_LINE_BUT_INSIDE,negative,0,train,/home/yanbo/下载/batch_20260902_115647_parking-order-violation-batch1-400-retry/final/215_pov-b1-0215-n02-close-to-line-but-inside-front-left.png,/home/yanbo/下载/batch_20260902_115647_parking-order-violation-batch1-400-retry/prompts/215_pov-b1-0215-n02-close-to-line-but-inside-front-left.txt,31294814f4739ced23a5ed9eaf077869a62bc156987fdae30ca326c04393b233,1920,1080
216,pov-b1-0216-n03-diagonal-bay-correct-front-center,216_pov-b1-0216-n03-diagonal-bay-correct-front-center,n03-diagonal-bay-correct,POV_PARKING_B1_N03_DIAGONAL_BAY_CORRECT,negative,0,holdout,/home/yanbo/下载/batch_20260902_115647_parking-order-violation-batch1-400-retry/final/216_pov-b1-0216-n03-diagonal-bay-correct-front-center.png,/home/yanbo/下载/batch_20260902_115647_parking-order-violation-batch1-400-retry/prompts/216_pov-b1-0216-n03-diagonal-bay-correct-front-center.txt,7c90b74b6df0fd3434c820c4803ea024860a81c84e42517027043157326fc5df,1920,1080
217,pov-b1-0217-n03-diagonal-bay-correct-front-left,217_pov-b1-0217-n03-diagonal-bay-correct-front-left,n03-diagonal-bay-correct,POV_PARKING_B1_N03_DIAGONAL_BAY_CORRECT,negative,0,holdout,/home/yanbo/下载/batch_20260902_115647_parking-order-violation-batch1-400-retry/final/217_pov-b1-0217-n03-diagonal-bay-correct-front-left.png,/home/yanbo/下载/batch_20260902_115647_parking-order-violation-batch1-400-retry/prompts/217_pov-b1-0217-n03-diagonal-bay-correct-front-left.txt,5eadba2bdd3b559941e3418bf1b3c2801ea86f5c3b47911aa9ec2ad3a152ba66,1920,1080
218,pov-b1-0218-n03-diagonal-bay-correct-front-right,218_pov-b1-0218-n03-diagonal-bay-correct-front-right,n03-diagonal-bay-correct,POV_PARKING_B1_N03_DIAGONAL_BAY_CORRECT,negative,0,holdout,/home/yanbo/下载/batch_20260902_115647_parking-order-violation-batch1-400-retry/final/218_pov-b1-0218-n03-diagonal-bay-correct-front-right.png,/home/yanbo/下载/batch_20260902_115647_parking-order-violation-batch1-400-retry/prompts/218_pov-b1-0218-n03-diagonal-bay-correct-front-right.txt,1b745feece129bbc2798c74d73ba20316c25da3d00927816f9e53a35acbf266c,1920,1080
219,pov-b1-0219-n03-diagonal-bay-correct-front-center,219_pov-b1-0219-n03-diagonal-bay-correct-front-center,n03-diagonal-bay-correct,POV_PARKING_B1_N03_DIAGONAL_BAY_CORRECT,negative,0,holdout,/home/yanbo/下载/batch_20260902_115647_parking-order-violation-batch1-400-retry/final/219_pov-b1-0219-n03-diagonal-bay-correct-front-center.png,/home/yanbo/下载/batch_20260902_115647_parking-order-violation-batch1-400-retry/prompts/219_pov-b1-0219-n03-diagonal-bay-correct-front-center.txt,2f6dd8c7f7b1dc80c0b1199d9644fd34b108952e096f9c7858f76927a34e7927,1920,1080
220,pov-b1-0220-n03-diagonal-bay-correct-front-left,220_pov-b1-0220-n03-diagonal-bay-correct-front-left,n03-diagonal-bay-correct,POV_PARKING_B1_N03_DIAGONAL_BAY_CORRECT,negative,0,holdout,/home/yanbo/下载/batch_20260902_115647_parking-order-violation-batch1-400-retry/final/220_pov-b1-0220-n03-diagonal-bay-correct-front-left.png,/home/yanbo/下载/batch_20260902_115647_parking-order-violation-batch1-400-retry/prompts/220_pov-b1-0220-n03-diagonal-bay-correct-front-left.txt,19459a59927d35caaeb247bb37d8f472f63c0beecd405ef7d87111fc22de55c0,1920,1080
221,pov-b1-0221-n03-diagonal-bay-correct-front-right,221_pov-b1-0221-n03-diagonal-bay-correct-front-right,n03-diagonal-bay-correct,POV_PARKING_B1_N03_DIAGONAL_BAY_CORRECT,negative,0,holdout,/home/yanbo/下载/batch_20260902_115647_parking-order-violation-batch1-400-retry/final/221_pov-b1-0221-n03-diagonal-bay-correct-front-right.png,/home/yanbo/下载/batch_20260902_115647_parking-order-violation-batch1-400-retry/prompts/221_pov-b1-0221-n03-diagonal-bay-correct-front-right.txt,3a0d96710923323d6a4c6a0b0dff53f415ddba191f0df7235c71761bddaf63c5,1920,1080
222,pov-b1-0222-n03-diagonal-bay-correct-front-center,222_pov-b1-0222-n03-diagonal-bay-correct-front-center,n03-diagonal-bay-correct,POV_PARKING_B1_N03_DIAGONAL_BAY_CORRECT,negative,0,holdout,/home/yanbo/下载/batch_20260902_115647_parking-order-violation-batch1-400-retry/final/222_pov-b1-0222-n03-diagonal-bay-correct-front-center.png,/home/yanbo/下载/batch_20260902_115647_parking-order-violation-batch1-400-retry/prompts/222_pov-b1-0222-n03-diagonal-bay-correct-front-center.txt,55ac15f83c52cd7d980acf073b3da3b7411e41706527b92767a3a6b91edb5f20,1920,1080
223,pov-b1-0223-n03-diagonal-bay-correct-front-left,223_pov-b1-0223-n03-diagonal-bay-correct-front-left,n03-diagonal-bay-correct,POV_PARKING_B1_N03_DIAGONAL_BAY_CORRECT,negative,0,holdout,/home/yanbo/下载/batch_20260902_115647_parking-order-violation-batch1-400-retry/final/223_pov-b1-0223-n03-diagonal-bay-correct-front-left.png,/home/yanbo/下载/batch_20260902_115647_parking-order-violation-batch1-400-retry/prompts/223_pov-b1-0223-n03-diagonal-bay-correct-front-left.txt,57b5c019085ffa8fdab1a502bca7dc47a9316763e6e20b4e110888978e362729,1920,1080
224,pov-b1-0224-n03-diagonal-bay-correct-front-right,224_pov-b1-0224-n03-diagonal-bay-correct-front-right,n03-diagonal-bay-correct,POV_PARKING_B1_N03_DIAGONAL_BAY_CORRECT,negative,0,holdout,/home/yanbo/下载/batch_20260902_115647_parking-order-violation-batch1-400-retry/final/224_pov-b1-0224-n03-diagonal-bay-correct-front-right.png,/home/yanbo/下载/batch_20260902_115647_parking-order-violation-batch1-400-retry/prompts/224_pov-b1-0224-n03-diagonal-bay-correct-front-right.txt,f4732bbb047872c395ede807cdb02d9291f777c00e963f7ccb7dc04f17a86e2a,1920,1080
225,pov-b1-0225-n03-diagonal-bay-correct-front-center,225_pov-b1-0225-n03-diagonal-bay-correct-front-center,n03-diagonal-bay-correct,POV_PARKING_B1_N03_DIAGONAL_BAY_CORRECT,negative,0,holdout,/home/yanbo/下载/batch_20260902_115647_parking-order-violation-batch1-400-retry/final/225_pov-b1-0225-n03-diagonal-bay-correct-front-center.png,/home/yanbo/下载/batch_20260902_115647_parking-order-violation-batch1-400-retry/prompts/225_pov-b1-0225-n03-diagonal-bay-correct-front-center.txt,8cf423ea5d5be88789429980f50c0ef31ea0aad8a4d4dede698bbd3cb8fde18d,1920,1080
226,pov-b1-0226-n03-diagonal-bay-correct-front-left,226_pov-b1-0226-n03-diagonal-bay-correct-front-left,n03-diagonal-bay-correct,POV_PARKING_B1_N03_DIAGONAL_BAY_CORRECT,negative,0,holdout,/home/yanbo/下载/batch_20260902_115647_parking-order-violation-batch1-400-retry/final/226_pov-b1-0226-n03-diagonal-bay-correct-front-left.png,/home/yanbo/下载/batch_20260902_115647_parking-order-violation-batch1-400-retry/prompts/226_pov-b1-0226-n03-diagonal-bay-correct-front-left.txt,0173b785c086015179eebb31f75d19c6523d350e10c2924111c615bdc3566010,1920,1080
227,pov-b1-0227-n03-diagonal-bay-correct-front-right,227_pov-b1-0227-n03-diagonal-bay-correct-front-right,n03-diagonal-bay-correct,POV_PARKING_B1_N03_DIAGONAL_BAY_CORRECT,negative,0,holdout,/home/yanbo/下载/batch_20260902_115647_parking-order-violation-batch1-400-retry/final/227_pov-b1-0227-n03-diagonal-bay-correct-front-right.png,/home/yanbo/下载/batch_20260902_115647_parking-order-violation-batch1-400-retry/prompts/227_pov-b1-0227-n03-diagonal-bay-correct-front-right.txt,b62a4b780aced11b27672adced6410251f142e0075012f4bbf8e56bd72061a11,1920,1080
228,pov-b1-0228-n03-diagonal-bay-correct-front-center,228_pov-b1-0228-n03-diagonal-bay-correct-front-center,n03-diagonal-bay-correct,POV_PARKING_B1_N03_DIAGONAL_BAY_CORRECT,negative,0,holdout,/home/yanbo/下载/batch_20260902_115647_parking-order-violation-batch1-400-retry/final/228_pov-b1-0228-n03-diagonal-bay-correct-front-center.png,/home/yanbo/下载/batch_20260902_115647_parking-order-violation-batch1-400-retry/prompts/228_pov-b1-0228-n03-diagonal-bay-correct-front-center.txt,3a4435403ec5ba2d2d0dc3af9c40e09c59ef776827982d073d8c18cc7b1124a2,1920,1080
229,pov-b1-0229-n03-diagonal-bay-correct-front-left,229_pov-b1-0229-n03-diagonal-bay-correct-front-left,n03-diagonal-bay-correct,POV_PARKING_B1_N03_DIAGONAL_BAY_CORRECT,negative,0,holdout,/home/yanbo/下载/batch_20260902_115647_parking-order-violation-batch1-400-retry/final/229_pov-b1-0229-n03-diagonal-bay-correct-front-left.png,/home/yanbo/下载/batch_20260902_115647_parking-order-violation-batch1-400-retry/prompts/229_pov-b1-0229-n03-diagonal-bay-correct-front-left.txt,016eda9b6a37bcc9a31bcb6722e7f6e4ad5c9c574070912ffaf38d9955eca657,1920,1080
230,pov-b1-0230-n03-diagonal-bay-correct-front-right,230_pov-b1-0230-n03-diagonal-bay-correct-front-right,n03-diagonal-bay-correct,POV_PARKING_B1_N03_DIAGONAL_BAY_CORRECT,negative,0,holdout,/home/yanbo/下载/batch_20260902_115647_parking-order-violation-batch1-400-retry/final/230_pov-b1-0230-n03-diagonal-bay-correct-front-right.png,/home/yanbo/下载/batch_20260902_115647_parking-order-violation-batch1-400-retry/prompts/230_pov-b1-0230-n03-diagonal-bay-correct-front-right.txt,3b5cd1696737529e5b49516fdef7163677c51d9c09d2dff844ec0fde1ccdb2cc,1920,1080
231,pov-b1-0231-n04-parallel-bay-correct-front-center,231_pov-b1-0231-n04-parallel-bay-correct-front-center,n04-parallel-bay-correct,POV_PARKING_B1_N04_PARALLEL_BAY_CORRECT,negative,0,train,/home/yanbo/下载/batch_20260902_115647_parking-order-violation-batch1-400-retry/final/231_pov-b1-0231-n04-parallel-bay-correct-front-center.png,/home/yanbo/下载/batch_20260902_115647_parking-order-violation-batch1-400-retry/prompts/231_pov-b1-0231-n04-parallel-bay-correct-front-center.txt,ffd96edec5b541b57c022e406a9df1206de9cd11f497f97b921590a4cb147d7a,1920,1080
232,pov-b1-0232-n04-parallel-bay-correct-front-left,232_pov-b1-0232-n04-parallel-bay-correct-front-left,n04-parallel-bay-correct,POV_PARKING_B1_N04_PARALLEL_BAY_CORRECT,negative,0,train,/home/yanbo/下载/batch_20260902_115647_parking-order-violation-batch1-400-retry/final/232_pov-b1-0232-n04-parallel-bay-correct-front-left.png,/home/yanbo/下载/batch_20260902_115647_parking-order-violation-batch1-400-retry/prompts/232_pov-b1-0232-n04-parallel-bay-correct-front-left.txt,ac059b56b948ac0ce6268be123d237d90538e61de18d38979bebc673ad59cc32,1920,1080
233,pov-b1-0233-n04-parallel-bay-correct-front-right,233_pov-b1-0233-n04-parallel-bay-correct-front-right,n04-parallel-bay-correct,POV_PARKING_B1_N04_PARALLEL_BAY_CORRECT,negative,0,train,/home/yanbo/下载/batch_20260902_115647_parking-order-violation-batch1-400-retry/final/233_pov-b1-0233-n04-parallel-bay-correct-front-right.png,/home/yanbo/下载/batch_20260902_115647_parking-order-violation-batch1-400-retry/prompts/233_pov-b1-0233-n04-parallel-bay-correct-front-right.txt,d6b1c1741a2716126fb5fbb0d7b295acd8cfab464f4844d24faf4c2e13c9935d,1920,1080
234,pov-b1-0234-n04-parallel-bay-correct-front-center,234_pov-b1-0234-n04-parallel-bay-correct-front-center,n04-parallel-bay-correct,POV_PARKING_B1_N04_PARALLEL_BAY_CORRECT,negative,0,train,/home/yanbo/下载/batch_20260902_115647_parking-order-violation-batch1-400-retry/final/234_pov-b1-0234-n04-parallel-bay-correct-front-center.png,/home/yanbo/下载/batch_20260902_115647_parking-order-violation-batch1-400-retry/prompts/234_pov-b1-0234-n04-parallel-bay-correct-front-center.txt,6963503e93bc2af92aec117f79c47f050d7734bc32ab0900c816caebebcda90a,1920,1080
235,pov-b1-0235-n04-parallel-bay-correct-front-left,235_pov-b1-0235-n04-parallel-bay-correct-front-left,n04-parallel-bay-correct,POV_PARKING_B1_N04_PARALLEL_BAY_CORRECT,negative,0,train,/home/yanbo/下载/batch_20260902_115647_parking-order-violation-batch1-400-retry/final/235_pov-b1-0235-n04-parallel-bay-correct-front-left.png,/home/yanbo/下载/batch_20260902_115647_parking-order-violation-batch1-400-retry/prompts/235_pov-b1-0235-n04-parallel-bay-correct-front-left.txt,e58b328a4a52ecc2064f6f4bad4305e22066c00c40a6faba21d4fa1ea7620390,1920,1080
236,pov-b1-0236-n04-parallel-bay-correct-front-right,236_pov-b1-0236-n04-parallel-bay-correct-front-right,n04-parallel-bay-correct,POV_PARKING_B1_N04_PARALLEL_BAY_CORRECT,negative,0,train,/home/yanbo/下载/batch_20260902_115647_parking-order-violation-batch1-400-retry/final/236_pov-b1-0236-n04-parallel-bay-correct-front-right.png,/home/yanbo/下载/batch_20260902_115647_parking-order-violation-batch1-400-retry/prompts/236_pov-b1-0236-n04-parallel-bay-correct-front-right.txt,12fd7dbf02b80b458feeca8d85f023fa1bfaae40c62e28d4ac5c6f148975063a,1920,1080
237,pov-b1-0237-n04-parallel-bay-correct-front-center,237_pov-b1-0237-n04-parallel-bay-correct-front-center,n04-parallel-bay-correct,POV_PARKING_B1_N04_PARALLEL_BAY_CORRECT,negative,0,train,/home/yanbo/下载/batch_20260902_115647_parking-order-violation-batch1-400-retry/final/237_pov-b1-0237-n04-parallel-bay-correct-front-center.png,/home/yanbo/下载/batch_20260902_115647_parking-order-violation-batch1-400-retry/prompts/237_pov-b1-0237-n04-parallel-bay-correct-front-center.txt,b513ba70194283db96a6c897f4d67a09789ea4893b94072702c6bdf38f7bd26d,1920,1080
238,pov-b1-0238-n04-parallel-bay-correct-front-left,238_pov-b1-0238-n04-parallel-bay-correct-front-left,n04-parallel-bay-correct,POV_PARKING_B1_N04_PARALLEL_BAY_CORRECT,negative,0,train,/home/yanbo/下载/batch_20260902_115647_parking-order-violation-batch1-400-retry/final/238_pov-b1-0238-n04-parallel-bay-correct-front-left.png,/home/yanbo/下载/batch_20260902_115647_parking-order-violation-batch1-400-retry/prompts/238_pov-b1-0238-n04-parallel-bay-correct-front-left.txt,b7b0ec6c5da39a2c3881d794a1e28efe7977b10ee2ac04417c1c59ae30347d08,1920,1080
239,pov-b1-0239-n04-parallel-bay-correct-front-right,239_pov-b1-0239-n04-parallel-bay-correct-front-right,n04-parallel-bay-correct,POV_PARKING_B1_N04_PARALLEL_BAY_CORRECT,negative,0,train,/home/yanbo/下载/batch_20260902_115647_parking-order-violation-batch1-400-retry/final/239_pov-b1-0239-n04-parallel-bay-correct-front-right.png,/home/yanbo/下载/batch_20260902_115647_parking-order-violation-batch1-400-retry/prompts/239_pov-b1-0239-n04-parallel-bay-correct-front-right.txt,840bcd3d87904bb688ac8f22053fe7aaaf290fca69f4a76a8eaa0aa95d43783c,1920,1080
240,pov-b1-0240-n04-parallel-bay-correct-front-center,240_pov-b1-0240-n04-parallel-bay-correct-front-center,n04-parallel-bay-correct,POV_PARKING_B1_N04_PARALLEL_BAY_CORRECT,negative,0,train,/home/yanbo/下载/batch_20260902_115647_parking-order-violation-batch1-400-retry/final/240_pov-b1-0240-n04-parallel-bay-correct-front-center.png,/home/yanbo/下载/batch_20260902_115647_parking-order-violation-batch1-400-retry/prompts/240_pov-b1-0240-n04-parallel-bay-correct-front-center.txt,163293445dc411a5ef535fa6293fd4a203761de6a2dbaddcae2a90db43894425,1920,1080
241,pov-b1-0241-n04-parallel-bay-correct-front-left,241_pov-b1-0241-n04-parallel-bay-correct-front-left,n04-parallel-bay-correct,POV_PARKING_B1_N04_PARALLEL_BAY_CORRECT,negative,0,train,/home/yanbo/下载/batch_20260902_115647_parking-order-violation-batch1-400-retry/final/241_pov-b1-0241-n04-parallel-bay-correct-front-left.png,/home/yanbo/下载/batch_20260902_115647_parking-order-violation-batch1-400-retry/prompts/241_pov-b1-0241-n04-parallel-bay-correct-front-left.txt,6661b6d76b99e8c6816eaed0de046f9db84359d70da9dbb6035d9c442a4b60a3,1920,1080
242,pov-b1-0242-n04-parallel-bay-correct-front-right,242_pov-b1-0242-n04-parallel-bay-correct-front-right,n04-parallel-bay-correct,POV_PARKING_B1_N04_PARALLEL_BAY_CORRECT,negative,0,train,/home/yanbo/下载/batch_20260902_115647_parking-order-violation-batch1-400-retry/final/242_pov-b1-0242-n04-parallel-bay-correct-front-right.png,/home/yanbo/下载/batch_20260902_115647_parking-order-violation-batch1-400-retry/prompts/242_pov-b1-0242-n04-parallel-bay-correct-front-right.txt,402465f6c50956a489270d7214155e5651feae5f6a1ba0324096f8528792a918,1920,1080
243,pov-b1-0243-n04-parallel-bay-correct-front-center,243_pov-b1-0243-n04-parallel-bay-correct-front-center,n04-parallel-bay-correct,POV_PARKING_B1_N04_PARALLEL_BAY_CORRECT,negative,0,train,/home/yanbo/下载/batch_20260902_115647_parking-order-violation-batch1-400-retry/final/243_pov-b1-0243-n04-parallel-bay-correct-front-center.png,/home/yanbo/下载/batch_20260902_115647_parking-order-violation-batch1-400-retry/prompts/243_pov-b1-0243-n04-parallel-bay-correct-front-center.txt,bcbb6a95abcc7db1c289432017fa8c43816591bf80c2b2d0878db27eb0f27501,1920,1080
244,pov-b1-0244-n04-parallel-bay-correct-front-left,244_pov-b1-0244-n04-parallel-bay-correct-front-left,n04-parallel-bay-correct,POV_PARKING_B1_N04_PARALLEL_BAY_CORRECT,negative,0,train,/home/yanbo/下载/batch_20260902_115647_parking-order-violation-batch1-400-retry/final/244_pov-b1-0244-n04-parallel-bay-correct-front-left.png,/home/yanbo/下载/batch_20260902_115647_parking-order-violation-batch1-400-retry/prompts/244_pov-b1-0244-n04-parallel-bay-correct-front-left.txt,dddf5124ef2980ca694ac5ff14eae06e54f77818d7aa95695302667d2e17f6e1,1920,1080
245,pov-b1-0245-n04-parallel-bay-correct-front-right,245_pov-b1-0245-n04-parallel-bay-correct-front-right,n04-parallel-bay-correct,POV_PARKING_B1_N04_PARALLEL_BAY_CORRECT,negative,0,train,/home/yanbo/下载/batch_20260902_115647_parking-order-violation-batch1-400-retry/final/245_pov-b1-0245-n04-parallel-bay-correct-front-right.png,/home/yanbo/下载/batch_20260902_115647_parking-order-violation-batch1-400-retry/prompts/245_pov-b1-0245-n04-parallel-bay-correct-front-right.txt,3fc0877161caa1e27785b4f5924c2ab9f42ce9b4bff2c52654c21f2e30f87ac8,1920,1080
246,pov-b1-0246-n05-multiple-all-correct-front-center,246_pov-b1-0246-n05-multiple-all-correct-front-center,n05-multiple-all-correct,POV_PARKING_B1_N05_MULTIPLE_ALL_CORRECT,negative,0,holdout,/home/yanbo/下载/batch_20260902_115647_parking-order-violation-batch1-400-retry/final/246_pov-b1-0246-n05-multiple-all-correct-front-center.png,/home/yanbo/下载/batch_20260902_115647_parking-order-violation-batch1-400-retry/prompts/246_pov-b1-0246-n05-multiple-all-correct-front-center.txt,38fa4004939a4b72c001048a0736c7559dc9e643924221f2e8708dc8d7f4ec3f,1920,1080
247,pov-b1-0247-n05-multiple-all-correct-front-left,247_pov-b1-0247-n05-multiple-all-correct-front-left,n05-multiple-all-correct,POV_PARKING_B1_N05_MULTIPLE_ALL_CORRECT,negative,0,holdout,/home/yanbo/下载/batch_20260902_115647_parking-order-violation-batch1-400-retry/final/247_pov-b1-0247-n05-multiple-all-correct-front-left.png,/home/yanbo/下载/batch_20260902_115647_parking-order-violation-batch1-400-retry/prompts/247_pov-b1-0247-n05-multiple-all-correct-front-left.txt,24ca95ab81b40807888c897395dbb639c1ef1b425f4592c1ca7fe75779acd573,1920,1080
248,pov-b1-0248-n05-multiple-all-correct-front-right,248_pov-b1-0248-n05-multiple-all-correct-front-right,n05-multiple-all-correct,POV_PARKING_B1_N05_MULTIPLE_ALL_CORRECT,negative,0,holdout,/home/yanbo/下载/batch_20260902_115647_parking-order-violation-batch1-400-retry/final/248_pov-b1-0248-n05-multiple-all-correct-front-right.png,/home/yanbo/下载/batch_20260902_115647_parking-order-violation-batch1-400-retry/prompts/248_pov-b1-0248-n05-multiple-all-correct-front-right.txt,20a8b6442307a0fb11e2c54790fc4b3169189324ae0afbaf12dd7efb75de651a,1920,1080
249,pov-b1-0249-n05-multiple-all-correct-front-center,249_pov-b1-0249-n05-multiple-all-correct-front-center,n05-multiple-all-correct,POV_PARKING_B1_N05_MULTIPLE_ALL_CORRECT,negative,0,holdout,/home/yanbo/下载/batch_20260902_115647_parking-order-violation-batch1-400-retry/final/249_pov-b1-0249-n05-multiple-all-correct-front-center.png,/home/yanbo/下载/batch_20260902_115647_parking-order-violation-batch1-400-retry/prompts/249_pov-b1-0249-n05-multiple-all-correct-front-center.txt,7c2d00c9ecdca647b69307e2b1cadec63687ae60a24c41dfa8ba17587a59c134,1920,1080
250,pov-b1-0250-n05-multiple-all-correct-front-left,250_pov-b1-0250-n05-multiple-all-correct-front-left,n05-multiple-all-correct,POV_PARKING_B1_N05_MULTIPLE_ALL_CORRECT,negative,0,holdout,/home/yanbo/下载/batch_20260902_115647_parking-order-violation-batch1-400-retry/final/250_pov-b1-0250-n05-multiple-all-correct-front-left.png,/home/yanbo/下载/batch_20260902_115647_parking-order-violation-batch1-400-retry/prompts/250_pov-b1-0250-n05-multiple-all-correct-front-left.txt,496cad46c01f16ff0ccc6e46a0c04c0d59568f44fbe6190801fbeadf968f245b,1920,1080
251,pov-b1-0251-n05-multiple-all-correct-front-right,251_pov-b1-0251-n05-multiple-all-correct-front-right,n05-multiple-all-correct,POV_PARKING_B1_N05_MULTIPLE_ALL_CORRECT,negative,0,holdout,/home/yanbo/下载/batch_20260902_115647_parking-order-violation-batch1-400-retry/final/251_pov-b1-0251-n05-multiple-all-correct-front-right.png,/home/yanbo/下载/batch_20260902_115647_parking-order-violation-batch1-400-retry/prompts/251_pov-b1-0251-n05-multiple-all-correct-front-right.txt,b19b59702332b201b9ccf66a75ab06492d26a3f636fde2d2d31615b1a0fce0f9,1920,1080
252,pov-b1-0252-n05-multiple-all-correct-front-center,252_pov-b1-0252-n05-multiple-all-correct-front-center,n05-multiple-all-correct,POV_PARKING_B1_N05_MULTIPLE_ALL_CORRECT,negative,0,holdout,/home/yanbo/下载/batch_20260902_115647_parking-order-violation-batch1-400-retry/final/252_pov-b1-0252-n05-multiple-all-correct-front-center.png,/home/yanbo/下载/batch_20260902_115647_parking-order-violation-batch1-400-retry/prompts/252_pov-b1-0252-n05-multiple-all-correct-front-center.txt,3a0877ffd4de6879e9d413fb50a459b228208a8fa1d61ac624aba67bc1932359,1920,1080
253,pov-b1-0253-n05-multiple-all-correct-front-left,253_pov-b1-0253-n05-multiple-all-correct-front-left,n05-multiple-all-correct,POV_PARKING_B1_N05_MULTIPLE_ALL_CORRECT,negative,0,holdout,/home/yanbo/下载/batch_20260902_115647_parking-order-violation-batch1-400-retry/final/253_pov-b1-0253-n05-multiple-all-correct-front-left.png,/home/yanbo/下载/batch_20260902_115647_parking-order-violation-batch1-400-retry/prompts/253_pov-b1-0253-n05-multiple-all-correct-front-left.txt,dd83a30ed5c13b0be91bdb5b308415c64f9e5feb73a38a04bd8ed20ed4e1cd29,1920,1080
254,pov-b1-0254-n05-multiple-all-correct-front-right,254_pov-b1-0254-n05-multiple-all-correct-front-right,n05-multiple-all-correct,POV_PARKING_B1_N05_MULTIPLE_ALL_CORRECT,negative,0,holdout,/home/yanbo/下载/batch_20260902_115647_parking-order-violation-batch1-400-retry/final/254_pov-b1-0254-n05-multiple-all-correct-front-right.png,/home/yanbo/下载/batch_20260902_115647_parking-order-violation-batch1-400-retry/prompts/254_pov-b1-0254-n05-multiple-all-correct-front-right.txt,49bf94c278070c3ce6c0aa3a970bec504d09185411190cb4ee9de210419039a9,1920,1080
255,pov-b1-0255-n05-multiple-all-correct-front-center,255_pov-b1-0255-n05-multiple-all-correct-front-center,n05-multiple-all-correct,POV_PARKING_B1_N05_MULTIPLE_ALL_CORRECT,negative,0,holdout,/home/yanbo/下载/batch_20260902_115647_parking-order-violation-batch1-400-retry/final/255_pov-b1-0255-n05-multiple-all-correct-front-center.png,/home/yanbo/下载/batch_20260902_115647_parking-order-violation-batch1-400-retry/prompts/255_pov-b1-0255-n05-multiple-all-correct-front-center.txt,93317aa39c782f821a0799506875a2b13d9284cb199d6795e5de362b79310da5,1920,1080
256,pov-b1-0256-n05-multiple-all-correct-front-left,256_pov-b1-0256-n05-multiple-all-correct-front-left,n05-multiple-all-correct,POV_PARKING_B1_N05_MULTIPLE_ALL_CORRECT,negative,0,holdout,/home/yanbo/下载/batch_20260902_115647_parking-order-violation-batch1-400-retry/final/256_pov-b1-0256-n05-multiple-all-correct-front-left.png,/home/yanbo/下载/batch_20260902_115647_parking-order-violation-batch1-400-retry/prompts/256_pov-b1-0256-n05-multiple-all-correct-front-left.txt,ffc13b5634d9bb9a306491b2e5b4423da8774797b43e263106776ef5af9f7e6c,1920,1080
257,pov-b1-0257-n05-multiple-all-correct-front-right,257_pov-b1-0257-n05-multiple-all-correct-front-right,n05-multiple-all-correct,POV_PARKING_B1_N05_MULTIPLE_ALL_CORRECT,negative,0,holdout,/home/yanbo/下载/batch_20260902_115647_parking-order-violation-batch1-400-retry/final/257_pov-b1-0257-n05-multiple-all-correct-front-right.png,/home/yanbo/下载/batch_20260902_115647_parking-order-violation-batch1-400-retry/prompts/257_pov-b1-0257-n05-multiple-all-correct-front-right.txt,99367d57d9f3a5b0939d2c3afdf5eb4bda2dedb1e3e0347af68dfeca77753bd2,1920,1080
258,pov-b1-0258-n05-multiple-all-correct-front-center,258_pov-b1-0258-n05-multiple-all-correct-front-center,n05-multiple-all-correct,POV_PARKING_B1_N05_MULTIPLE_ALL_CORRECT,negative,0,holdout,/home/yanbo/下载/batch_20260902_115647_parking-order-violation-batch1-400-retry/final/258_pov-b1-0258-n05-multiple-all-correct-front-center.png,/home/yanbo/下载/batch_20260902_115647_parking-order-violation-batch1-400-retry/prompts/258_pov-b1-0258-n05-multiple-all-correct-front-center.txt,c43e5d1e51411f75bbceba93eae64f233568e070f041a544c93850ccf17622c4,1920,1080
259,pov-b1-0259-n05-multiple-all-correct-front-left,259_pov-b1-0259-n05-multiple-all-correct-front-left,n05-multiple-all-correct,POV_PARKING_B1_N05_MULTIPLE_ALL_CORRECT,negative,0,holdout,/home/yanbo/下载/batch_20260902_115647_parking-order-violation-batch1-400-retry/final/259_pov-b1-0259-n05-multiple-all-correct-front-left.png,/home/yanbo/下载/batch_20260902_115647_parking-order-violation-batch1-400-retry/prompts/259_pov-b1-0259-n05-multiple-all-correct-front-left.txt,3c47623041a3e11eb662029709f8b791326300d7652936b5e96530214bb018bf,1920,1080
260,pov-b1-0260-n05-multiple-all-correct-front-right,260_pov-b1-0260-n05-multiple-all-correct-front-right,n05-multiple-all-correct,POV_PARKING_B1_N05_MULTIPLE_ALL_CORRECT,negative,0,holdout,/home/yanbo/下载/batch_20260902_115647_parking-order-violation-batch1-400-retry/final/260_pov-b1-0260-n05-multiple-all-correct-front-right.png,/home/yanbo/下载/batch_20260902_115647_parking-order-violation-batch1-400-retry/prompts/260_pov-b1-0260-n05-multiple-all-correct-front-right.txt,5481b65b8fd23cc80f33c6488e0b419e2e97ec975ef79ac74197b76eb0c111ae,1920,1080
261,pov-b1-0261-n06-special-marked-space-geometry-correct-front-center,261_pov-b1-0261-n06-special-marked-space-geometry-correct-front-center,n06-special-marked-space-geometry-correct,POV_PARKING_B1_N06_SPECIAL_MARKED_SPACE_GEOMETRY_CORRECT,negative,0,validation,/home/yanbo/下载/batch_20260902_115647_parking-order-violation-batch1-400-retry/final/261_pov-b1-0261-n06-special-marked-space-geometry-correct-front-center.png,/home/yanbo/下载/batch_20260902_115647_parking-order-violation-batch1-400-retry/prompts/261_pov-b1-0261-n06-special-marked-space-geometry-correct-front-center.txt,7c11edd3ec328a6011f19b5c976356c6d9c83ef659b2da1f8fb7572eacc8c91c,1920,1080
262,pov-b1-0262-n06-special-marked-space-geometry-correct-front-left,262_pov-b1-0262-n06-special-marked-space-geometry-correct-front-left,n06-special-marked-space-geometry-correct,POV_PARKING_B1_N06_SPECIAL_MARKED_SPACE_GEOMETRY_CORRECT,negative,0,validation,/home/yanbo/下载/batch_20260902_115647_parking-order-violation-batch1-400-retry/final/262_pov-b1-0262-n06-special-marked-space-geometry-correct-front-left.png,/home/yanbo/下载/batch_20260902_115647_parking-order-violation-batch1-400-retry/prompts/262_pov-b1-0262-n06-special-marked-space-geometry-correct-front-left.txt,e5996a6ca6fab8b8a316b016f34f33b836f8be6a5258f58692266afd6c39f4b9,1920,1080
263,pov-b1-0263-n06-special-marked-space-geometry-correct-front-right,263_pov-b1-0263-n06-special-marked-space-geometry-correct-front-right,n06-special-marked-space-geometry-correct,POV_PARKING_B1_N06_SPECIAL_MARKED_SPACE_GEOMETRY_CORRECT,negative,0,validation,/home/yanbo/下载/batch_20260902_115647_parking-order-violation-batch1-400-retry/final/263_pov-b1-0263-n06-special-marked-space-geometry-correct-front-right.png,/home/yanbo/下载/batch_20260902_115647_parking-order-violation-batch1-400-retry/prompts/263_pov-b1-0263-n06-special-marked-space-geometry-correct-front-right.txt,54a4a08a864637e04925b611a59cd4d26d0d8dbfe58017be3240557d3b87062d,1920,1080
264,pov-b1-0264-n06-special-marked-space-geometry-correct-front-center,264_pov-b1-0264-n06-special-marked-space-geometry-correct-front-center,n06-special-marked-space-geometry-correct,POV_PARKING_B1_N06_SPECIAL_MARKED_SPACE_GEOMETRY_CORRECT,negative,0,validation,/home/yanbo/下载/batch_20260902_115647_parking-order-violation-batch1-400-retry/final/264_pov-b1-0264-n06-special-marked-space-geometry-correct-front-center.png,/home/yanbo/下载/batch_20260902_115647_parking-order-violation-batch1-400-retry/prompts/264_pov-b1-0264-n06-special-marked-space-geometry-correct-front-center.txt,bc064192e623a622812041abc75841d9e1b2a1307457c29f9e84dd3e8086c159,1920,1080
265,pov-b1-0265-n06-special-marked-space-geometry-correct-front-left,265_pov-b1-0265-n06-special-marked-space-geometry-correct-front-left,n06-special-marked-space-geometry-correct,POV_PARKING_B1_N06_SPECIAL_MARKED_SPACE_GEOMETRY_CORRECT,negative,0,validation,/home/yanbo/下载/batch_20260902_115647_parking-order-violation-batch1-400-retry/final/265_pov-b1-0265-n06-special-marked-space-geometry-correct-front-left.png,/home/yanbo/下载/batch_20260902_115647_parking-order-violation-batch1-400-retry/prompts/265_pov-b1-0265-n06-special-marked-space-geometry-correct-front-left.txt,4aee2ee570fc470f7b7827af91356c0238660fcb0cc875bd19d960120e744a28,1920,1080
266,pov-b1-0266-n06-special-marked-space-geometry-correct-front-right,266_pov-b1-0266-n06-special-marked-space-geometry-correct-front-right,n06-special-marked-space-geometry-correct,POV_PARKING_B1_N06_SPECIAL_MARKED_SPACE_GEOMETRY_CORRECT,negative,0,validation,/home/yanbo/下载/batch_20260902_115647_parking-order-violation-batch1-400-retry/final/266_pov-b1-0266-n06-special-marked-space-geometry-correct-front-right.png,/home/yanbo/下载/batch_20260902_115647_parking-order-violation-batch1-400-retry/prompts/266_pov-b1-0266-n06-special-marked-space-geometry-correct-front-right.txt,df1b0bfe7da3ab2425f753c710b1943ffea14f821af9ca28ec659f682d8cc4bf,1920,1080
267,pov-b1-0267-n06-special-marked-space-geometry-correct-front-center,267_pov-b1-0267-n06-special-marked-space-geometry-correct-front-center,n06-special-marked-space-geometry-correct,POV_PARKING_B1_N06_SPECIAL_MARKED_SPACE_GEOMETRY_CORRECT,negative,0,validation,/home/yanbo/下载/batch_20260902_115647_parking-order-violation-batch1-400-retry/final/267_pov-b1-0267-n06-special-marked-space-geometry-correct-front-center.png,/home/yanbo/下载/batch_20260902_115647_parking-order-violation-batch1-400-retry/prompts/267_pov-b1-0267-n06-special-marked-space-geometry-correct-front-center.txt,a33765c61611be5070d85f63662ead396b71216f5f7a3e27a23cb533d927feec,1920,1080
268,pov-b1-0268-n06-special-marked-space-geometry-correct-front-left,268_pov-b1-0268-n06-special-marked-space-geometry-correct-front-left,n06-special-marked-space-geometry-correct,POV_PARKING_B1_N06_SPECIAL_MARKED_SPACE_GEOMETRY_CORRECT,negative,0,validation,/home/yanbo/下载/batch_20260902_115647_parking-order-violation-batch1-400-retry/final/268_pov-b1-0268-n06-special-marked-space-geometry-correct-front-left.png,/home/yanbo/下载/batch_20260902_115647_parking-order-violation-batch1-400-retry/prompts/268_pov-b1-0268-n06-special-marked-space-geometry-correct-front-left.txt,93340af28888fc53595177174b482c1bb16063a61395103887b61d6316c70fa6,1920,1080
269,pov-b1-0269-n06-special-marked-space-geometry-correct-front-right,269_pov-b1-0269-n06-special-marked-space-geometry-correct-front-right,n06-special-marked-space-geometry-correct,POV_PARKING_B1_N06_SPECIAL_MARKED_SPACE_GEOMETRY_CORRECT,negative,0,validation,/home/yanbo/下载/batch_20260902_115647_parking-order-violation-batch1-400-retry/final/269_pov-b1-0269-n06-special-marked-space-geometry-correct-front-right.png,/home/yanbo/下载/batch_20260902_115647_parking-order-violation-batch1-400-retry/prompts/269_pov-b1-0269-n06-special-marked-space-geometry-correct-front-right.txt,7c131c2df9cce13cd03d4a3a1cc87d99968128034046d06c8e6c7166351a3313,1920,1080
270,pov-b1-0270-n06-special-marked-space-geometry-correct-front-center,270_pov-b1-0270-n06-special-marked-space-geometry-correct-front-center,n06-special-marked-space-geometry-correct,POV_PARKING_B1_N06_SPECIAL_MARKED_SPACE_GEOMETRY_CORRECT,negative,0,validation,/home/yanbo/下载/batch_20260902_115647_parking-order-violation-batch1-400-retry/final/270_pov-b1-0270-n06-special-marked-space-geometry-correct-front-center.png,/home/yanbo/下载/batch_20260902_115647_parking-order-violation-batch1-400-retry/prompts/270_pov-b1-0270-n06-special-marked-space-geometry-correct-front-center.txt,b5b004055550f6519fbbef45d05a69d8b7c4bae04e1be54f09126f7b0ff183b9,1920,1080
271,pov-b1-0271-n06-special-marked-space-geometry-correct-front-left,271_pov-b1-0271-n06-special-marked-space-geometry-correct-front-left,n06-special-marked-space-geometry-correct,POV_PARKING_B1_N06_SPECIAL_MARKED_SPACE_GEOMETRY_CORRECT,negative,0,validation,/home/yanbo/下载/batch_20260902_115647_parking-order-violation-batch1-400-retry/final/271_pov-b1-0271-n06-special-marked-space-geometry-correct-front-left.png,/home/yanbo/下载/batch_20260902_115647_parking-order-violation-batch1-400-retry/prompts/271_pov-b1-0271-n06-special-marked-space-geometry-correct-front-left.txt,c335a7a97ad53b315899bae23db575134fc81b2606cc210fec314cd939f8e6d5,1920,1080
272,pov-b1-0272-n06-special-marked-space-geometry-correct-front-right,272_pov-b1-0272-n06-special-marked-space-geometry-correct-front-right,n06-special-marked-space-geometry-correct,POV_PARKING_B1_N06_SPECIAL_MARKED_SPACE_GEOMETRY_CORRECT,negative,0,validation,/home/yanbo/下载/batch_20260902_115647_parking-order-violation-batch1-400-retry/final/272_pov-b1-0272-n06-special-marked-space-geometry-correct-front-right.png,/home/yanbo/下载/batch_20260902_115647_parking-order-violation-batch1-400-retry/prompts/272_pov-b1-0272-n06-special-marked-space-geometry-correct-front-right.txt,5fbd572cfd73dfe30c90901308effd0d125a14973e5d8feb30d754ed0f931266,1920,1080
273,pov-b1-0273-n06-special-marked-space-geometry-correct-front-center,273_pov-b1-0273-n06-special-marked-space-geometry-correct-front-center,n06-special-marked-space-geometry-correct,POV_PARKING_B1_N06_SPECIAL_MARKED_SPACE_GEOMETRY_CORRECT,negative,0,validation,/home/yanbo/下载/batch_20260902_115647_parking-order-violation-batch1-400-retry/final/273_pov-b1-0273-n06-special-marked-space-geometry-correct-front-center.png,/home/yanbo/下载/batch_20260902_115647_parking-order-violation-batch1-400-retry/prompts/273_pov-b1-0273-n06-special-marked-space-geometry-correct-front-center.txt,a31ed5b33e3a9d55be3476bd08e1672c036be55ec6ff7e1fd6ebda19ddb758cd,1920,1080
274,pov-b1-0274-n06-special-marked-space-geometry-correct-front-left,274_pov-b1-0274-n06-special-marked-space-geometry-correct-front-left,n06-special-marked-space-geometry-correct,POV_PARKING_B1_N06_SPECIAL_MARKED_SPACE_GEOMETRY_CORRECT,negative,0,validation,/home/yanbo/下载/batch_20260902_115647_parking-order-violation-batch1-400-retry/final/274_pov-b1-0274-n06-special-marked-space-geometry-correct-front-left.png,/home/yanbo/下载/batch_20260902_115647_parking-order-violation-batch1-400-retry/prompts/274_pov-b1-0274-n06-special-marked-space-geometry-correct-front-left.txt,49e139dc0574bd5f19d12feedf92f6a525caba5c29ea39c3b1f26b1c202a371f,1920,1080
275,pov-b1-0275-n06-special-marked-space-geometry-correct-front-right,275_pov-b1-0275-n06-special-marked-space-geometry-correct-front-right,n06-special-marked-space-geometry-correct,POV_PARKING_B1_N06_SPECIAL_MARKED_SPACE_GEOMETRY_CORRECT,negative,0,validation,/home/yanbo/下载/batch_20260902_115647_parking-order-violation-batch1-400-retry/final/275_pov-b1-0275-n06-special-marked-space-geometry-correct-front-right.png,/home/yanbo/下载/batch_20260902_115647_parking-order-violation-batch1-400-retry/prompts/275_pov-b1-0275-n06-special-marked-space-geometry-correct-front-right.txt,a7c7234d055f07794f467ce6ff74c329146aeb8d7d665febd51e279e8b689a72,1920,1080
276,pov-b1-0276-n06-special-marked-space-geometry-correct-front-center,276_pov-b1-0276-n06-special-marked-space-geometry-correct-front-center,n06-special-marked-space-geometry-correct,POV_PARKING_B1_N06_SPECIAL_MARKED_SPACE_GEOMETRY_CORRECT,negative,0,validation,/home/yanbo/下载/batch_20260902_115647_parking-order-violation-batch1-400-retry/final/276_pov-b1-0276-n06-special-marked-space-geometry-correct-front-center.png,/home/yanbo/下载/batch_20260902_115647_parking-order-violation-batch1-400-retry/prompts/276_pov-b1-0276-n06-special-marked-space-geometry-correct-front-center.txt,70e6d1546cb060b86ef97f460cf17a3bd50fbafbcd5810622078a2fe8677e41d,1920,1080
277,pov-b1-0277-n06-special-marked-space-geometry-correct-front-left,277_pov-b1-0277-n06-special-marked-space-geometry-correct-front-left,n06-special-marked-space-geometry-correct,POV_PARKING_B1_N06_SPECIAL_MARKED_SPACE_GEOMETRY_CORRECT,negative,0,validation,/home/yanbo/下载/batch_20260902_115647_parking-order-violation-batch1-400-retry/final/277_pov-b1-0277-n06-special-marked-space-geometry-correct-front-left.png,/home/yanbo/下载/batch_20260902_115647_parking-order-violation-batch1-400-retry/prompts/277_pov-b1-0277-n06-special-marked-space-geometry-correct-front-left.txt,d4ddb7ed1ecba9f8e9125fa7d6994a234347606d44522513a2c5c297c3739b99,1920,1080
278,pov-b1-0278-n06-special-marked-space-geometry-correct-front-right,278_pov-b1-0278-n06-special-marked-space-geometry-correct-front-right,n06-special-marked-space-geometry-correct,POV_PARKING_B1_N06_SPECIAL_MARKED_SPACE_GEOMETRY_CORRECT,negative,0,validation,/home/yanbo/下载/batch_20260902_115647_parking-order-violation-batch1-400-retry/final/278_pov-b1-0278-n06-special-marked-space-geometry-correct-front-right.png,/home/yanbo/下载/batch_20260902_115647_parking-order-violation-batch1-400-retry/prompts/278_pov-b1-0278-n06-special-marked-space-geometry-correct-front-right.txt,48dbc1c0f40b094dc83f8f125abad5185826d68f31a83b0883495b65eb83df27,1920,1080
279,pov-b1-0279-n06-special-marked-space-geometry-correct-front-center,279_pov-b1-0279-n06-special-marked-space-geometry-correct-front-center,n06-special-marked-space-geometry-correct,POV_PARKING_B1_N06_SPECIAL_MARKED_SPACE_GEOMETRY_CORRECT,negative,0,validation,/home/yanbo/下载/batch_20260902_115647_parking-order-violation-batch1-400-retry/final/279_pov-b1-0279-n06-special-marked-space-geometry-correct-front-center.png,/home/yanbo/下载/batch_20260902_115647_parking-order-violation-batch1-400-retry/prompts/279_pov-b1-0279-n06-special-marked-space-geometry-correct-front-center.txt,d047b7886ca9f5c25beeb54aac287016121b3960c5a5dad8f29c629a4165a506,1920,1080
280,pov-b1-0280-n06-special-marked-space-geometry-correct-front-left,280_pov-b1-0280-n06-special-marked-space-geometry-correct-front-left,n06-special-marked-space-geometry-correct,POV_PARKING_B1_N06_SPECIAL_MARKED_SPACE_GEOMETRY_CORRECT,negative,0,validation,/home/yanbo/下载/batch_20260902_115647_parking-order-violation-batch1-400-retry/final/280_pov-b1-0280-n06-special-marked-space-geometry-correct-front-left.png,/home/yanbo/下载/batch_20260902_115647_parking-order-violation-batch1-400-retry/prompts/280_pov-b1-0280-n06-special-marked-space-geometry-correct-front-left.txt,adac41f6843d4354d485af2af95b03eb574661dd7d09ab4eb3b5291c2c915f52,1920,1080
281,pov-b1-0281-hn01-gate-queue-front-center,281_pov-b1-0281-hn01-gate-queue-front-center,hn01-gate-queue,POV_PARKING_B1_HN01_GATE_QUEUE,hard_negative,0,train,/home/yanbo/下载/batch_20260902_115647_parking-order-violation-batch1-400-retry/final/281_pov-b1-0281-hn01-gate-queue-front-center.png,/home/yanbo/下载/batch_20260902_115647_parking-order-violation-batch1-400-retry/prompts/281_pov-b1-0281-hn01-gate-queue-front-center.txt,b37015b38be7e24bd3873e3d91ea54e8f2e713b46e6ee2b1ca13ffe12b0638e8,1920,1080
282,pov-b1-0282-hn01-gate-queue-front-left,282_pov-b1-0282-hn01-gate-queue-front-left,hn01-gate-queue,POV_PARKING_B1_HN01_GATE_QUEUE,hard_negative,0,train,/home/yanbo/下载/batch_20260902_115647_parking-order-violation-batch1-400-retry/final/282_pov-b1-0282-hn01-gate-queue-front-left.png,/home/yanbo/下载/batch_20260902_115647_parking-order-violation-batch1-400-retry/prompts/282_pov-b1-0282-hn01-gate-queue-front-left.txt,1a9030f5890becb4d971e63490bd597baa3ca443e82cce3e657e52c52b2f8263,1920,1080
283,pov-b1-0283-hn01-gate-queue-front-right,283_pov-b1-0283-hn01-gate-queue-front-right,hn01-gate-queue,POV_PARKING_B1_HN01_GATE_QUEUE,hard_negative,0,train,/home/yanbo/下载/batch_20260902_115647_parking-order-violation-batch1-400-retry/final/283_pov-b1-0283-hn01-gate-queue-front-right.png,/home/yanbo/下载/batch_20260902_115647_parking-order-violation-batch1-400-retry/prompts/283_pov-b1-0283-hn01-gate-queue-front-right.txt,4637690af777a63302a78904d8d7c9ec0bbf5ed4de0bc7fd6be11a185d698dc9,1920,1080
284,pov-b1-0284-hn01-gate-queue-front-center,284_pov-b1-0284-hn01-gate-queue-front-center,hn01-gate-queue,POV_PARKING_B1_HN01_GATE_QUEUE,hard_negative,0,train,/home/yanbo/下载/batch_20260902_115647_parking-order-violation-batch1-400-retry/final/284_pov-b1-0284-hn01-gate-queue-front-center.png,/home/yanbo/下载/batch_20260902_115647_parking-order-violation-batch1-400-retry/prompts/284_pov-b1-0284-hn01-gate-queue-front-center.txt,9c6c0c08f5fd467e91ec69c821666ba76dbb4b20b61a731b8299d30722fa540d,1920,1080
285,pov-b1-0285-hn01-gate-queue-front-left,285_pov-b1-0285-hn01-gate-queue-front-left,hn01-gate-queue,POV_PARKING_B1_HN01_GATE_QUEUE,hard_negative,0,train,/home/yanbo/下载/batch_20260902_115647_parking-order-violation-batch1-400-retry/final/285_pov-b1-0285-hn01-gate-queue-front-left.png,/home/yanbo/下载/batch_20260902_115647_parking-order-violation-batch1-400-retry/prompts/285_pov-b1-0285-hn01-gate-queue-front-left.txt,ac8ab05dad895aa89946b380b0c4ac667d91583a4062da483e770c82d9800f59,1920,1080
286,pov-b1-0286-hn01-gate-queue-front-right,286_pov-b1-0286-hn01-gate-queue-front-right,hn01-gate-queue,POV_PARKING_B1_HN01_GATE_QUEUE,hard_negative,0,train,/home/yanbo/下载/batch_20260902_115647_parking-order-violation-batch1-400-retry/final/286_pov-b1-0286-hn01-gate-queue-front-right.png,/home/yanbo/下载/batch_20260902_115647_parking-order-violation-batch1-400-retry/prompts/286_pov-b1-0286-hn01-gate-queue-front-right.txt,99896b2f996c96671aafff8259139e133360e154edfdb68d6bc67b45f7378853,1920,1080
287,pov-b1-0287-hn01-gate-queue-front-center,287_pov-b1-0287-hn01-gate-queue-front-center,hn01-gate-queue,POV_PARKING_B1_HN01_GATE_QUEUE,hard_negative,0,train,/home/yanbo/下载/batch_20260902_115647_parking-order-violation-batch1-400-retry/final/287_pov-b1-0287-hn01-gate-queue-front-center.png,/home/yanbo/下载/batch_20260902_115647_parking-order-violation-batch1-400-retry/prompts/287_pov-b1-0287-hn01-gate-queue-front-center.txt,acadd4c3f2591db383a714c3f755466bc550b3d41effafc2dc8e33238c34740c,1920,1080
288,pov-b1-0288-hn01-gate-queue-front-left,288_pov-b1-0288-hn01-gate-queue-front-left,hn01-gate-queue,POV_PARKING_B1_HN01_GATE_QUEUE,hard_negative,0,train,/home/yanbo/下载/batch_20260902_115647_parking-order-violation-batch1-400-retry/final/288_pov-b1-0288-hn01-gate-queue-front-left.png,/home/yanbo/下载/batch_20260902_115647_parking-order-violation-batch1-400-retry/prompts/288_pov-b1-0288-hn01-gate-queue-front-left.txt,8c6a815148272f0e5e7437dc4b702e4570aa3917ebe023f284a9f5fa66d92688,1920,1080
289,pov-b1-0289-hn01-gate-queue-front-right,289_pov-b1-0289-hn01-gate-queue-front-right,hn01-gate-queue,POV_PARKING_B1_HN01_GATE_QUEUE,hard_negative,0,train,/home/yanbo/下载/batch_20260902_115647_parking-order-violation-batch1-400-retry/final/289_pov-b1-0289-hn01-gate-queue-front-right.png,/home/yanbo/下载/batch_20260902_115647_parking-order-violation-batch1-400-retry/prompts/289_pov-b1-0289-hn01-gate-queue-front-right.txt,e21756f049ead7e77e259d9ba4ed7369db40e9ffe55a0c97e4e484923f79cc8e,1920,1080
290,pov-b1-0290-hn01-gate-queue-front-center,290_pov-b1-0290-hn01-gate-queue-front-center,hn01-gate-queue,POV_PARKING_B1_HN01_GATE_QUEUE,hard_negative,0,train,/home/yanbo/下载/batch_20260902_115647_parking-order-violation-batch1-400-retry/final/290_pov-b1-0290-hn01-gate-queue-front-center.png,/home/yanbo/下载/batch_20260902_115647_parking-order-violation-batch1-400-retry/prompts/290_pov-b1-0290-hn01-gate-queue-front-center.txt,4c35aa30c3e6f91ff96a1e9a241f83c8b641ce8848d416c6cbea432c15a1d20c,1920,1080
291,pov-b1-0291-hn01-gate-queue-front-left,291_pov-b1-0291-hn01-gate-queue-front-left,hn01-gate-queue,POV_PARKING_B1_HN01_GATE_QUEUE,hard_negative,0,train,/home/yanbo/下载/batch_20260902_115647_parking-order-violation-batch1-400-retry/final/291_pov-b1-0291-hn01-gate-queue-front-left.png,/home/yanbo/下载/batch_20260902_115647_parking-order-violation-batch1-400-retry/prompts/291_pov-b1-0291-hn01-gate-queue-front-left.txt,ef867c897d3753231b790a940846a860664ad5958257f3da2a0a7f2bb2510e22,1920,1080
292,pov-b1-0292-hn01-gate-queue-front-right,292_pov-b1-0292-hn01-gate-queue-front-right,hn01-gate-queue,POV_PARKING_B1_HN01_GATE_QUEUE,hard_negative,0,train,/home/yanbo/下载/batch_20260902_115647_parking-order-violation-batch1-400-retry/final/292_pov-b1-0292-hn01-gate-queue-front-right.png,/home/yanbo/下载/batch_20260902_115647_parking-order-violation-batch1-400-retry/prompts/292_pov-b1-0292-hn01-gate-queue-front-right.txt,0975771dd7c05b53c2950c99d48bfb4c4b5d6ebc346bca8910513caafcb37966,1920,1080
293,pov-b1-0293-hn01-gate-queue-front-center,293_pov-b1-0293-hn01-gate-queue-front-center,hn01-gate-queue,POV_PARKING_B1_HN01_GATE_QUEUE,hard_negative,0,train,/home/yanbo/下载/batch_20260902_115647_parking-order-violation-batch1-400-retry/final/293_pov-b1-0293-hn01-gate-queue-front-center.png,/home/yanbo/下载/batch_20260902_115647_parking-order-violation-batch1-400-retry/prompts/293_pov-b1-0293-hn01-gate-queue-front-center.txt,b66a6e967c3840611a37b7c40fff48e221521bcf6ebd98881b8dbdbf6d9fc153,1920,1080
294,pov-b1-0294-hn01-gate-queue-front-left,294_pov-b1-0294-hn01-gate-queue-front-left,hn01-gate-queue,POV_PARKING_B1_HN01_GATE_QUEUE,hard_negative,0,train,/home/yanbo/下载/batch_20260902_115647_parking-order-violation-batch1-400-retry/final/294_pov-b1-0294-hn01-gate-queue-front-left.png,/home/yanbo/下载/batch_20260902_115647_parking-order-violation-batch1-400-retry/prompts/294_pov-b1-0294-hn01-gate-queue-front-left.txt,8b17ebad1f53508e569e77ee1cb2be75762aded915302cda25742ff22af09eca,1920,1080
295,pov-b1-0295-hn01-gate-queue-front-right,295_pov-b1-0295-hn01-gate-queue-front-right,hn01-gate-queue,POV_PARKING_B1_HN01_GATE_QUEUE,hard_negative,0,train,/home/yanbo/下载/batch_20260902_115647_parking-order-violation-batch1-400-retry/final/295_pov-b1-0295-hn01-gate-queue-front-right.png,/home/yanbo/下载/batch_20260902_115647_parking-order-violation-batch1-400-retry/prompts/295_pov-b1-0295-hn01-gate-queue-front-right.txt,01298aead601e68833086750e340d126205a6b3994975e5d4307f96eeb46db5b,1920,1080
296,pov-b1-0296-hn01-gate-queue-front-center,296_pov-b1-0296-hn01-gate-queue-front-center,hn01-gate-queue,POV_PARKING_B1_HN01_GATE_QUEUE,hard_negative,0,train,/home/yanbo/下载/batch_20260902_115647_parking-order-violation-batch1-400-retry/final/296_pov-b1-0296-hn01-gate-queue-front-center.png,/home/yanbo/下载/batch_20260902_115647_parking-order-violation-batch1-400-retry/prompts/296_pov-b1-0296-hn01-gate-queue-front-center.txt,f73e208308694a8649951e4af0e9d1e7bac401c2d84f45c29abb93f839ba4a3d,1920,1080
297,pov-b1-0297-hn01-gate-queue-front-left,297_pov-b1-0297-hn01-gate-queue-front-left,hn01-gate-queue,POV_PARKING_B1_HN01_GATE_QUEUE,hard_negative,0,train,/home/yanbo/下载/batch_20260902_115647_parking-order-violation-batch1-400-retry/final/297_pov-b1-0297-hn01-gate-queue-front-left.png,/home/yanbo/下载/batch_20260902_115647_parking-order-violation-batch1-400-retry/prompts/297_pov-b1-0297-hn01-gate-queue-front-left.txt,584062c5c64113d51731b58b8b9a8bb2ba67b54c040d92100dd0bc213776d2da,1920,1080
298,pov-b1-0298-hn01-gate-queue-front-right,298_pov-b1-0298-hn01-gate-queue-front-right,hn01-gate-queue,POV_PARKING_B1_HN01_GATE_QUEUE,hard_negative,0,train,/home/yanbo/下载/batch_20260902_115647_parking-order-violation-batch1-400-retry/final/298_pov-b1-0298-hn01-gate-queue-front-right.png,/home/yanbo/下载/batch_20260902_115647_parking-order-violation-batch1-400-retry/prompts/298_pov-b1-0298-hn01-gate-queue-front-right.txt,18fac90cca01f0d47ecb2b49ca4be90825e42961de9d137f8afa7e30a3eb4744,1920,1080
299,pov-b1-0299-hn01-gate-queue-front-center,299_pov-b1-0299-hn01-gate-queue-front-center,hn01-gate-queue,POV_PARKING_B1_HN01_GATE_QUEUE,hard_negative,0,train,/home/yanbo/下载/batch_20260902_115647_parking-order-violation-batch1-400-retry/final/299_pov-b1-0299-hn01-gate-queue-front-center.png,/home/yanbo/下载/batch_20260902_115647_parking-order-violation-batch1-400-retry/prompts/299_pov-b1-0299-hn01-gate-queue-front-center.txt,7d66894dfe71178cc7addf312440b5202ddb5fca399d31623cc71bbb85ea5d8d,1920,1080
300,pov-b1-0300-hn01-gate-queue-front-left,300_pov-b1-0300-hn01-gate-queue-front-left,hn01-gate-queue,POV_PARKING_B1_HN01_GATE_QUEUE,hard_negative,0,train,/home/yanbo/下载/batch_20260902_115647_parking-order-violation-batch1-400-retry/final/300_pov-b1-0300-hn01-gate-queue-front-left.png,/home/yanbo/下载/batch_20260902_115647_parking-order-violation-batch1-400-retry/prompts/300_pov-b1-0300-hn01-gate-queue-front-left.txt,f75d25a8eeda8e9453c989ac5c69f937ae9fe7ffbd867df0536abd4700d5533e,1920,1080
301,pov-b1-0301-hn01-gate-queue-front-right,301_pov-b1-0301-hn01-gate-queue-front-right,hn01-gate-queue,POV_PARKING_B1_HN01_GATE_QUEUE,hard_negative,0,train,/home/yanbo/下载/batch_20260902_115647_parking-order-violation-batch1-400-retry/final/301_pov-b1-0301-hn01-gate-queue-front-right.png,/home/yanbo/下载/batch_20260902_115647_parking-order-violation-batch1-400-retry/prompts/301_pov-b1-0301-hn01-gate-queue-front-right.txt,64d2fbe4e310ae8115b2255e71585daebbed954bde03d8f46d6654c53105aa29,1920,1080
302,pov-b1-0302-hn01-gate-queue-front-center,302_pov-b1-0302-hn01-gate-queue-front-center,hn01-gate-queue,POV_PARKING_B1_HN01_GATE_QUEUE,hard_negative,0,train,/home/yanbo/下载/batch_20260902_115647_parking-order-violation-batch1-400-retry/final/302_pov-b1-0302-hn01-gate-queue-front-center.png,/home/yanbo/下载/batch_20260902_115647_parking-order-violation-batch1-400-retry/prompts/302_pov-b1-0302-hn01-gate-queue-front-center.txt,3b25f76b665c447369972ed9429b62c4dd199ae608fd78fa801ce5b484909c2a,1920,1080
303,pov-b1-0303-hn01-gate-queue-front-left,303_pov-b1-0303-hn01-gate-queue-front-left,hn01-gate-queue,POV_PARKING_B1_HN01_GATE_QUEUE,hard_negative,0,train,/home/yanbo/下载/batch_20260902_115647_parking-order-violation-batch1-400-retry/final/303_pov-b1-0303-hn01-gate-queue-front-left.png,/home/yanbo/下载/batch_20260902_115647_parking-order-violation-batch1-400-retry/prompts/303_pov-b1-0303-hn01-gate-queue-front-left.txt,5013e74edf5d0873384f2e3ac89e745a05fa17ae7743da0aff97481b3aef8a20,1920,1080
304,pov-b1-0304-hn01-gate-queue-front-right,304_pov-b1-0304-hn01-gate-queue-front-right,hn01-gate-queue,POV_PARKING_B1_HN01_GATE_QUEUE,hard_negative,0,train,/home/yanbo/下载/batch_20260902_115647_parking-order-violation-batch1-400-retry/final/304_pov-b1-0304-hn01-gate-queue-front-right.png,/home/yanbo/下载/batch_20260902_115647_parking-order-violation-batch1-400-retry/prompts/304_pov-b1-0304-hn01-gate-queue-front-right.txt,17d41508f03896e6be2979d8d0fab41ddac4db4764d47332e0460a5e8953b848,1920,1080
305,pov-b1-0305-hn01-gate-queue-front-center,305_pov-b1-0305-hn01-gate-queue-front-center,hn01-gate-queue,POV_PARKING_B1_HN01_GATE_QUEUE,hard_negative,0,train,/home/yanbo/下载/batch_20260902_115647_parking-order-violation-batch1-400-retry/final/305_pov-b1-0305-hn01-gate-queue-front-center.png,/home/yanbo/下载/batch_20260902_115647_parking-order-violation-batch1-400-retry/prompts/305_pov-b1-0305-hn01-gate-queue-front-center.txt,5529597cd994f92f974ce2e6d007b1ad1e01415efc2b134eee54964c4f34a3ae,1920,1080
306,pov-b1-0306-hn01-gate-queue-front-left,306_pov-b1-0306-hn01-gate-queue-front-left,hn01-gate-queue,POV_PARKING_B1_HN01_GATE_QUEUE,hard_negative,0,train,/home/yanbo/下载/batch_20260902_115647_parking-order-violation-batch1-400-retry/final/306_pov-b1-0306-hn01-gate-queue-front-left.png,/home/yanbo/下载/batch_20260902_115647_parking-order-violation-batch1-400-retry/prompts/306_pov-b1-0306-hn01-gate-queue-front-left.txt,444949a5bb1ef4f274d25fcc0804048b37eaff9452c2cba40e4b599d10f05dfa,1920,1080
307,pov-b1-0307-hn01-gate-queue-front-right,307_pov-b1-0307-hn01-gate-queue-front-right,hn01-gate-queue,POV_PARKING_B1_HN01_GATE_QUEUE,hard_negative,0,train,/home/yanbo/下载/batch_20260902_115647_parking-order-violation-batch1-400-retry/final/307_pov-b1-0307-hn01-gate-queue-front-right.png,/home/yanbo/下载/batch_20260902_115647_parking-order-violation-batch1-400-retry/prompts/307_pov-b1-0307-hn01-gate-queue-front-right.txt,2c36b5d0457dc0b06def434329cf8b10d6c10ec9026ce0f00bcf8452a5e04eca,1920,1080
308,pov-b1-0308-hn01-gate-queue-front-center,308_pov-b1-0308-hn01-gate-queue-front-center,hn01-gate-queue,POV_PARKING_B1_HN01_GATE_QUEUE,hard_negative,0,train,/home/yanbo/下载/batch_20260902_115647_parking-order-violation-batch1-400-retry/final/308_pov-b1-0308-hn01-gate-queue-front-center.png,/home/yanbo/下载/batch_20260902_115647_parking-order-violation-batch1-400-retry/prompts/308_pov-b1-0308-hn01-gate-queue-front-center.txt,ef43e925f58c64765fd71b67d4621f91656afed05f4c84dc32cb0cf0b0462477,1920,1080
309,pov-b1-0309-hn01-gate-queue-front-left,309_pov-b1-0309-hn01-gate-queue-front-left,hn01-gate-queue,POV_PARKING_B1_HN01_GATE_QUEUE,hard_negative,0,train,/home/yanbo/下载/batch_20260902_115647_parking-order-violation-batch1-400-retry/final/309_pov-b1-0309-hn01-gate-queue-front-left.png,/home/yanbo/下载/batch_20260902_115647_parking-order-violation-batch1-400-retry/prompts/309_pov-b1-0309-hn01-gate-queue-front-left.txt,811995a29ace32e6446ea2fa97bd9835db5b19c706746e280a47fa084a1ea155,1920,1080
310,pov-b1-0310-hn01-gate-queue-front-right,310_pov-b1-0310-hn01-gate-queue-front-right,hn01-gate-queue,POV_PARKING_B1_HN01_GATE_QUEUE,hard_negative,0,train,/home/yanbo/下载/batch_20260902_115647_parking-order-violation-batch1-400-retry/final/310_pov-b1-0310-hn01-gate-queue-front-right.png,/home/yanbo/下载/batch_20260902_115647_parking-order-violation-batch1-400-retry/prompts/310_pov-b1-0310-hn01-gate-queue-front-right.txt,cc200060330faa0697ca33f1781fb3e190cd13dda00e63dff2cbb91f3ffecf01,1920,1080
311,pov-b1-0311-hn02-faded-lines-but-confirmably-inside-front-center,311_pov-b1-0311-hn02-faded-lines-but-confirmably-inside-front-center,hn02-faded-lines-but-confirmably-inside,POV_PARKING_B1_HN02_FADED_LINES_BUT_CONFIRMABLY_INSIDE,hard_negative,0,validation,/home/yanbo/下载/batch_20260902_115647_parking-order-violation-batch1-400-retry/final/311_pov-b1-0311-hn02-faded-lines-but-confirmably-inside-front-center.png,/home/yanbo/下载/batch_20260902_115647_parking-order-violation-batch1-400-retry/prompts/311_pov-b1-0311-hn02-faded-lines-but-confirmably-inside-front-center.txt,0672e381842b11cab5742c519c87268fe09f29ffd958853831362eeb430087f3,1920,1080
312,pov-b1-0312-hn02-faded-lines-but-confirmably-inside-front-left,312_pov-b1-0312-hn02-faded-lines-but-confirmably-inside-front-left,hn02-faded-lines-but-confirmably-inside,POV_PARKING_B1_HN02_FADED_LINES_BUT_CONFIRMABLY_INSIDE,hard_negative,0,validation,/home/yanbo/下载/batch_20260902_115647_parking-order-violation-batch1-400-retry/final/312_pov-b1-0312-hn02-faded-lines-but-confirmably-inside-front-left.png,/home/yanbo/下载/batch_20260902_115647_parking-order-violation-batch1-400-retry/prompts/312_pov-b1-0312-hn02-faded-lines-but-confirmably-inside-front-left.txt,07d06203442a2dff61c3182c8ee93f1fcd3e5b657392acda2ee8d0721159c245,1920,1080
313,pov-b1-0313-hn02-faded-lines-but-confirmably-inside-front-right,313_pov-b1-0313-hn02-faded-lines-but-confirmably-inside-front-right,hn02-faded-lines-but-confirmably-inside,POV_PARKING_B1_HN02_FADED_LINES_BUT_CONFIRMABLY_INSIDE,hard_negative,0,validation,/home/yanbo/下载/batch_20260902_115647_parking-order-violation-batch1-400-retry/final/313_pov-b1-0313-hn02-faded-lines-but-confirmably-inside-front-right.png,/home/yanbo/下载/batch_20260902_115647_parking-order-violation-batch1-400-retry/prompts/313_pov-b1-0313-hn02-faded-lines-but-confirmably-inside-front-right.txt,43950a74e9a68142514fd4ea1ce8974c8502bc2ee6e23e0de584206c235409b1,1920,1080
314,pov-b1-0314-hn02-faded-lines-but-confirmably-inside-front-center,314_pov-b1-0314-hn02-faded-lines-but-confirmably-inside-front-center,hn02-faded-lines-but-confirmably-inside,POV_PARKING_B1_HN02_FADED_LINES_BUT_CONFIRMABLY_INSIDE,hard_negative,0,validation,/home/yanbo/下载/batch_20260902_115647_parking-order-violation-batch1-400-retry/final/314_pov-b1-0314-hn02-faded-lines-but-confirmably-inside-front-center.png,/home/yanbo/下载/batch_20260902_115647_parking-order-violation-batch1-400-retry/prompts/314_pov-b1-0314-hn02-faded-lines-but-confirmably-inside-front-center.txt,9c59016df2ab71e0472fc92e1884ce1eaabc0492faf2912102ada72a42f3eb75,1920,1080
315,pov-b1-0315-hn02-faded-lines-but-confirmably-inside-front-left,315_pov-b1-0315-hn02-faded-lines-but-confirmably-inside-front-left,hn02-faded-lines-but-confirmably-inside,POV_PARKING_B1_HN02_FADED_LINES_BUT_CONFIRMABLY_INSIDE,hard_negative,0,validation,/home/yanbo/下载/batch_20260902_115647_parking-order-violation-batch1-400-retry/final/315_pov-b1-0315-hn02-faded-lines-but-confirmably-inside-front-left.png,/home/yanbo/下载/batch_20260902_115647_parking-order-violation-batch1-400-retry/prompts/315_pov-b1-0315-hn02-faded-lines-but-confirmably-inside-front-left.txt,a8688c9c1fb67525739440f7aa807d334a19e396e1e02bd23d926351452d5ca5,1920,1080
316,pov-b1-0316-hn02-faded-lines-but-confirmably-inside-front-right,316_pov-b1-0316-hn02-faded-lines-but-confirmably-inside-front-right,hn02-faded-lines-but-confirmably-inside,POV_PARKING_B1_HN02_FADED_LINES_BUT_CONFIRMABLY_INSIDE,hard_negative,0,validation,/home/yanbo/下载/batch_20260902_115647_parking-order-violation-batch1-400-retry/final/316_pov-b1-0316-hn02-faded-lines-but-confirmably-inside-front-right.png,/home/yanbo/下载/batch_20260902_115647_parking-order-violation-batch1-400-retry/prompts/316_pov-b1-0316-hn02-faded-lines-but-confirmably-inside-front-right.txt,23f8e8a546fe249ab5d2e02b29fe104a5131ae0e4ce80667a61b73897dad9d93,1920,1080
317,pov-b1-0317-hn02-faded-lines-but-confirmably-inside-front-center,317_pov-b1-0317-hn02-faded-lines-but-confirmably-inside-front-center,hn02-faded-lines-but-confirmably-inside,POV_PARKING_B1_HN02_FADED_LINES_BUT_CONFIRMABLY_INSIDE,hard_negative,0,validation,/home/yanbo/下载/batch_20260902_115647_parking-order-violation-batch1-400-retry/final/317_pov-b1-0317-hn02-faded-lines-but-confirmably-inside-front-center.png,/home/yanbo/下载/batch_20260902_115647_parking-order-violation-batch1-400-retry/prompts/317_pov-b1-0317-hn02-faded-lines-but-confirmably-inside-front-center.txt,b635cbc9e4d781374f788f1e33c1b381a357a634d6d5333ab6bed82fe2cc1ce9,1920,1080
318,pov-b1-0318-hn02-faded-lines-but-confirmably-inside-front-left,318_pov-b1-0318-hn02-faded-lines-but-confirmably-inside-front-left,hn02-faded-lines-but-confirmably-inside,POV_PARKING_B1_HN02_FADED_LINES_BUT_CONFIRMABLY_INSIDE,hard_negative,0,validation,/home/yanbo/下载/batch_20260902_115647_parking-order-violation-batch1-400-retry/final/318_pov-b1-0318-hn02-faded-lines-but-confirmably-inside-front-left.png,/home/yanbo/下载/batch_20260902_115647_parking-order-violation-batch1-400-retry/prompts/318_pov-b1-0318-hn02-faded-lines-but-confirmably-inside-front-left.txt,cabd973ba6d16b666800001f6a9140755ba40f94024976cd2285dfec53a18c78,1920,1080
319,pov-b1-0319-hn02-faded-lines-but-confirmably-inside-front-center,319_pov-b1-0319-hn02-faded-lines-but-confirmably-inside-front-center,hn02-faded-lines-but-confirmably-inside,POV_PARKING_B1_HN02_FADED_LINES_BUT_CONFIRMABLY_INSIDE,hard_negative,0,validation,/home/yanbo/下载/batch_20260902_115647_parking-order-violation-batch1-400-retry/final/319_pov-b1-0319-hn02-faded-lines-but-confirmably-inside-front-center.png,/home/yanbo/下载/batch_20260902_115647_parking-order-violation-batch1-400-retry/prompts/319_pov-b1-0319-hn02-faded-lines-but-confirmably-inside-front-center.txt,eaf775ddde4273d5e4eb08d1dee3f0b4991ac9a393d6118d4b84c1b989e2f85e,1920,1080
320,pov-b1-0320-hn02-faded-lines-but-confirmably-inside-front-left,320_pov-b1-0320-hn02-faded-lines-but-confirmably-inside-front-left,hn02-faded-lines-but-confirmably-inside,POV_PARKING_B1_HN02_FADED_LINES_BUT_CONFIRMABLY_INSIDE,hard_negative,0,validation,/home/yanbo/下载/batch_20260902_115647_parking-order-violation-batch1-400-retry/final/320_pov-b1-0320-hn02-faded-lines-but-confirmably-inside-front-left.png,/home/yanbo/下载/batch_20260902_115647_parking-order-violation-batch1-400-retry/prompts/320_pov-b1-0320-hn02-faded-lines-but-confirmably-inside-front-left.txt,0f858350645bfb2da417651c472e17674c7e73c3c3fc5e7beb11ad38569e2cb7,1920,1080
321,pov-b1-0321-hn03-perspective-looks-like-crossing-front-center,321_pov-b1-0321-hn03-perspective-looks-like-crossing-front-center,hn03-perspective-looks-like-crossing,POV_PARKING_B1_HN03_PERSPECTIVE_LOOKS_LIKE_CROSSING,hard_negative,0,holdout,/home/yanbo/下载/batch_20260902_115647_parking-order-violation-batch1-400-retry/final/321_pov-b1-0321-hn03-perspective-looks-like-crossing-front-center.png,/home/yanbo/下载/batch_20260902_115647_parking-order-violation-batch1-400-retry/prompts/321_pov-b1-0321-hn03-perspective-looks-like-crossing-front-center.txt,3674b9ed6b9e649845f7425d4a0ae172234b0e4097a75bb03592cb08ec60fc38,1920,1080
322,pov-b1-0322-hn03-perspective-looks-like-crossing-front-left,322_pov-b1-0322-hn03-perspective-looks-like-crossing-front-left,hn03-perspective-looks-like-crossing,POV_PARKING_B1_HN03_PERSPECTIVE_LOOKS_LIKE_CROSSING,hard_negative,0,holdout,/home/yanbo/下载/batch_20260902_115647_parking-order-violation-batch1-400-retry/final/322_pov-b1-0322-hn03-perspective-looks-like-crossing-front-left.png,/home/yanbo/下载/batch_20260902_115647_parking-order-violation-batch1-400-retry/prompts/322_pov-b1-0322-hn03-perspective-looks-like-crossing-front-left.txt,dac89cc4e5fe23b0cfce2ba0ea50484551bf9d03fae59a3d57e70a2f140b36c5,1920,1080
323,pov-b1-0323-hn03-perspective-looks-like-crossing-front-right,323_pov-b1-0323-hn03-perspective-looks-like-crossing-front-right,hn03-perspective-looks-like-crossing,POV_PARKING_B1_HN03_PERSPECTIVE_LOOKS_LIKE_CROSSING,hard_negative,0,holdout,/home/yanbo/下载/batch_20260902_115647_parking-order-violation-batch1-400-retry/final/323_pov-b1-0323-hn03-perspective-looks-like-crossing-front-right.png,/home/yanbo/下载/batch_20260902_115647_parking-order-violation-batch1-400-retry/prompts/323_pov-b1-0323-hn03-perspective-looks-like-crossing-front-right.txt,b33b9edcb63cdc555f412bf2b2565d8e59f1addadd3b07b054632672529cf42a,1920,1080
324,pov-b1-0324-hn03-perspective-looks-like-crossing-front-center,324_pov-b1-0324-hn03-perspective-looks-like-crossing-front-center,hn03-perspective-looks-like-crossing,POV_PARKING_B1_HN03_PERSPECTIVE_LOOKS_LIKE_CROSSING,hard_negative,0,holdout,/home/yanbo/下载/batch_20260902_115647_parking-order-violation-batch1-400-retry/final/324_pov-b1-0324-hn03-perspective-looks-like-crossing-front-center.png,/home/yanbo/下载/batch_20260902_115647_parking-order-violation-batch1-400-retry/prompts/324_pov-b1-0324-hn03-perspective-looks-like-crossing-front-center.txt,d63fdddba84ce8d8777fcce99e1b0f1e51b1b1e89c3598e6b31bad019187df29,1920,1080
325,pov-b1-0325-hn03-perspective-looks-like-crossing-front-left,325_pov-b1-0325-hn03-perspective-looks-like-crossing-front-left,hn03-perspective-looks-like-crossing,POV_PARKING_B1_HN03_PERSPECTIVE_LOOKS_LIKE_CROSSING,hard_negative,0,holdout,/home/yanbo/下载/batch_20260902_115647_parking-order-violation-batch1-400-retry/final/325_pov-b1-0325-hn03-perspective-looks-like-crossing-front-left.png,/home/yanbo/下载/batch_20260902_115647_parking-order-violation-batch1-400-retry/prompts/325_pov-b1-0325-hn03-perspective-looks-like-crossing-front-left.txt,b123821fecdc6f735d4f830cfeac154a9eb2087c90deee2b54b710bcbadd9aad,1920,1080
326,pov-b1-0326-hn03-perspective-looks-like-crossing-front-right,326_pov-b1-0326-hn03-perspective-looks-like-crossing-front-right,hn03-perspective-looks-like-crossing,POV_PARKING_B1_HN03_PERSPECTIVE_LOOKS_LIKE_CROSSING,hard_negative,0,holdout,/home/yanbo/下载/batch_20260902_115647_parking-order-violation-batch1-400-retry/final/326_pov-b1-0326-hn03-perspective-looks-like-crossing-front-right.png,/home/yanbo/下载/batch_20260902_115647_parking-order-violation-batch1-400-retry/prompts/326_pov-b1-0326-hn03-perspective-looks-like-crossing-front-right.txt,822a005649efe9075c28718f8dc4c3e5d8b2c72b1ab00e94a1c16d8e8657f2ce,1920,1080
327,pov-b1-0327-hn03-perspective-looks-like-crossing-front-center,327_pov-b1-0327-hn03-perspective-looks-like-crossing-front-center,hn03-perspective-looks-like-crossing,POV_PARKING_B1_HN03_PERSPECTIVE_LOOKS_LIKE_CROSSING,hard_negative,0,holdout,/home/yanbo/下载/batch_20260902_115647_parking-order-violation-batch1-400-retry/final/327_pov-b1-0327-hn03-perspective-looks-like-crossing-front-center.png,/home/yanbo/下载/batch_20260902_115647_parking-order-violation-batch1-400-retry/prompts/327_pov-b1-0327-hn03-perspective-looks-like-crossing-front-center.txt,593d8263187ce69bbf907e1d7bb14d028b7d586c5be1af698ee48a55bd8193a1,1920,1080
328,pov-b1-0328-hn03-perspective-looks-like-crossing-front-left,328_pov-b1-0328-hn03-perspective-looks-like-crossing-front-left,hn03-perspective-looks-like-crossing,POV_PARKING_B1_HN03_PERSPECTIVE_LOOKS_LIKE_CROSSING,hard_negative,0,holdout,/home/yanbo/下载/batch_20260902_115647_parking-order-violation-batch1-400-retry/final/328_pov-b1-0328-hn03-perspective-looks-like-crossing-front-left.png,/home/yanbo/下载/batch_20260902_115647_parking-order-violation-batch1-400-retry/prompts/328_pov-b1-0328-hn03-perspective-looks-like-crossing-front-left.txt,db175b1e91bb6ccdd9597c6619674a1e777b07946d35c5c4255e3649a64cc52e,1920,1080
329,pov-b1-0329-hn03-perspective-looks-like-crossing-front-center,329_pov-b1-0329-hn03-perspective-looks-like-crossing-front-center,hn03-perspective-looks-like-crossing,POV_PARKING_B1_HN03_PERSPECTIVE_LOOKS_LIKE_CROSSING,hard_negative,0,holdout,/home/yanbo/下载/batch_20260902_115647_parking-order-violation-batch1-400-retry/final/329_pov-b1-0329-hn03-perspective-looks-like-crossing-front-center.png,/home/yanbo/下载/batch_20260902_115647_parking-order-violation-batch1-400-retry/prompts/329_pov-b1-0329-hn03-perspective-looks-like-crossing-front-center.txt,49902e9eb73f0b904fe2018dbdd82e5496d8c5c321a2c720e4d7bcea6e1ac0dd,1920,1080
330,pov-b1-0330-hn03-perspective-looks-like-crossing-front-left,330_pov-b1-0330-hn03-perspective-looks-like-crossing-front-left,hn03-perspective-looks-like-crossing,POV_PARKING_B1_HN03_PERSPECTIVE_LOOKS_LIKE_CROSSING,hard_negative,0,holdout,/home/yanbo/下载/batch_20260902_115647_parking-order-violation-batch1-400-retry/final/330_pov-b1-0330-hn03-perspective-looks-like-crossing-front-left.png,/home/yanbo/下载/batch_20260902_115647_parking-order-violation-batch1-400-retry/prompts/330_pov-b1-0330-hn03-perspective-looks-like-crossing-front-left.txt,e523ec2e210ca46691fed92afb720fa27cfea3a17cc5c38099e93184c967d9ce,1920,1080
331,pov-b1-0331-hn04-large-vehicle-compliant-front-center,331_pov-b1-0331-hn04-large-vehicle-compliant-front-center,hn04-large-vehicle-compliant,POV_PARKING_B1_HN04_LARGE_VEHICLE_COMPLIANT,hard_negative,0,train,/home/yanbo/下载/batch_20260902_115647_parking-order-violation-batch1-400-retry/final/331_pov-b1-0331-hn04-large-vehicle-compliant-front-center.png,/home/yanbo/下载/batch_20260902_115647_parking-order-violation-batch1-400-retry/prompts/331_pov-b1-0331-hn04-large-vehicle-compliant-front-center.txt,567bae0c556243c5c6176adcafdceb373c161fa47b582c2fd2dafeaff108e47c,1920,1080
332,pov-b1-0332-hn04-large-vehicle-compliant-front-left,332_pov-b1-0332-hn04-large-vehicle-compliant-front-left,hn04-large-vehicle-compliant,POV_PARKING_B1_HN04_LARGE_VEHICLE_COMPLIANT,hard_negative,0,train,/home/yanbo/下载/batch_20260902_115647_parking-order-violation-batch1-400-retry/final/332_pov-b1-0332-hn04-large-vehicle-compliant-front-left.png,/home/yanbo/下载/batch_20260902_115647_parking-order-violation-batch1-400-retry/prompts/332_pov-b1-0332-hn04-large-vehicle-compliant-front-left.txt,4492d4bc0bd671b7f9cc6211b4b8af4c9432769cfef3acfab6895d4991997f02,1920,1080
333,pov-b1-0333-hn04-large-vehicle-compliant-front-right,333_pov-b1-0333-hn04-large-vehicle-compliant-front-right,hn04-large-vehicle-compliant,POV_PARKING_B1_HN04_LARGE_VEHICLE_COMPLIANT,hard_negative,0,train,/home/yanbo/下载/batch_20260902_115647_parking-order-violation-batch1-400-retry/final/333_pov-b1-0333-hn04-large-vehicle-compliant-front-right.png,/home/yanbo/下载/batch_20260902_115647_parking-order-violation-batch1-400-retry/prompts/333_pov-b1-0333-hn04-large-vehicle-compliant-front-right.txt,6f7b3febfc0eee2c35220b77a32724e894fa8c39657623668bc1dac76707293c,1920,1080
334,pov-b1-0334-hn04-large-vehicle-compliant-front-center,334_pov-b1-0334-hn04-large-vehicle-compliant-front-center,hn04-large-vehicle-compliant,POV_PARKING_B1_HN04_LARGE_VEHICLE_COMPLIANT,hard_negative,0,train,/home/yanbo/下载/batch_20260902_115647_parking-order-violation-batch1-400-retry/final/334_pov-b1-0334-hn04-large-vehicle-compliant-front-center.png,/home/yanbo/下载/batch_20260902_115647_parking-order-violation-batch1-400-retry/prompts/334_pov-b1-0334-hn04-large-vehicle-compliant-front-center.txt,361f7a966583ee2a2c725b48ed94b189825fc339c253681e5f37789ecdda0177,1920,1080
335,pov-b1-0335-hn04-large-vehicle-compliant-front-left,335_pov-b1-0335-hn04-large-vehicle-compliant-front-left,hn04-large-vehicle-compliant,POV_PARKING_B1_HN04_LARGE_VEHICLE_COMPLIANT,hard_negative,0,train,/home/yanbo/下载/batch_20260902_115647_parking-order-violation-batch1-400-retry/final/335_pov-b1-0335-hn04-large-vehicle-compliant-front-left.png,/home/yanbo/下载/batch_20260902_115647_parking-order-violation-batch1-400-retry/prompts/335_pov-b1-0335-hn04-large-vehicle-compliant-front-left.txt,c369b4fcc2fb3905a50f84157acad67f599709a39b497c2592005f22898db7b4,1920,1080
336,pov-b1-0336-hn04-large-vehicle-compliant-front-right,336_pov-b1-0336-hn04-large-vehicle-compliant-front-right,hn04-large-vehicle-compliant,POV_PARKING_B1_HN04_LARGE_VEHICLE_COMPLIANT,hard_negative,0,train,/home/yanbo/下载/batch_20260902_115647_parking-order-violation-batch1-400-retry/final/336_pov-b1-0336-hn04-large-vehicle-compliant-front-right.png,/home/yanbo/下载/batch_20260902_115647_parking-order-violation-batch1-400-retry/prompts/336_pov-b1-0336-hn04-large-vehicle-compliant-front-right.txt,7d86413201ae0750997ed6e6cda7ed8581fdfd581b62d2eb184c60b5cf2514fd,1920,1080
337,pov-b1-0337-hn04-large-vehicle-compliant-front-center,337_pov-b1-0337-hn04-large-vehicle-compliant-front-center,hn04-large-vehicle-compliant,POV_PARKING_B1_HN04_LARGE_VEHICLE_COMPLIANT,hard_negative,0,train,/home/yanbo/下载/batch_20260902_115647_parking-order-violation-batch1-400-retry/final/337_pov-b1-0337-hn04-large-vehicle-compliant-front-center.png,/home/yanbo/下载/batch_20260902_115647_parking-order-violation-batch1-400-retry/prompts/337_pov-b1-0337-hn04-large-vehicle-compliant-front-center.txt,ca827918de8d22c0cd591284451d6fc435086c824b0a17cac917152375f24cc5,1920,1080
338,pov-b1-0338-hn04-large-vehicle-compliant-front-left,338_pov-b1-0338-hn04-large-vehicle-compliant-front-left,hn04-large-vehicle-compliant,POV_PARKING_B1_HN04_LARGE_VEHICLE_COMPLIANT,hard_negative,0,train,/home/yanbo/下载/batch_20260902_115647_parking-order-violation-batch1-400-retry/final/338_pov-b1-0338-hn04-large-vehicle-compliant-front-left.png,/home/yanbo/下载/batch_20260902_115647_parking-order-violation-batch1-400-retry/prompts/338_pov-b1-0338-hn04-large-vehicle-compliant-front-left.txt,021fad0e257f476152c3cbb12b778c1330235dc5245568fac23b3e14c2e1f2af,1920,1080
339,pov-b1-0339-hn04-large-vehicle-compliant-front-center,339_pov-b1-0339-hn04-large-vehicle-compliant-front-center,hn04-large-vehicle-compliant,POV_PARKING_B1_HN04_LARGE_VEHICLE_COMPLIANT,hard_negative,0,train,/home/yanbo/下载/batch_20260902_115647_parking-order-violation-batch1-400-retry/final/339_pov-b1-0339-hn04-large-vehicle-compliant-front-center.png,/home/yanbo/下载/batch_20260902_115647_parking-order-violation-batch1-400-retry/prompts/339_pov-b1-0339-hn04-large-vehicle-compliant-front-center.txt,b446c4d7d253aac202f0964fa646dab91969d690870ee31c9600f447f61297ae,1920,1080
340,pov-b1-0340-hn04-large-vehicle-compliant-front-left,340_pov-b1-0340-hn04-large-vehicle-compliant-front-left,hn04-large-vehicle-compliant,POV_PARKING_B1_HN04_LARGE_VEHICLE_COMPLIANT,hard_negative,0,train,/home/yanbo/下载/batch_20260902_115647_parking-order-violation-batch1-400-retry/final/340_pov-b1-0340-hn04-large-vehicle-compliant-front-left.png,/home/yanbo/下载/batch_20260902_115647_parking-order-violation-batch1-400-retry/prompts/340_pov-b1-0340-hn04-large-vehicle-compliant-front-left.txt,115d7f60d1099d93d6cbb63f7136361142d3f7a60a35fb0fc66a35a8b9060004,1920,1080
341,pov-b1-0341-hn05-adjacent-vehicle-occludes-lines-front-center,341_pov-b1-0341-hn05-adjacent-vehicle-occludes-lines-front-center,hn05-adjacent-vehicle-occludes-lines,POV_PARKING_B1_HN05_ADJACENT_VEHICLE_OCCLUDES_LINES,hard_negative,0,validation,/home/yanbo/下载/batch_20260902_115647_parking-order-violation-batch1-400-retry/final/341_pov-b1-0341-hn05-adjacent-vehicle-occludes-lines-front-center.png,/home/yanbo/下载/batch_20260902_115647_parking-order-violation-batch1-400-retry/prompts/341_pov-b1-0341-hn05-adjacent-vehicle-occludes-lines-front-center.txt,796a96685119d4504eebb65b701679b510c99cafdfca0c0297546a0ea288cbf5,1920,1080
342,pov-b1-0342-hn05-adjacent-vehicle-occludes-lines-front-left,342_pov-b1-0342-hn05-adjacent-vehicle-occludes-lines-front-left,hn05-adjacent-vehicle-occludes-lines,POV_PARKING_B1_HN05_ADJACENT_VEHICLE_OCCLUDES_LINES,hard_negative,0,validation,/home/yanbo/下载/batch_20260902_115647_parking-order-violation-batch1-400-retry/final/342_pov-b1-0342-hn05-adjacent-vehicle-occludes-lines-front-left.png,/home/yanbo/下载/batch_20260902_115647_parking-order-violation-batch1-400-retry/prompts/342_pov-b1-0342-hn05-adjacent-vehicle-occludes-lines-front-left.txt,cd140c76c83fb748706b01bbe32f1052d1aaa6fc99086483515fc90766c6cbc3,1920,1080
343,pov-b1-0343-hn05-adjacent-vehicle-occludes-lines-front-right,343_pov-b1-0343-hn05-adjacent-vehicle-occludes-lines-front-right,hn05-adjacent-vehicle-occludes-lines,POV_PARKING_B1_HN05_ADJACENT_VEHICLE_OCCLUDES_LINES,hard_negative,0,validation,/home/yanbo/下载/batch_20260902_115647_parking-order-violation-batch1-400-retry/final/343_pov-b1-0343-hn05-adjacent-vehicle-occludes-lines-front-right.png,/home/yanbo/下载/batch_20260902_115647_parking-order-violation-batch1-400-retry/prompts/343_pov-b1-0343-hn05-adjacent-vehicle-occludes-lines-front-right.txt,a04f451c3ac6f726c360d2e033a907b3adc20eda0572c98b43462c6de77461e5,1920,1080
344,pov-b1-0344-hn05-adjacent-vehicle-occludes-lines-front-center,344_pov-b1-0344-hn05-adjacent-vehicle-occludes-lines-front-center,hn05-adjacent-vehicle-occludes-lines,POV_PARKING_B1_HN05_ADJACENT_VEHICLE_OCCLUDES_LINES,hard_negative,0,validation,/home/yanbo/下载/batch_20260902_115647_parking-order-violation-batch1-400-retry/final/344_pov-b1-0344-hn05-adjacent-vehicle-occludes-lines-front-center.png,/home/yanbo/下载/batch_20260902_115647_parking-order-violation-batch1-400-retry/prompts/344_pov-b1-0344-hn05-adjacent-vehicle-occludes-lines-front-center.txt,60d8fbd08871c3a8f245f19f2db5292d597d5ef6fd4714a2b2a9b0e3aae284c1,1920,1080
345,pov-b1-0345-hn05-adjacent-vehicle-occludes-lines-front-left,345_pov-b1-0345-hn05-adjacent-vehicle-occludes-lines-front-left,hn05-adjacent-vehicle-occludes-lines,POV_PARKING_B1_HN05_ADJACENT_VEHICLE_OCCLUDES_LINES,hard_negative,0,validation,/home/yanbo/下载/batch_20260902_115647_parking-order-violation-batch1-400-retry/final/345_pov-b1-0345-hn05-adjacent-vehicle-occludes-lines-front-left.png,/home/yanbo/下载/batch_20260902_115647_parking-order-violation-batch1-400-retry/prompts/345_pov-b1-0345-hn05-adjacent-vehicle-occludes-lines-front-left.txt,61cbf5bbb92418936367bf624ef14082d27221510971acfd950d5fa4c775e825,1920,1080
346,pov-b1-0346-hn05-adjacent-vehicle-occludes-lines-front-right,346_pov-b1-0346-hn05-adjacent-vehicle-occludes-lines-front-right,hn05-adjacent-vehicle-occludes-lines,POV_PARKING_B1_HN05_ADJACENT_VEHICLE_OCCLUDES_LINES,hard_negative,0,validation,/home/yanbo/下载/batch_20260902_115647_parking-order-violation-batch1-400-retry/final/346_pov-b1-0346-hn05-adjacent-vehicle-occludes-lines-front-right.png,/home/yanbo/下载/batch_20260902_115647_parking-order-violation-batch1-400-retry/prompts/346_pov-b1-0346-hn05-adjacent-vehicle-occludes-lines-front-right.txt,482f3cd56cf7d237c064dfc2fa622c5898c1b955ebe497bd4f1cac6c1b1b60b4,1920,1080
347,pov-b1-0347-hn05-adjacent-vehicle-occludes-lines-front-center,347_pov-b1-0347-hn05-adjacent-vehicle-occludes-lines-front-center,hn05-adjacent-vehicle-occludes-lines,POV_PARKING_B1_HN05_ADJACENT_VEHICLE_OCCLUDES_LINES,hard_negative,0,validation,/home/yanbo/下载/batch_20260902_115647_parking-order-violation-batch1-400-retry/final/347_pov-b1-0347-hn05-adjacent-vehicle-occludes-lines-front-center.png,/home/yanbo/下载/batch_20260902_115647_parking-order-violation-batch1-400-retry/prompts/347_pov-b1-0347-hn05-adjacent-vehicle-occludes-lines-front-center.txt,9995229a09dfd3bc9370a7e4976a7e7c95b3ff9815c214d39d172e848e77be2e,1920,1080
348,pov-b1-0348-hn05-adjacent-vehicle-occludes-lines-front-left,348_pov-b1-0348-hn05-adjacent-vehicle-occludes-lines-front-left,hn05-adjacent-vehicle-occludes-lines,POV_PARKING_B1_HN05_ADJACENT_VEHICLE_OCCLUDES_LINES,hard_negative,0,validation,/home/yanbo/下载/batch_20260902_115647_parking-order-violation-batch1-400-retry/final/348_pov-b1-0348-hn05-adjacent-vehicle-occludes-lines-front-left.png,/home/yanbo/下载/batch_20260902_115647_parking-order-violation-batch1-400-retry/prompts/348_pov-b1-0348-hn05-adjacent-vehicle-occludes-lines-front-left.txt,3d7af2dd16e3c80712898605dc1af8d3b352f2dea87631ddd195fa829166d796,1920,1080
349,pov-b1-0349-hn05-adjacent-vehicle-occludes-lines-front-center,349_pov-b1-0349-hn05-adjacent-vehicle-occludes-lines-front-center,hn05-adjacent-vehicle-occludes-lines,POV_PARKING_B1_HN05_ADJACENT_VEHICLE_OCCLUDES_LINES,hard_negative,0,validation,/home/yanbo/下载/batch_20260902_115647_parking-order-violation-batch1-400-retry/final/349_pov-b1-0349-hn05-adjacent-vehicle-occludes-lines-front-center.png,/home/yanbo/下载/batch_20260902_115647_parking-order-violation-batch1-400-retry/prompts/349_pov-b1-0349-hn05-adjacent-vehicle-occludes-lines-front-center.txt,82be2f1f59d729364c06da6c80690079ec3bff55bdc911269ea28e51eb43c531,1920,1080
350,pov-b1-0350-hn05-adjacent-vehicle-occludes-lines-front-left,350_pov-b1-0350-hn05-adjacent-vehicle-occludes-lines-front-left,hn05-adjacent-vehicle-occludes-lines,POV_PARKING_B1_HN05_ADJACENT_VEHICLE_OCCLUDES_LINES,hard_negative,0,validation,/home/yanbo/下载/batch_20260902_115647_parking-order-violation-batch1-400-retry/final/350_pov-b1-0350-hn05-adjacent-vehicle-occludes-lines-front-left.png,/home/yanbo/下载/batch_20260902_115647_parking-order-violation-batch1-400-retry/prompts/350_pov-b1-0350-hn05-adjacent-vehicle-occludes-lines-front-left.txt,ae4e9a93f86c14ce1e99bcfab9d46c1fbe3eb0f50e75254a37f7d03be374c9fc,1920,1080
351,pov-b1-0351-hn06-shadows-cracks-curbs-mimic-lines-front-center,351_pov-b1-0351-hn06-shadows-cracks-curbs-mimic-lines-front-center,hn06-shadows-cracks-curbs-mimic-lines,POV_PARKING_B1_HN06_SHADOWS_CRACKS_CURBS_MIMIC_LINES,hard_negative,0,train,/home/yanbo/下载/batch_20260902_115647_parking-order-violation-batch1-400-retry/final/351_pov-b1-0351-hn06-shadows-cracks-curbs-mimic-lines-front-center.png,/home/yanbo/下载/batch_20260902_115647_parking-order-violation-batch1-400-retry/prompts/351_pov-b1-0351-hn06-shadows-cracks-curbs-mimic-lines-front-center.txt,9a44bdd551c0a406ec6b5cf35bb0e087d7f65eb18b94eba4674a265deb8e4f40,1920,1080
352,pov-b1-0352-hn06-shadows-cracks-curbs-mimic-lines-front-left,352_pov-b1-0352-hn06-shadows-cracks-curbs-mimic-lines-front-left,hn06-shadows-cracks-curbs-mimic-lines,POV_PARKING_B1_HN06_SHADOWS_CRACKS_CURBS_MIMIC_LINES,hard_negative,0,train,/home/yanbo/下载/batch_20260902_115647_parking-order-violation-batch1-400-retry/final/352_pov-b1-0352-hn06-shadows-cracks-curbs-mimic-lines-front-left.png,/home/yanbo/下载/batch_20260902_115647_parking-order-violation-batch1-400-retry/prompts/352_pov-b1-0352-hn06-shadows-cracks-curbs-mimic-lines-front-left.txt,0ce594a0007b3331bbf288fc927335b63679a360791bb17de1540de00dca2b14,1920,1080
353,pov-b1-0353-hn06-shadows-cracks-curbs-mimic-lines-front-right,353_pov-b1-0353-hn06-shadows-cracks-curbs-mimic-lines-front-right,hn06-shadows-cracks-curbs-mimic-lines,POV_PARKING_B1_HN06_SHADOWS_CRACKS_CURBS_MIMIC_LINES,hard_negative,0,train,/home/yanbo/下载/batch_20260902_115647_parking-order-violation-batch1-400-retry/final/353_pov-b1-0353-hn06-shadows-cracks-curbs-mimic-lines-front-right.png,/home/yanbo/下载/batch_20260902_115647_parking-order-violation-batch1-400-retry/prompts/353_pov-b1-0353-hn06-shadows-cracks-curbs-mimic-lines-front-right.txt,09f6d8c971bcafdb24b6dd32111a4ef16ea4a68175d113c31dc3d2a71382cf56,1920,1080
354,pov-b1-0354-hn06-shadows-cracks-curbs-mimic-lines-front-center,354_pov-b1-0354-hn06-shadows-cracks-curbs-mimic-lines-front-center,hn06-shadows-cracks-curbs-mimic-lines,POV_PARKING_B1_HN06_SHADOWS_CRACKS_CURBS_MIMIC_LINES,hard_negative,0,train,/home/yanbo/下载/batch_20260902_115647_parking-order-violation-batch1-400-retry/final/354_pov-b1-0354-hn06-shadows-cracks-curbs-mimic-lines-front-center.png,/home/yanbo/下载/batch_20260902_115647_parking-order-violation-batch1-400-retry/prompts/354_pov-b1-0354-hn06-shadows-cracks-curbs-mimic-lines-front-center.txt,8e98b0e2945a024316dbdcd0a03e37a0fcfa1e738866eb807616f0c40079bde2,1920,1080
355,pov-b1-0355-hn06-shadows-cracks-curbs-mimic-lines-front-left,355_pov-b1-0355-hn06-shadows-cracks-curbs-mimic-lines-front-left,hn06-shadows-cracks-curbs-mimic-lines,POV_PARKING_B1_HN06_SHADOWS_CRACKS_CURBS_MIMIC_LINES,hard_negative,0,train,/home/yanbo/下载/batch_20260902_115647_parking-order-violation-batch1-400-retry/final/355_pov-b1-0355-hn06-shadows-cracks-curbs-mimic-lines-front-left.png,/home/yanbo/下载/batch_20260902_115647_parking-order-violation-batch1-400-retry/prompts/355_pov-b1-0355-hn06-shadows-cracks-curbs-mimic-lines-front-left.txt,b1222e58238bff25a9daefa7676c1f723c39903d5f820c7c17649a415754d34b,1920,1080
356,pov-b1-0356-hn06-shadows-cracks-curbs-mimic-lines-front-right,356_pov-b1-0356-hn06-shadows-cracks-curbs-mimic-lines-front-right,hn06-shadows-cracks-curbs-mimic-lines,POV_PARKING_B1_HN06_SHADOWS_CRACKS_CURBS_MIMIC_LINES,hard_negative,0,train,/home/yanbo/下载/batch_20260902_115647_parking-order-violation-batch1-400-retry/final/356_pov-b1-0356-hn06-shadows-cracks-curbs-mimic-lines-front-right.png,/home/yanbo/下载/batch_20260902_115647_parking-order-violation-batch1-400-retry/prompts/356_pov-b1-0356-hn06-shadows-cracks-curbs-mimic-lines-front-right.txt,1d7738f4d02df20e7addc940bcb1957e8e284faaf3266be6925a6f971be78aee,1920,1080
357,pov-b1-0357-hn06-shadows-cracks-curbs-mimic-lines-front-center,357_pov-b1-0357-hn06-shadows-cracks-curbs-mimic-lines-front-center,hn06-shadows-cracks-curbs-mimic-lines,POV_PARKING_B1_HN06_SHADOWS_CRACKS_CURBS_MIMIC_LINES,hard_negative,0,train,/home/yanbo/下载/batch_20260902_115647_parking-order-violation-batch1-400-retry/final/357_pov-b1-0357-hn06-shadows-cracks-curbs-mimic-lines-front-center.png,/home/yanbo/下载/batch_20260902_115647_parking-order-violation-batch1-400-retry/prompts/357_pov-b1-0357-hn06-shadows-cracks-curbs-mimic-lines-front-center.txt,644abcee17bedddc5b57b7e2f6241d7bdcafd6870043073405879da1936fa2c4,1920,1080
358,pov-b1-0358-hn06-shadows-cracks-curbs-mimic-lines-front-left,358_pov-b1-0358-hn06-shadows-cracks-curbs-mimic-lines-front-left,hn06-shadows-cracks-curbs-mimic-lines,POV_PARKING_B1_HN06_SHADOWS_CRACKS_CURBS_MIMIC_LINES,hard_negative,0,train,/home/yanbo/下载/batch_20260902_115647_parking-order-violation-batch1-400-retry/final/358_pov-b1-0358-hn06-shadows-cracks-curbs-mimic-lines-front-left.png,/home/yanbo/下载/batch_20260902_115647_parking-order-violation-batch1-400-retry/prompts/358_pov-b1-0358-hn06-shadows-cracks-curbs-mimic-lines-front-left.txt,cbbc4a2ec266a774d09455e1511e71b9f1ba203a0762ea6dcee93105c5efb4ef,1920,1080
359,pov-b1-0359-hn06-shadows-cracks-curbs-mimic-lines-front-center,359_pov-b1-0359-hn06-shadows-cracks-curbs-mimic-lines-front-center,hn06-shadows-cracks-curbs-mimic-lines,POV_PARKING_B1_HN06_SHADOWS_CRACKS_CURBS_MIMIC_LINES,hard_negative,0,train,/home/yanbo/下载/batch_20260902_115647_parking-order-violation-batch1-400-retry/final/359_pov-b1-0359-hn06-shadows-cracks-curbs-mimic-lines-front-center.png,/home/yanbo/下载/batch_20260902_115647_parking-order-violation-batch1-400-retry/prompts/359_pov-b1-0359-hn06-shadows-cracks-curbs-mimic-lines-front-center.txt,c4d71736baf071afac1ae831fa0c035d4516171d34e5145618b04ae2b575ca08,1920,1080
360,pov-b1-0360-hn06-shadows-cracks-curbs-mimic-lines-front-left,360_pov-b1-0360-hn06-shadows-cracks-curbs-mimic-lines-front-left,hn06-shadows-cracks-curbs-mimic-lines,POV_PARKING_B1_HN06_SHADOWS_CRACKS_CURBS_MIMIC_LINES,hard_negative,0,train,/home/yanbo/下载/batch_20260902_115647_parking-order-violation-batch1-400-retry/final/360_pov-b1-0360-hn06-shadows-cracks-curbs-mimic-lines-front-left.png,/home/yanbo/下载/batch_20260902_115647_parking-order-violation-batch1-400-retry/prompts/360_pov-b1-0360-hn06-shadows-cracks-curbs-mimic-lines-front-left.txt,e95af0c29b4f154acac78c0e00d00b04f2f95050f2f4dd67e3648205a4acdd96,1920,1080
361,pov-b1-0361-u01-insufficient-parking-visual-evidence-front-center,361_pov-b1-0361-u01-insufficient-parking-visual-evidence-front-center,u01-insufficient-parking-visual-evidence,POV_PARKING_B1_U01_INSUFFICIENT_PARKING_VISUAL_EVIDENCE,uncertain,uncertain,train,/home/yanbo/下载/batch_20260902_115647_parking-order-violation-batch1-400-retry/final/361_pov-b1-0361-u01-insufficient-parking-visual-evidence-front-center.png,/home/yanbo/下载/batch_20260902_115647_parking-order-violation-batch1-400-retry/prompts/361_pov-b1-0361-u01-insufficient-parking-visual-evidence-front-center.txt,3f3dbbee559621e532eb727d4b1332cad71ae44ab7dd48c6bf78c203ef8923f7,1920,1080
362,pov-b1-0362-u01-insufficient-parking-visual-evidence-front-left,362_pov-b1-0362-u01-insufficient-parking-visual-evidence-front-left,u01-insufficient-parking-visual-evidence,POV_PARKING_B1_U01_INSUFFICIENT_PARKING_VISUAL_EVIDENCE,uncertain,uncertain,train,/home/yanbo/下载/batch_20260902_115647_parking-order-violation-batch1-400-retry/final/362_pov-b1-0362-u01-insufficient-parking-visual-evidence-front-left.png,/home/yanbo/下载/batch_20260902_115647_parking-order-violation-batch1-400-retry/prompts/362_pov-b1-0362-u01-insufficient-parking-visual-evidence-front-left.txt,21a1590bbd015f63b661f1c5ac813c7d7926e7b446df2f66e8e37e0183a73fdb,1920,1080
363,pov-b1-0363-u01-insufficient-parking-visual-evidence-front-right,363_pov-b1-0363-u01-insufficient-parking-visual-evidence-front-right,u01-insufficient-parking-visual-evidence,POV_PARKING_B1_U01_INSUFFICIENT_PARKING_VISUAL_EVIDENCE,uncertain,uncertain,train,/home/yanbo/下载/batch_20260902_115647_parking-order-violation-batch1-400-retry/final/363_pov-b1-0363-u01-insufficient-parking-visual-evidence-front-right.png,/home/yanbo/下载/batch_20260902_115647_parking-order-violation-batch1-400-retry/prompts/363_pov-b1-0363-u01-insufficient-parking-visual-evidence-front-right.txt,0f0b521afbfc611616c43ab716ee46614668865cafcd148d10e32e2afd8fb77f,1920,1080
364,pov-b1-0364-u01-insufficient-parking-visual-evidence-front-center,364_pov-b1-0364-u01-insufficient-parking-visual-evidence-front-center,u01-insufficient-parking-visual-evidence,POV_PARKING_B1_U01_INSUFFICIENT_PARKING_VISUAL_EVIDENCE,uncertain,uncertain,train,/home/yanbo/下载/batch_20260902_115647_parking-order-violation-batch1-400-retry/final/364_pov-b1-0364-u01-insufficient-parking-visual-evidence-front-center.png,/home/yanbo/下载/batch_20260902_115647_parking-order-violation-batch1-400-retry/prompts/364_pov-b1-0364-u01-insufficient-parking-visual-evidence-front-center.txt,f522301464cb62292286ed99499095af00f6466440e88e273592a276fc88dfc8,1920,1080
365,pov-b1-0365-u01-insufficient-parking-visual-evidence-front-left,365_pov-b1-0365-u01-insufficient-parking-visual-evidence-front-left,u01-insufficient-parking-visual-evidence,POV_PARKING_B1_U01_INSUFFICIENT_PARKING_VISUAL_EVIDENCE,uncertain,uncertain,train,/home/yanbo/下载/batch_20260902_115647_parking-order-violation-batch1-400-retry/final/365_pov-b1-0365-u01-insufficient-parking-visual-evidence-front-left.png,/home/yanbo/下载/batch_20260902_115647_parking-order-violation-batch1-400-retry/prompts/365_pov-b1-0365-u01-insufficient-parking-visual-evidence-front-left.txt,cf8847f15e3523d406ec0d3f34239efa1c31d9036214fad22d043f1a329c96c7,1920,1080
366,pov-b1-0366-u01-insufficient-parking-visual-evidence-front-right,366_pov-b1-0366-u01-insufficient-parking-visual-evidence-front-right,u01-insufficient-parking-visual-evidence,POV_PARKING_B1_U01_INSUFFICIENT_PARKING_VISUAL_EVIDENCE,uncertain,uncertain,train,/home/yanbo/下载/batch_20260902_115647_parking-order-violation-batch1-400-retry/final/366_pov-b1-0366-u01-insufficient-parking-visual-evidence-front-right.png,/home/yanbo/下载/batch_20260902_115647_parking-order-violation-batch1-400-retry/prompts/366_pov-b1-0366-u01-insufficient-parking-visual-evidence-front-right.txt,aaa558499c3e5f6497d0c5d34b9e39e023fa64ef65859c2e422b6e867f93a24c,1920,1080
367,pov-b1-0367-u01-insufficient-parking-visual-evidence-front-center,367_pov-b1-0367-u01-insufficient-parking-visual-evidence-front-center,u01-insufficient-parking-visual-evidence,POV_PARKING_B1_U01_INSUFFICIENT_PARKING_VISUAL_EVIDENCE,uncertain,uncertain,train,/home/yanbo/下载/batch_20260902_115647_parking-order-violation-batch1-400-retry/final/367_pov-b1-0367-u01-insufficient-parking-visual-evidence-front-center.png,/home/yanbo/下载/batch_20260902_115647_parking-order-violation-batch1-400-retry/prompts/367_pov-b1-0367-u01-insufficient-parking-visual-evidence-front-center.txt,8229466112e3d4ed5c1a6b4934aa506730d8dac58da5ac39331eb8803d558164,1920,1080
368,pov-b1-0368-u01-insufficient-parking-visual-evidence-front-left,368_pov-b1-0368-u01-insufficient-parking-visual-evidence-front-left,u01-insufficient-parking-visual-evidence,POV_PARKING_B1_U01_INSUFFICIENT_PARKING_VISUAL_EVIDENCE,uncertain,uncertain,train,/home/yanbo/下载/batch_20260902_115647_parking-order-violation-batch1-400-retry/final/368_pov-b1-0368-u01-insufficient-parking-visual-evidence-front-left.png,/home/yanbo/下载/batch_20260902_115647_parking-order-violation-batch1-400-retry/prompts/368_pov-b1-0368-u01-insufficient-parking-visual-evidence-front-left.txt,fef2749a59f5eb3e394e8b3c66ab81e3edac3aaed4a79db1ec9f29ef14815909,1920,1080
369,pov-b1-0369-u01-insufficient-parking-visual-evidence-front-right,369_pov-b1-0369-u01-insufficient-parking-visual-evidence-front-right,u01-insufficient-parking-visual-evidence,POV_PARKING_B1_U01_INSUFFICIENT_PARKING_VISUAL_EVIDENCE,uncertain,uncertain,train,/home/yanbo/下载/batch_20260902_115647_parking-order-violation-batch1-400-retry/final/369_pov-b1-0369-u01-insufficient-parking-visual-evidence-front-right.png,/home/yanbo/下载/batch_20260902_115647_parking-order-violation-batch1-400-retry/prompts/369_pov-b1-0369-u01-insufficient-parking-visual-evidence-front-right.txt,b6775937538cd3b3b0fd8b751169f2b47edf3f60cff7cf8f135d2264c668044d,1920,1080
370,pov-b1-0370-u01-insufficient-parking-visual-evidence-front-center,370_pov-b1-0370-u01-insufficient-parking-visual-evidence-front-center,u01-insufficient-parking-visual-evidence,POV_PARKING_B1_U01_INSUFFICIENT_PARKING_VISUAL_EVIDENCE,uncertain,uncertain,train,/home/yanbo/下载/batch_20260902_115647_parking-order-violation-batch1-400-retry/final/370_pov-b1-0370-u01-insufficient-parking-visual-evidence-front-center.png,/home/yanbo/下载/batch_20260902_115647_parking-order-violation-batch1-400-retry/prompts/370_pov-b1-0370-u01-insufficient-parking-visual-evidence-front-center.txt,06b846f992e5e9496fb1712983f2b834aef0b42043b2e5173df22314e39e0773,1920,1080
371,pov-b1-0371-u01-insufficient-parking-visual-evidence-front-left,371_pov-b1-0371-u01-insufficient-parking-visual-evidence-front-left,u01-insufficient-parking-visual-evidence,POV_PARKING_B1_U01_INSUFFICIENT_PARKING_VISUAL_EVIDENCE,uncertain,uncertain,train,/home/yanbo/下载/batch_20260902_115647_parking-order-violation-batch1-400-retry/final/371_pov-b1-0371-u01-insufficient-parking-visual-evidence-front-left.png,/home/yanbo/下载/batch_20260902_115647_parking-order-violation-batch1-400-retry/prompts/371_pov-b1-0371-u01-insufficient-parking-visual-evidence-front-left.txt,a0c79e9bd415c42fb22cd2481d2180f0c5866bf4476e880bb11e5dc0e0f6a27d,1920,1080
372,pov-b1-0372-u01-insufficient-parking-visual-evidence-front-right,372_pov-b1-0372-u01-insufficient-parking-visual-evidence-front-right,u01-insufficient-parking-visual-evidence,POV_PARKING_B1_U01_INSUFFICIENT_PARKING_VISUAL_EVIDENCE,uncertain,uncertain,train,/home/yanbo/下载/batch_20260902_115647_parking-order-violation-batch1-400-retry/final/372_pov-b1-0372-u01-insufficient-parking-visual-evidence-front-right.png,/home/yanbo/下载/batch_20260902_115647_parking-order-violation-batch1-400-retry/prompts/372_pov-b1-0372-u01-insufficient-parking-visual-evidence-front-right.txt,d4a670b2b5ef209beb611494a3015ddbafc0bb6fab6770e933b1194733338166,1920,1080
373,pov-b1-0373-u01-insufficient-parking-visual-evidence-front-center,373_pov-b1-0373-u01-insufficient-parking-visual-evidence-front-center,u01-insufficient-parking-visual-evidence,POV_PARKING_B1_U01_INSUFFICIENT_PARKING_VISUAL_EVIDENCE,uncertain,uncertain,train,/home/yanbo/下载/batch_20260902_115647_parking-order-violation-batch1-400-retry/final/373_pov-b1-0373-u01-insufficient-parking-visual-evidence-front-center.png,/home/yanbo/下载/batch_20260902_115647_parking-order-violation-batch1-400-retry/prompts/373_pov-b1-0373-u01-insufficient-parking-visual-evidence-front-center.txt,fba06c8e7c31d158d68ab0204bf1f340939a0cb58c4b3ee990f052804f72a0a7,1920,1080
374,pov-b1-0374-u01-insufficient-parking-visual-evidence-front-left,374_pov-b1-0374-u01-insufficient-parking-visual-evidence-front-left,u01-insufficient-parking-visual-evidence,POV_PARKING_B1_U01_INSUFFICIENT_PARKING_VISUAL_EVIDENCE,uncertain,uncertain,train,/home/yanbo/下载/batch_20260902_115647_parking-order-violation-batch1-400-retry/final/374_pov-b1-0374-u01-insufficient-parking-visual-evidence-front-left.png,/home/yanbo/下载/batch_20260902_115647_parking-order-violation-batch1-400-retry/prompts/374_pov-b1-0374-u01-insufficient-parking-visual-evidence-front-left.txt,5ff88713d806c445676322841714c699575800aff583337a26bc4f8a74988910,1920,1080
375,pov-b1-0375-u01-insufficient-parking-visual-evidence-front-right,375_pov-b1-0375-u01-insufficient-parking-visual-evidence-front-right,u01-insufficient-parking-visual-evidence,POV_PARKING_B1_U01_INSUFFICIENT_PARKING_VISUAL_EVIDENCE,uncertain,uncertain,train,/home/yanbo/下载/batch_20260902_115647_parking-order-violation-batch1-400-retry/final/375_pov-b1-0375-u01-insufficient-parking-visual-evidence-front-right.png,/home/yanbo/下载/batch_20260902_115647_parking-order-violation-batch1-400-retry/prompts/375_pov-b1-0375-u01-insufficient-parking-visual-evidence-front-right.txt,35ba786d03032c9a7ea60a35ed096c86ae2b2be8b0cac92adf0790118ee01cf7,1920,1080
376,pov-b1-0376-u02-markings-severely-missing-or-occluded-front-center,376_pov-b1-0376-u02-markings-severely-missing-or-occluded-front-center,u02-markings-severely-missing-or-occluded,POV_PARKING_B1_U02_MARKINGS_SEVERELY_MISSING_OR_OCCLUDED,uncertain,uncertain,validation,/home/yanbo/下载/batch_20260902_115647_parking-order-violation-batch1-400-retry/final/376_pov-b1-0376-u02-markings-severely-missing-or-occluded-front-center.png,/home/yanbo/下载/batch_20260902_115647_parking-order-violation-batch1-400-retry/prompts/376_pov-b1-0376-u02-markings-severely-missing-or-occluded-front-center.txt,57661e34744042776016b742841431e6185af6983a67939ecf322987e50ceac6,1920,1080
377,pov-b1-0377-u02-markings-severely-missing-or-occluded-front-left,377_pov-b1-0377-u02-markings-severely-missing-or-occluded-front-left,u02-markings-severely-missing-or-occluded,POV_PARKING_B1_U02_MARKINGS_SEVERELY_MISSING_OR_OCCLUDED,uncertain,uncertain,validation,/home/yanbo/下载/batch_20260902_115647_parking-order-violation-batch1-400-retry/final/377_pov-b1-0377-u02-markings-severely-missing-or-occluded-front-left.png,/home/yanbo/下载/batch_20260902_115647_parking-order-violation-batch1-400-retry/prompts/377_pov-b1-0377-u02-markings-severely-missing-or-occluded-front-left.txt,589a7a82fbd00ddfed2d2fda0f43dd2fc012b443527962b4681459733b262d3f,1920,1080
378,pov-b1-0378-u02-markings-severely-missing-or-occluded-front-right,378_pov-b1-0378-u02-markings-severely-missing-or-occluded-front-right,u02-markings-severely-missing-or-occluded,POV_PARKING_B1_U02_MARKINGS_SEVERELY_MISSING_OR_OCCLUDED,uncertain,uncertain,validation,/home/yanbo/下载/batch_20260902_115647_parking-order-violation-batch1-400-retry/final/378_pov-b1-0378-u02-markings-severely-missing-or-occluded-front-right.png,/home/yanbo/下载/batch_20260902_115647_parking-order-violation-batch1-400-retry/prompts/378_pov-b1-0378-u02-markings-severely-missing-or-occluded-front-right.txt,6287d3374d5f310bab05fad89b41fefd097e43c8502cab425b878fbdb3204f7b,1920,1080
379,pov-b1-0379-u02-markings-severely-missing-or-occluded-front-center,379_pov-b1-0379-u02-markings-severely-missing-or-occluded-front-center,u02-markings-severely-missing-or-occluded,POV_PARKING_B1_U02_MARKINGS_SEVERELY_MISSING_OR_OCCLUDED,uncertain,uncertain,validation,/home/yanbo/下载/batch_20260902_115647_parking-order-violation-batch1-400-retry/final/379_pov-b1-0379-u02-markings-severely-missing-or-occluded-front-center.png,/home/yanbo/下载/batch_20260902_115647_parking-order-violation-batch1-400-retry/prompts/379_pov-b1-0379-u02-markings-severely-missing-or-occluded-front-center.txt,391012385732f534a142750b006592a7dd1dafcc811c511f54a99b991a3755cf,1920,1080
380,pov-b1-0380-u02-markings-severely-missing-or-occluded-front-left,380_pov-b1-0380-u02-markings-severely-missing-or-occluded-front-left,u02-markings-severely-missing-or-occluded,POV_PARKING_B1_U02_MARKINGS_SEVERELY_MISSING_OR_OCCLUDED,uncertain,uncertain,validation,/home/yanbo/下载/batch_20260902_115647_parking-order-violation-batch1-400-retry/final/380_pov-b1-0380-u02-markings-severely-missing-or-occluded-front-left.png,/home/yanbo/下载/batch_20260902_115647_parking-order-violation-batch1-400-retry/prompts/380_pov-b1-0380-u02-markings-severely-missing-or-occluded-front-left.txt,4e4cba98d3fdd61ac2751c50ce2f459212c6df6f05ac56e19550e320f3cbd703,1920,1080
381,pov-b1-0381-u02-markings-severely-missing-or-occluded-front-right,381_pov-b1-0381-u02-markings-severely-missing-or-occluded-front-right,u02-markings-severely-missing-or-occluded,POV_PARKING_B1_U02_MARKINGS_SEVERELY_MISSING_OR_OCCLUDED,uncertain,uncertain,validation,/home/yanbo/下载/batch_20260902_115647_parking-order-violation-batch1-400-retry/final/381_pov-b1-0381-u02-markings-severely-missing-or-occluded-front-right.png,/home/yanbo/下载/batch_20260902_115647_parking-order-violation-batch1-400-retry/prompts/381_pov-b1-0381-u02-markings-severely-missing-or-occluded-front-right.txt,c82ed00f0031e4446e7c201ce3bdf2500e7977645be58af633adf6c296bb4a2c,1920,1080
382,pov-b1-0382-u02-markings-severely-missing-or-occluded-front-center,382_pov-b1-0382-u02-markings-severely-missing-or-occluded-front-center,u02-markings-severely-missing-or-occluded,POV_PARKING_B1_U02_MARKINGS_SEVERELY_MISSING_OR_OCCLUDED,uncertain,uncertain,validation,/home/yanbo/下载/batch_20260902_115647_parking-order-violation-batch1-400-retry/final/382_pov-b1-0382-u02-markings-severely-missing-or-occluded-front-center.png,/home/yanbo/下载/batch_20260902_115647_parking-order-violation-batch1-400-retry/prompts/382_pov-b1-0382-u02-markings-severely-missing-or-occluded-front-center.txt,2edf152b66dfdbbc0348ffd2ff49539d13f78f049b6f90c5fca107827cba14e3,1920,1080
383,pov-b1-0383-u02-markings-severely-missing-or-occluded-front-left,383_pov-b1-0383-u02-markings-severely-missing-or-occluded-front-left,u02-markings-severely-missing-or-occluded,POV_PARKING_B1_U02_MARKINGS_SEVERELY_MISSING_OR_OCCLUDED,uncertain,uncertain,validation,/home/yanbo/下载/batch_20260902_115647_parking-order-violation-batch1-400-retry/final/383_pov-b1-0383-u02-markings-severely-missing-or-occluded-front-left.png,/home/yanbo/下载/batch_20260902_115647_parking-order-violation-batch1-400-retry/prompts/383_pov-b1-0383-u02-markings-severely-missing-or-occluded-front-left.txt,8db006816393db986145a6e088d3e401d9ba20088c91021a7b55c9a11f2be2cb,1920,1080
384,pov-b1-0384-u02-markings-severely-missing-or-occluded-front-center,384_pov-b1-0384-u02-markings-severely-missing-or-occluded-front-center,u02-markings-severely-missing-or-occluded,POV_PARKING_B1_U02_MARKINGS_SEVERELY_MISSING_OR_OCCLUDED,uncertain,uncertain,validation,/home/yanbo/下载/batch_20260902_115647_parking-order-violation-batch1-400-retry/final/384_pov-b1-0384-u02-markings-severely-missing-or-occluded-front-center.png,/home/yanbo/下载/batch_20260902_115647_parking-order-violation-batch1-400-retry/prompts/384_pov-b1-0384-u02-markings-severely-missing-or-occluded-front-center.txt,142097accb45b37171295dcea4883fd59a6d6dd6200ec94c65276022e955568d,1920,1080
385,pov-b1-0385-u02-markings-severely-missing-or-occluded-front-left,385_pov-b1-0385-u02-markings-severely-missing-or-occluded-front-left,u02-markings-severely-missing-or-occluded,POV_PARKING_B1_U02_MARKINGS_SEVERELY_MISSING_OR_OCCLUDED,uncertain,uncertain,validation,/home/yanbo/下载/batch_20260902_115647_parking-order-violation-batch1-400-retry/final/385_pov-b1-0385-u02-markings-severely-missing-or-occluded-front-left.png,/home/yanbo/下载/batch_20260902_115647_parking-order-violation-batch1-400-retry/prompts/385_pov-b1-0385-u02-markings-severely-missing-or-occluded-front-left.txt,cb8d86b2aa780f8de43e7a287486e86e7a30a8f9d8fa15f21fee5bb67a61c2bb,1920,1080
386,pov-b1-0386-u03-vehicle-cut-by-frame-edge-front-center,386_pov-b1-0386-u03-vehicle-cut-by-frame-edge-front-center,u03-vehicle-cut-by-frame-edge,POV_PARKING_B1_U03_VEHICLE_CUT_BY_FRAME_EDGE,uncertain,uncertain,holdout,/home/yanbo/下载/batch_20260902_115647_parking-order-violation-batch1-400-retry/final/386_pov-b1-0386-u03-vehicle-cut-by-frame-edge-front-center.png,/home/yanbo/下载/batch_20260902_115647_parking-order-violation-batch1-400-retry/prompts/386_pov-b1-0386-u03-vehicle-cut-by-frame-edge-front-center.txt,c8dc34276c63f0048a5b169d426bdbe112e190a95ab64284f30b000bd950195a,1920,1080
387,pov-b1-0387-u03-vehicle-cut-by-frame-edge-front-left,387_pov-b1-0387-u03-vehicle-cut-by-frame-edge-front-left,u03-vehicle-cut-by-frame-edge,POV_PARKING_B1_U03_VEHICLE_CUT_BY_FRAME_EDGE,uncertain,uncertain,holdout,/home/yanbo/下载/batch_20260902_115647_parking-order-violation-batch1-400-retry/final/387_pov-b1-0387-u03-vehicle-cut-by-frame-edge-front-left.png,/home/yanbo/下载/batch_20260902_115647_parking-order-violation-batch1-400-retry/prompts/387_pov-b1-0387-u03-vehicle-cut-by-frame-edge-front-left.txt,92d4b4bc2d621b8dd53587d171504928f57dfdc3355176f113a161adc3500cd5,1920,1080
388,pov-b1-0388-u03-vehicle-cut-by-frame-edge-front-right,388_pov-b1-0388-u03-vehicle-cut-by-frame-edge-front-right,u03-vehicle-cut-by-frame-edge,POV_PARKING_B1_U03_VEHICLE_CUT_BY_FRAME_EDGE,uncertain,uncertain,holdout,/home/yanbo/下载/batch_20260902_115647_parking-order-violation-batch1-400-retry/final/388_pov-b1-0388-u03-vehicle-cut-by-frame-edge-front-right.png,/home/yanbo/下载/batch_20260902_115647_parking-order-violation-batch1-400-retry/prompts/388_pov-b1-0388-u03-vehicle-cut-by-frame-edge-front-right.txt,84728b5b12ea93b026bd9e2c8b3c7fe4f4321c435431e87edc76d1fce83900d5,1920,1080
389,pov-b1-0389-u03-vehicle-cut-by-frame-edge-front-center,389_pov-b1-0389-u03-vehicle-cut-by-frame-edge-front-center,u03-vehicle-cut-by-frame-edge,POV_PARKING_B1_U03_VEHICLE_CUT_BY_FRAME_EDGE,uncertain,uncertain,holdout,/home/yanbo/下载/batch_20260902_115647_parking-order-violation-batch1-400-retry/final/389_pov-b1-0389-u03-vehicle-cut-by-frame-edge-front-center.png,/home/yanbo/下载/batch_20260902_115647_parking-order-violation-batch1-400-retry/prompts/389_pov-b1-0389-u03-vehicle-cut-by-frame-edge-front-center.txt,53d0e4fe7c5a116d117ee6744c214376bb9367a027b7f8424ea9b7d09465419e,1920,1080
390,pov-b1-0390-u03-vehicle-cut-by-frame-edge-front-left,390_pov-b1-0390-u03-vehicle-cut-by-frame-edge-front-left,u03-vehicle-cut-by-frame-edge,POV_PARKING_B1_U03_VEHICLE_CUT_BY_FRAME_EDGE,uncertain,uncertain,holdout,/home/yanbo/下载/batch_20260902_115647_parking-order-violation-batch1-400-retry/final/390_pov-b1-0390-u03-vehicle-cut-by-frame-edge-front-left.png,/home/yanbo/下载/batch_20260902_115647_parking-order-violation-batch1-400-retry/prompts/390_pov-b1-0390-u03-vehicle-cut-by-frame-edge-front-left.txt,babb28f796bc063ebb7ad4f57a5b51cb703e893f68a2ef6c0490ca8fc56c2a3e,1920,1080
391,pov-b1-0391-u04-night-or-blur-boundary-unreadable-front-center,391_pov-b1-0391-u04-night-or-blur-boundary-unreadable-front-center,u04-night-or-blur-boundary-unreadable,POV_PARKING_B1_U04_NIGHT_OR_BLUR_BOUNDARY_UNREADABLE,uncertain,uncertain,train,/home/yanbo/下载/batch_20260902_115647_parking-order-violation-batch1-400-retry/final/391_pov-b1-0391-u04-night-or-blur-boundary-unreadable-front-center.png,/home/yanbo/下载/batch_20260902_115647_parking-order-violation-batch1-400-retry/prompts/391_pov-b1-0391-u04-night-or-blur-boundary-unreadable-front-center.txt,6b2177600d9910901fbe57e3f0fc77cb187c02641a87a4f20217f21fcd2f88a2,1920,1080
392,pov-b1-0392-u04-night-or-blur-boundary-unreadable-front-left,392_pov-b1-0392-u04-night-or-blur-boundary-unreadable-front-left,u04-night-or-blur-boundary-unreadable,POV_PARKING_B1_U04_NIGHT_OR_BLUR_BOUNDARY_UNREADABLE,uncertain,uncertain,train,/home/yanbo/下载/batch_20260902_115647_parking-order-violation-batch1-400-retry/final/392_pov-b1-0392-u04-night-or-blur-boundary-unreadable-front-left.png,/home/yanbo/下载/batch_20260902_115647_parking-order-violation-batch1-400-retry/prompts/392_pov-b1-0392-u04-night-or-blur-boundary-unreadable-front-left.txt,534429dcd93d2b5d78ebe7e26b7369e78f76b7c67acd3189067c94a3580394cf,1920,1080
393,pov-b1-0393-u04-night-or-blur-boundary-unreadable-front-right,393_pov-b1-0393-u04-night-or-blur-boundary-unreadable-front-right,u04-night-or-blur-boundary-unreadable,POV_PARKING_B1_U04_NIGHT_OR_BLUR_BOUNDARY_UNREADABLE,uncertain,uncertain,train,/home/yanbo/下载/batch_20260902_115647_parking-order-violation-batch1-400-retry/final/393_pov-b1-0393-u04-night-or-blur-boundary-unreadable-front-right.png,/home/yanbo/下载/batch_20260902_115647_parking-order-violation-batch1-400-retry/prompts/393_pov-b1-0393-u04-night-or-blur-boundary-unreadable-front-right.txt,e919b543d841ab0a10698ec3dc13b85b812eb2fae1f187d230de5f3d291fdb44,1920,1080
394,pov-b1-0394-u04-night-or-blur-boundary-unreadable-front-center,394_pov-b1-0394-u04-night-or-blur-boundary-unreadable-front-center,u04-night-or-blur-boundary-unreadable,POV_PARKING_B1_U04_NIGHT_OR_BLUR_BOUNDARY_UNREADABLE,uncertain,uncertain,train,/home/yanbo/下载/batch_20260902_115647_parking-order-violation-batch1-400-retry/final/394_pov-b1-0394-u04-night-or-blur-boundary-unreadable-front-center.png,/home/yanbo/下载/batch_20260902_115647_parking-order-violation-batch1-400-retry/prompts/394_pov-b1-0394-u04-night-or-blur-boundary-unreadable-front-center.txt,58a5900c349081e06feff1c29829f52d749e9b9b4b998176ce73d4c4c2904005,1920,1080
395,pov-b1-0395-u04-night-or-blur-boundary-unreadable-front-left,395_pov-b1-0395-u04-night-or-blur-boundary-unreadable-front-left,u04-night-or-blur-boundary-unreadable,POV_PARKING_B1_U04_NIGHT_OR_BLUR_BOUNDARY_UNREADABLE,uncertain,uncertain,train,/home/yanbo/下载/batch_20260902_115647_parking-order-violation-batch1-400-retry/final/395_pov-b1-0395-u04-night-or-blur-boundary-unreadable-front-left.png,/home/yanbo/下载/batch_20260902_115647_parking-order-violation-batch1-400-retry/prompts/395_pov-b1-0395-u04-night-or-blur-boundary-unreadable-front-left.txt,e5c9c89f5acf869a8e94d815d7a82bce757316c13218f61fee37d6347b148db3,1920,1080
396,pov-b1-0396-u05-gate-queue-or-parking-ambiguous-front-center,396_pov-b1-0396-u05-gate-queue-or-parking-ambiguous-front-center,u05-gate-queue-or-parking-ambiguous,POV_PARKING_B1_U05_GATE_QUEUE_OR_PARKING_AMBIGUOUS,uncertain,uncertain,train,/home/yanbo/下载/batch_20260902_115647_parking-order-violation-batch1-400-retry/final/396_pov-b1-0396-u05-gate-queue-or-parking-ambiguous-front-center.png,/home/yanbo/下载/batch_20260902_115647_parking-order-violation-batch1-400-retry/prompts/396_pov-b1-0396-u05-gate-queue-or-parking-ambiguous-front-center.txt,db5e9c6da136062ae3ed002e4f973187180033a222c8af63a2897c247112c9d1,1920,1080
397,pov-b1-0397-u05-gate-queue-or-parking-ambiguous-front-left,397_pov-b1-0397-u05-gate-queue-or-parking-ambiguous-front-left,u05-gate-queue-or-parking-ambiguous,POV_PARKING_B1_U05_GATE_QUEUE_OR_PARKING_AMBIGUOUS,uncertain,uncertain,train,/home/yanbo/下载/batch_20260902_115647_parking-order-violation-batch1-400-retry/final/397_pov-b1-0397-u05-gate-queue-or-parking-ambiguous-front-left.png,/home/yanbo/下载/batch_20260902_115647_parking-order-violation-batch1-400-retry/prompts/397_pov-b1-0397-u05-gate-queue-or-parking-ambiguous-front-left.txt,7201e1d0167c91c3d806bd8c4fd8bb01cb34975139fc9ee0c896973eff9c0259,1920,1080
398,pov-b1-0398-u05-gate-queue-or-parking-ambiguous-front-right,398_pov-b1-0398-u05-gate-queue-or-parking-ambiguous-front-right,u05-gate-queue-or-parking-ambiguous,POV_PARKING_B1_U05_GATE_QUEUE_OR_PARKING_AMBIGUOUS,uncertain,uncertain,train,/home/yanbo/下载/batch_20260902_115647_parking-order-violation-batch1-400-retry/final/398_pov-b1-0398-u05-gate-queue-or-parking-ambiguous-front-right.png,/home/yanbo/下载/batch_20260902_115647_parking-order-violation-batch1-400-retry/prompts/398_pov-b1-0398-u05-gate-queue-or-parking-ambiguous-front-right.txt,356b3025552e46203ee9fea8d4909536a9c6949991a060e358a4d465f7c770f3,1920,1080
399,pov-b1-0399-u05-gate-queue-or-parking-ambiguous-front-center,399_pov-b1-0399-u05-gate-queue-or-parking-ambiguous-front-center,u05-gate-queue-or-parking-ambiguous,POV_PARKING_B1_U05_GATE_QUEUE_OR_PARKING_AMBIGUOUS,uncertain,uncertain,train,/home/yanbo/下载/batch_20260902_115647_parking-order-violation-batch1-400-retry/final/399_pov-b1-0399-u05-gate-queue-or-parking-ambiguous-front-center.png,/home/yanbo/下载/batch_20260902_115647_parking-order-violation-batch1-400-retry/prompts/399_pov-b1-0399-u05-gate-queue-or-parking-ambiguous-front-center.txt,5eaef56f2121b01bb5a9951f8e1e114cd5431ac561c88aebebaaaaf85db57a59,1920,1080
400,pov-b1-0400-u05-gate-queue-or-parking-ambiguous-front-left,400_pov-b1-0400-u05-gate-queue-or-parking-ambiguous-front-left,u05-gate-queue-or-parking-ambiguous,POV_PARKING_B1_U05_GATE_QUEUE_OR_PARKING_AMBIGUOUS,uncertain,uncertain,train,/home/yanbo/下载/batch_20260902_115647_parking-order-violation-batch1-400-retry/final/400_pov-b1-0400-u05-gate-queue-or-parking-ambiguous-front-left.png,/home/yanbo/下载/batch_20260902_115647_parking-order-violation-batch1-400-retry/prompts/400_pov-b1-0400-u05-gate-queue-or-parking-ambiguous-front-left.txt,74e1a7b7e5c1a3cb2d8dc9610bbea15f342757730d8568cce102aea1690f0012,1920,1080
