media_id,image_sha256,reference_vehicle_id,target_id,detector_target_id,raw_detection_id,label,category,review_status,label_basis,human_gold,disputed,visual_reason,source_pixel_sha256,context_crop_sha256,review_evidence
IMG_007521,0ac07929df37198dc40d070eae1572dc3dc0f3c40e6051a5fca984e999030676,T01,T01,T01,raw_0001,positive_road,road_positive,REVIEWED_PIXELS_ORIGINAL_PLUS_CONTEXT_CROP,AI_VISUAL_REVIEWED_PROVISIONAL,False,False,full vehicle visibly occupies roadway/open driving aisle outside a marked bay,0ac07929df37198dc40d070eae1572dc3dc0f3c40e6051a5fca984e999030676,a342c09f141abb4e0cbf6f4dd25a40b09c3fb9d997a2703afbdb85c14bfcfd1e,original full scene plus numbered full-vehicle context crop inspected
IMG_007533,b3edf02484db2aa4b758c813ee19476939beb85f20b3fabec56e017e89d3de0c,T01,T01,T01,raw_0001,positive_road,road_positive,REVIEWED_PIXELS_ORIGINAL_PLUS_CONTEXT_CROP,AI_VISUAL_REVIEWED_PROVISIONAL,False,False,full vehicle visibly occupies roadway/open driving aisle outside a marked bay,b3edf02484db2aa4b758c813ee19476939beb85f20b3fabec56e017e89d3de0c,aed7eb1dca5371783fbe4e4abfeb8b4bde2b1ce82ecf67b674be9c40997e07e8,original full scene plus numbered full-vehicle context crop inspected
IMG_007548,4f17bdfd1fce16f4bd783575464ee74fabb2eb6ae988f25e84d044c3757ef010,T01,T01,T01,raw_0001,positive_road,road_positive,REVIEWED_PIXELS_ORIGINAL_PLUS_CONTEXT_CROP,AI_VISUAL_REVIEWED_PROVISIONAL,False,False,full vehicle visibly occupies roadway/open driving aisle outside a marked bay,4f17bdfd1fce16f4bd783575464ee74fabb2eb6ae988f25e84d044c3757ef010,2602a4262f1e524369b2c07a2f3f1e3eaecb37313571767e8dd1020b6c2561aa,original full scene plus numbered full-vehicle context crop inspected
IMG_007555,b879ee48ab4cae9efcd4f91acd470ae42d1564602cd9b26fe99b0648632e9c30,T01,T01,T01,raw_0001,positive_road,road_positive,REVIEWED_PIXELS_ORIGINAL_PLUS_CONTEXT_CROP,AI_VISUAL_REVIEWED_PROVISIONAL,False,False,full vehicle visibly occupies roadway/open driving aisle outside a marked bay,b879ee48ab4cae9efcd4f91acd470ae42d1564602cd9b26fe99b0648632e9c30,6622ff86897930dbff2ddc8d1c31eedb5e1317f508787ab2262aa1db8d8c1492,original full scene plus numbered full-vehicle context crop inspected
IMG_007555,b879ee48ab4cae9efcd4f91acd470ae42d1564602cd9b26fe99b0648632e9c30,T05,T05,T05,raw_0005,negative_ordinary_bay,ordinary_bay,REVIEWED_PIXELS_ORIGINAL_PLUS_CONTEXT_CROP,AI_VISUAL_REVIEWED_PROVISIONAL,False,False,vehicle visibly remains within one marked bay/designated parking area,b879ee48ab4cae9efcd4f91acd470ae42d1564602cd9b26fe99b0648632e9c30,a5de8c7abfeeb0e5ee06f5f7fe17b8f75988a57e9be13ffa50b3bd2983213344,original full scene plus numbered full-vehicle context crop inspected
IMG_007555,b879ee48ab4cae9efcd4f91acd470ae42d1564602cd9b26fe99b0648632e9c30,T06,T06,T06,raw_0006,negative_ordinary_bay,ordinary_bay,REVIEWED_PIXELS_ORIGINAL_PLUS_CONTEXT_CROP,AI_VISUAL_REVIEWED_PROVISIONAL,False,False,vehicle visibly remains within one marked bay/designated parking area,b879ee48ab4cae9efcd4f91acd470ae42d1564602cd9b26fe99b0648632e9c30,884611af9d2b9736150025ae93d510739062773b5514458923955380c0f9d12d,original full scene plus numbered full-vehicle context crop inspected
IMG_007555,b879ee48ab4cae9efcd4f91acd470ae42d1564602cd9b26fe99b0648632e9c30,T07,T07,T07,raw_0007,negative_ordinary_bay,ordinary_bay,REVIEWED_PIXELS_ORIGINAL_PLUS_CONTEXT_CROP,AI_VISUAL_REVIEWED_PROVISIONAL,False,False,vehicle visibly remains within one marked bay/designated parking area,b879ee48ab4cae9efcd4f91acd470ae42d1564602cd9b26fe99b0648632e9c30,69ef6f564a6044a252052cfb4c93f5649c2867d50dcb2f3963a693620c6a92b6,original full scene plus numbered full-vehicle context crop inspected
IMG_007555,b879ee48ab4cae9efcd4f91acd470ae42d1564602cd9b26fe99b0648632e9c30,T08,T08,T08,raw_0008,negative_ordinary_bay,ordinary_bay,REVIEWED_PIXELS_ORIGINAL_PLUS_CONTEXT_CROP,AI_VISUAL_REVIEWED_PROVISIONAL,False,False,vehicle visibly remains within one marked bay/designated parking area,b879ee48ab4cae9efcd4f91acd470ae42d1564602cd9b26fe99b0648632e9c30,57ea6e44b142d47434b1e20ea4a1aae5510864d92b273173e18697b7cf83818f,original full scene plus numbered full-vehicle context crop inspected
IMG_007555,b879ee48ab4cae9efcd4f91acd470ae42d1564602cd9b26fe99b0648632e9c30,T09,T09,T09,raw_0009,negative_ordinary_bay,ordinary_bay,REVIEWED_PIXELS_ORIGINAL_PLUS_CONTEXT_CROP,AI_VISUAL_REVIEWED_PROVISIONAL,False,False,vehicle visibly remains within one marked bay/designated parking area,b879ee48ab4cae9efcd4f91acd470ae42d1564602cd9b26fe99b0648632e9c30,500db2d62dccce42b6de255269ce87bd7b264f317c5445a2076189e8e6709e98,original full scene plus numbered full-vehicle context crop inspected
IMG_007554,34c443db5a3a90bccf980fc14a8a48f9275143c41dace05edeba2dfc7f9a3865,T01,T01,T01,raw_0001,positive_road,road_positive,REVIEWED_PIXELS_ORIGINAL_PLUS_CONTEXT_CROP,AI_VISUAL_REVIEWED_PROVISIONAL,False,False,full vehicle visibly occupies roadway/open driving aisle outside a marked bay,34c443db5a3a90bccf980fc14a8a48f9275143c41dace05edeba2dfc7f9a3865,0421a0057f13b88de36d79e2e37126f256e3a9b37775a1c21c3acb8404289a33,original full scene plus numbered full-vehicle context crop inspected
IMG_007554,34c443db5a3a90bccf980fc14a8a48f9275143c41dace05edeba2dfc7f9a3865,T02,T02,T02,raw_0002,negative_ordinary_bay,ordinary_bay,REVIEWED_PIXELS_ORIGINAL_PLUS_CONTEXT_CROP,AI_VISUAL_REVIEWED_PROVISIONAL,False,False,vehicle visibly remains within one marked bay/designated parking area,34c443db5a3a90bccf980fc14a8a48f9275143c41dace05edeba2dfc7f9a3865,a4ec4d24fc10aae6c683e4ef0e613aeda21c1db5831fa9c944131de736951365,original full scene plus numbered full-vehicle context crop inspected
IMG_007554,34c443db5a3a90bccf980fc14a8a48f9275143c41dace05edeba2dfc7f9a3865,T03,T03,T03,raw_0003,negative_ordinary_bay,ordinary_bay,REVIEWED_PIXELS_ORIGINAL_PLUS_CONTEXT_CROP,AI_VISUAL_REVIEWED_PROVISIONAL,False,False,vehicle visibly remains within one marked bay/designated parking area,34c443db5a3a90bccf980fc14a8a48f9275143c41dace05edeba2dfc7f9a3865,f0a0a915ce457137de5efd0a959bd7af8c99312fdd3ea4dfbad8c82127609981,original full scene plus numbered full-vehicle context crop inspected
IMG_007554,34c443db5a3a90bccf980fc14a8a48f9275143c41dace05edeba2dfc7f9a3865,T04,T04,T04,raw_0004,negative_ordinary_bay,ordinary_bay,REVIEWED_PIXELS_ORIGINAL_PLUS_CONTEXT_CROP,AI_VISUAL_REVIEWED_PROVISIONAL,False,False,vehicle visibly remains within one marked bay/designated parking area,34c443db5a3a90bccf980fc14a8a48f9275143c41dace05edeba2dfc7f9a3865,aa4bc80520e2fd673ccda8ce036262d86d4c9777fbb0d0ded803df0c7dd27453,original full scene plus numbered full-vehicle context crop inspected
IMG_007524,262716fe416364a2a3c92434537b2182f1149ccca9ca2e6ec445c234da511fb1,T01,T01,T01,raw_0001,positive_road,road_positive,REVIEWED_PIXELS_ORIGINAL_PLUS_CONTEXT_CROP,AI_VISUAL_REVIEWED_PROVISIONAL,False,False,full vehicle visibly occupies roadway/open driving aisle outside a marked bay,262716fe416364a2a3c92434537b2182f1149ccca9ca2e6ec445c234da511fb1,51b6545d7adc930a95d0d762a68acc8def1f685b74e3a44ef9b4424023eb302b,original full scene plus numbered full-vehicle context crop inspected
IMG_007531,ad38ad7ee4e9725af3c640552f17acc6c63b0aa98be7acdf90f9d8007c8cad1b,T01,T01,T01,raw_0001,positive_road,road_positive,REVIEWED_PIXELS_ORIGINAL_PLUS_CONTEXT_CROP,AI_VISUAL_REVIEWED_PROVISIONAL,False,False,full vehicle visibly occupies roadway/open driving aisle outside a marked bay,ad38ad7ee4e9725af3c640552f17acc6c63b0aa98be7acdf90f9d8007c8cad1b,f0be035db14008bd546c51ca5f276fefa4c2918e3a3b755ed677a9f245cb0e91,original full scene plus numbered full-vehicle context crop inspected
IMG_007531,ad38ad7ee4e9725af3c640552f17acc6c63b0aa98be7acdf90f9d8007c8cad1b,T02,T02,T02,raw_0002,negative_ordinary_bay,ordinary_bay,REVIEWED_PIXELS_ORIGINAL_PLUS_CONTEXT_CROP,AI_VISUAL_REVIEWED_PROVISIONAL,False,False,vehicle visibly remains within one marked bay/designated parking area,ad38ad7ee4e9725af3c640552f17acc6c63b0aa98be7acdf90f9d8007c8cad1b,2a817cd6ceabc15b5b9db8102038960315b379315f5bec842a554645fdf1e7fd,original full scene plus numbered full-vehicle context crop inspected
IMG_007531,ad38ad7ee4e9725af3c640552f17acc6c63b0aa98be7acdf90f9d8007c8cad1b,T03,T03,T03,raw_0003,negative_ordinary_bay,ordinary_bay,REVIEWED_PIXELS_ORIGINAL_PLUS_CONTEXT_CROP,AI_VISUAL_REVIEWED_PROVISIONAL,False,False,vehicle visibly remains within one marked bay/designated parking area,ad38ad7ee4e9725af3c640552f17acc6c63b0aa98be7acdf90f9d8007c8cad1b,e3c24fded5c8922d3a419dabb3833a3bb4e0811f4fdba4961124c8368952ee2e,original full scene plus numbered full-vehicle context crop inspected
IMG_007531,ad38ad7ee4e9725af3c640552f17acc6c63b0aa98be7acdf90f9d8007c8cad1b,T04,T04,T04,raw_0004,negative_ordinary_bay,ordinary_bay,REVIEWED_PIXELS_ORIGINAL_PLUS_CONTEXT_CROP,AI_VISUAL_REVIEWED_PROVISIONAL,False,False,vehicle visibly remains within one marked bay/designated parking area,ad38ad7ee4e9725af3c640552f17acc6c63b0aa98be7acdf90f9d8007c8cad1b,1e6d6f8b18a6df6a07204048d4ccff811f3ef4a76acca3ad448b656118b96dcb,original full scene plus numbered full-vehicle context crop inspected
IMG_007536,ff8320b9fa229dbe4fb3bf943b793c1800c1922365781e5ddd47404f7e84c780,T01,T01,T01,raw_0001,positive_road,road_positive,REVIEWED_PIXELS_ORIGINAL_PLUS_CONTEXT_CROP,AI_VISUAL_REVIEWED_PROVISIONAL,False,False,full vehicle visibly occupies roadway/open driving aisle outside a marked bay,ff8320b9fa229dbe4fb3bf943b793c1800c1922365781e5ddd47404f7e84c780,e43a1d807e5bbd923f859f8c7d155d242ebb0655905d3675ac151f7c84227588,original full scene plus numbered full-vehicle context crop inspected
IMG_007536,ff8320b9fa229dbe4fb3bf943b793c1800c1922365781e5ddd47404f7e84c780,T02,T02,T02,raw_0002,negative_ordinary_bay,ordinary_bay,REVIEWED_PIXELS_ORIGINAL_PLUS_CONTEXT_CROP,AI_VISUAL_REVIEWED_PROVISIONAL,False,False,vehicle visibly remains within one marked bay/designated parking area,ff8320b9fa229dbe4fb3bf943b793c1800c1922365781e5ddd47404f7e84c780,50ad2028b007b897f8e504b5d1e99df31b1e804ba59f6b0ed0af00b299deb361,original full scene plus numbered full-vehicle context crop inspected
IMG_007536,ff8320b9fa229dbe4fb3bf943b793c1800c1922365781e5ddd47404f7e84c780,T03,T03,T03,raw_0003,negative_ordinary_bay,ordinary_bay,REVIEWED_PIXELS_ORIGINAL_PLUS_CONTEXT_CROP,AI_VISUAL_REVIEWED_PROVISIONAL,False,False,vehicle visibly remains within one marked bay/designated parking area,ff8320b9fa229dbe4fb3bf943b793c1800c1922365781e5ddd47404f7e84c780,43dc2ce00e393f3f3f6ebf3b249ef6281a4a77d3b14cb79d9d5e2a5ab0a9c749,original full scene plus numbered full-vehicle context crop inspected
IMG_007547,963a1794c8c5c7ca3f54267bcd2fc6c1c7bf0f8fd32286cf4d58edf6b5d7fe32,T01,T01,T01,raw_0001,positive_road,road_positive,REVIEWED_PIXELS_ORIGINAL_PLUS_CONTEXT_CROP,AI_VISUAL_REVIEWED_PROVISIONAL,False,False,full vehicle visibly occupies roadway/open driving aisle outside a marked bay,963a1794c8c5c7ca3f54267bcd2fc6c1c7bf0f8fd32286cf4d58edf6b5d7fe32,bb9e9a8b415bf4043c4837f73074de2bf21d6931f6103e16a0eb0a0ebd95cf4d,original full scene plus numbered full-vehicle context crop inspected
IMG_007547,963a1794c8c5c7ca3f54267bcd2fc6c1c7bf0f8fd32286cf4d58edf6b5d7fe32,T02,T02,T02,raw_0002,negative_ordinary_bay,ordinary_bay,REVIEWED_PIXELS_ORIGINAL_PLUS_CONTEXT_CROP,AI_VISUAL_REVIEWED_PROVISIONAL,False,False,vehicle visibly remains within one marked bay/designated parking area,963a1794c8c5c7ca3f54267bcd2fc6c1c7bf0f8fd32286cf4d58edf6b5d7fe32,09faf3e49a634e6bf175da63245d2b9b5043075063b402d093a6ebcdd967db28,original full scene plus numbered full-vehicle context crop inspected
IMG_007547,963a1794c8c5c7ca3f54267bcd2fc6c1c7bf0f8fd32286cf4d58edf6b5d7fe32,T03,T03,T03,raw_0003,negative_ordinary_bay,ordinary_bay,REVIEWED_PIXELS_ORIGINAL_PLUS_CONTEXT_CROP,AI_VISUAL_REVIEWED_PROVISIONAL,False,False,vehicle visibly remains within one marked bay/designated parking area,963a1794c8c5c7ca3f54267bcd2fc6c1c7bf0f8fd32286cf4d58edf6b5d7fe32,416a0735b9857009f03c0919a526ec0fdaa41690c9619a14d226b5d19f31caf3,original full scene plus numbered full-vehicle context crop inspected
IMG_007547,963a1794c8c5c7ca3f54267bcd2fc6c1c7bf0f8fd32286cf4d58edf6b5d7fe32,T04,T04,T04,raw_0004,negative_ordinary_bay,ordinary_bay,REVIEWED_PIXELS_ORIGINAL_PLUS_CONTEXT_CROP,AI_VISUAL_REVIEWED_PROVISIONAL,False,False,vehicle visibly remains within one marked bay/designated parking area,963a1794c8c5c7ca3f54267bcd2fc6c1c7bf0f8fd32286cf4d58edf6b5d7fe32,97999c00539020f83993f8092910332c990c804e7e73cfdb657640eb7215e014,original full scene plus numbered full-vehicle context crop inspected
IMG_007527,2e417531062eed85ca3d715a29639e0b2722bdc5346a948272de66c159b70e28,T01,T01,T01,raw_0001,positive_road,road_positive,REVIEWED_PIXELS_ORIGINAL_PLUS_CONTEXT_CROP,AI_VISUAL_REVIEWED_PROVISIONAL,False,False,full vehicle visibly occupies roadway/open driving aisle outside a marked bay,2e417531062eed85ca3d715a29639e0b2722bdc5346a948272de66c159b70e28,fbe6416cb474953fa212c74be2072bdfd4452662a6abd14fa1aa5f20557b6136,original full scene plus numbered full-vehicle context crop inspected
IMG_007527,2e417531062eed85ca3d715a29639e0b2722bdc5346a948272de66c159b70e28,T02,T02,T02,raw_0003,negative_ordinary_bay,ordinary_bay,REVIEWED_PIXELS_ORIGINAL_PLUS_CONTEXT_CROP,AI_VISUAL_REVIEWED_PROVISIONAL,False,False,vehicle visibly remains within one marked bay/designated parking area,2e417531062eed85ca3d715a29639e0b2722bdc5346a948272de66c159b70e28,48c278d9cdbdf26f6e34f8a5779069e6965bde18d8c7487cc7999cd0d719baa6,original full scene plus numbered full-vehicle context crop inspected
IMG_007527,2e417531062eed85ca3d715a29639e0b2722bdc5346a948272de66c159b70e28,T03,T03,T03,raw_0004,negative_ordinary_bay,ordinary_bay,REVIEWED_PIXELS_ORIGINAL_PLUS_CONTEXT_CROP,AI_VISUAL_REVIEWED_PROVISIONAL,False,False,vehicle visibly remains within one marked bay/designated parking area,2e417531062eed85ca3d715a29639e0b2722bdc5346a948272de66c159b70e28,7116aa23eef8d3f326668d0141fa508bc0fedbbe6ea5cd4098cfba43c0a5300d,original full scene plus numbered full-vehicle context crop inspected
IMG_007527,2e417531062eed85ca3d715a29639e0b2722bdc5346a948272de66c159b70e28,T04,T04,T04,raw_0005,negative_ordinary_bay,ordinary_bay,REVIEWED_PIXELS_ORIGINAL_PLUS_CONTEXT_CROP,AI_VISUAL_REVIEWED_PROVISIONAL,False,False,vehicle visibly remains within one marked bay/designated parking area,2e417531062eed85ca3d715a29639e0b2722bdc5346a948272de66c159b70e28,ccbf86a0c176684ede69e30daf5a2f4b21dfc1d26a37e1d93a165b9f61af0c81,original full scene plus numbered full-vehicle context crop inspected
IMG_007527,2e417531062eed85ca3d715a29639e0b2722bdc5346a948272de66c159b70e28,T05,T05,T05,raw_0006,negative_ordinary_bay,ordinary_bay,REVIEWED_PIXELS_ORIGINAL_PLUS_CONTEXT_CROP,AI_VISUAL_REVIEWED_PROVISIONAL,False,False,vehicle visibly remains within one marked bay/designated parking area,2e417531062eed85ca3d715a29639e0b2722bdc5346a948272de66c159b70e28,f72be4b79a6654fac1cd0f2d525a087de05939a8be15a8624ba2545d3df4ca1e,original full scene plus numbered full-vehicle context crop inspected
IMG_007529,ce0389699c20b59dc2543bc4de4bd409bd193a120353c152ccde3a99a4770d07,T01,T01,T01,raw_0001,positive_road,road_positive,REVIEWED_PIXELS_ORIGINAL_PLUS_CONTEXT_CROP,AI_VISUAL_REVIEWED_PROVISIONAL,False,False,full vehicle visibly occupies roadway/open driving aisle outside a marked bay,ce0389699c20b59dc2543bc4de4bd409bd193a120353c152ccde3a99a4770d07,0b8d8dff2a2156733848fb96daaf3162265b158d181c875479cb734537cbae11,original full scene plus numbered full-vehicle context crop inspected
IMG_007542,627b93eb15fe18566af3499d9d1ff1b99458e8874451f36528b821f06c5388d6,T01,T01,T01,raw_0001,positive_road,road_positive,REVIEWED_PIXELS_ORIGINAL_PLUS_CONTEXT_CROP,AI_VISUAL_REVIEWED_PROVISIONAL,False,False,full vehicle visibly occupies roadway/open driving aisle outside a marked bay,627b93eb15fe18566af3499d9d1ff1b99458e8874451f36528b821f06c5388d6,d88fcacbf3c6a28645a23f4a646eb5120da586cb61b3632ff368ba6e64029aeb,original full scene plus numbered full-vehicle context crop inspected
IMG_007542,627b93eb15fe18566af3499d9d1ff1b99458e8874451f36528b821f06c5388d6,T02,T02,T02,raw_0002,negative_ordinary_bay,ordinary_bay,REVIEWED_PIXELS_ORIGINAL_PLUS_CONTEXT_CROP,AI_VISUAL_REVIEWED_PROVISIONAL,False,False,vehicle visibly remains within one marked bay/designated parking area,627b93eb15fe18566af3499d9d1ff1b99458e8874451f36528b821f06c5388d6,821bab21ca1e8bd987dd2d83f757304c013a5f037d424ba2f76a2d402154563f,original full scene plus numbered full-vehicle context crop inspected
IMG_007620,aa1a054f53554e3cef1dab60604b3bca6011e95d443b5f78d604cf4babcdd374,T01,T01,T01,raw_0001,positive_two_bays,two_bay_positive,REVIEWED_PIXELS_ORIGINAL_PLUS_CONTEXT_CROP,AI_VISUAL_REVIEWED_PROVISIONAL,False,False,context crop shows bay separator beneath substantive vehicle footprint with vehicle area on both sides,aa1a054f53554e3cef1dab60604b3bca6011e95d443b5f78d604cf4babcdd374,11920e89ac849793d312a48fafe788bcc8f2c2dd01b92ddf7e24ff077144107b,original full scene plus numbered full-vehicle context crop inspected
IMG_007620,aa1a054f53554e3cef1dab60604b3bca6011e95d443b5f78d604cf4babcdd374,T02,T02,T02,raw_0002,negative_ordinary_bay,ordinary_bay,REVIEWED_PIXELS_ORIGINAL_PLUS_CONTEXT_CROP,AI_VISUAL_REVIEWED_PROVISIONAL,False,False,vehicle visibly remains within one marked bay/designated parking area,aa1a054f53554e3cef1dab60604b3bca6011e95d443b5f78d604cf4babcdd374,29e86c21317fbc237ec28928141112b4d07879df8ccd5d5bc8396f48b4f5cde3,original full scene plus numbered full-vehicle context crop inspected
IMG_007620,aa1a054f53554e3cef1dab60604b3bca6011e95d443b5f78d604cf4babcdd374,T03,T03,T03,raw_0003,negative_ordinary_bay,ordinary_bay,REVIEWED_PIXELS_ORIGINAL_PLUS_CONTEXT_CROP,AI_VISUAL_REVIEWED_PROVISIONAL,False,False,vehicle visibly remains within one marked bay/designated parking area,aa1a054f53554e3cef1dab60604b3bca6011e95d443b5f78d604cf4babcdd374,8f4b357ae494f7dccc86368cb2a3dddcce8ca21c82089b97044589b227d6cd44,original full scene plus numbered full-vehicle context crop inspected
IMG_007620,aa1a054f53554e3cef1dab60604b3bca6011e95d443b5f78d604cf4babcdd374,T04,T04,T04,raw_0004,negative_ordinary_bay,ordinary_bay,REVIEWED_PIXELS_ORIGINAL_PLUS_CONTEXT_CROP,AI_VISUAL_REVIEWED_PROVISIONAL,False,False,vehicle visibly remains within one marked bay/designated parking area,aa1a054f53554e3cef1dab60604b3bca6011e95d443b5f78d604cf4babcdd374,b300608e7aa2d073d28c7ab31e1ee0a37cbf9735a22b471cbd021a23a7c63026,original full scene plus numbered full-vehicle context crop inspected
IMG_007620,aa1a054f53554e3cef1dab60604b3bca6011e95d443b5f78d604cf4babcdd374,T05,T05,T05,raw_0005,negative_ordinary_bay,ordinary_bay,REVIEWED_PIXELS_ORIGINAL_PLUS_CONTEXT_CROP,AI_VISUAL_REVIEWED_PROVISIONAL,False,False,vehicle visibly remains within one marked bay/designated parking area,aa1a054f53554e3cef1dab60604b3bca6011e95d443b5f78d604cf4babcdd374,3802b82d295c3bf05ecd3c048589e4ef69c3b05aaa027c36e3c9b95c5de49326,original full scene plus numbered full-vehicle context crop inspected
IMG_007598,3187844b1789cf8fd2e859424b78e02d7d817e0a8d2ac2a9954625abfc217217,T01,T01,T01,raw_0001,positive_two_bays,two_bay_positive,REVIEWED_PIXELS_ORIGINAL_PLUS_CONTEXT_CROP,AI_VISUAL_REVIEWED_PROVISIONAL,False,False,context crop shows bay separator beneath substantive vehicle footprint with vehicle area on both sides,3187844b1789cf8fd2e859424b78e02d7d817e0a8d2ac2a9954625abfc217217,2bc62e790cca099caab364efa1f92558cc7932c6b260cda12f3c5e461db8ead4,original full scene plus numbered full-vehicle context crop inspected
IMG_007598,3187844b1789cf8fd2e859424b78e02d7d817e0a8d2ac2a9954625abfc217217,T02,T02,T02,raw_0002,negative_ordinary_bay,ordinary_bay,REVIEWED_PIXELS_ORIGINAL_PLUS_CONTEXT_CROP,AI_VISUAL_REVIEWED_PROVISIONAL,False,False,vehicle visibly remains within one marked bay/designated parking area,3187844b1789cf8fd2e859424b78e02d7d817e0a8d2ac2a9954625abfc217217,0394788f2fc564e2f8d1b8814d9297e41af571b5e09b7a6b9a63232a9d577e69,original full scene plus numbered full-vehicle context crop inspected
IMG_007594,52fecb2cfdc2a375990b44ceadd6a0328e734844b7f80e0b820e966778e1d0b1,T01,T01,T01,raw_0001,negative_ordinary_bay,ordinary_bay,REVIEWED_PIXELS_ORIGINAL_PLUS_CONTEXT_CROP,AI_VISUAL_REVIEWED_PROVISIONAL,False,False,vehicle visibly remains within one marked bay/designated parking area,52fecb2cfdc2a375990b44ceadd6a0328e734844b7f80e0b820e966778e1d0b1,f8f970b0911acc046684579a7cdbad7c8b3be74f8dd0fe10b841ed9b90f6f29e,original full scene plus numbered full-vehicle context crop inspected
IMG_007594,52fecb2cfdc2a375990b44ceadd6a0328e734844b7f80e0b820e966778e1d0b1,T02,T02,T02,raw_0002,positive_two_bays,two_bay_positive,REVIEWED_PIXELS_ORIGINAL_PLUS_CONTEXT_CROP,AI_VISUAL_REVIEWED_PROVISIONAL,False,False,context crop shows bay separator beneath substantive vehicle footprint with vehicle area on both sides,52fecb2cfdc2a375990b44ceadd6a0328e734844b7f80e0b820e966778e1d0b1,5e32b3738c2c50e031523b3d5884f45d1ff4b52712d9ded56e3b64cf68ea9a0a,original full scene plus numbered full-vehicle context crop inspected
IMG_007594,52fecb2cfdc2a375990b44ceadd6a0328e734844b7f80e0b820e966778e1d0b1,T03,T03,T03,raw_0003,negative_ordinary_bay,ordinary_bay,REVIEWED_PIXELS_ORIGINAL_PLUS_CONTEXT_CROP,AI_VISUAL_REVIEWED_PROVISIONAL,False,False,vehicle visibly remains within one marked bay/designated parking area,52fecb2cfdc2a375990b44ceadd6a0328e734844b7f80e0b820e966778e1d0b1,48bb41676b92f2d03a85b0b73e546da0d3d9d892bb78999523b5c9165fe663d5,original full scene plus numbered full-vehicle context crop inspected
IMG_007594,52fecb2cfdc2a375990b44ceadd6a0328e734844b7f80e0b820e966778e1d0b1,T04,T04,T04,raw_0004,negative_ordinary_bay,ordinary_bay,REVIEWED_PIXELS_ORIGINAL_PLUS_CONTEXT_CROP,AI_VISUAL_REVIEWED_PROVISIONAL,False,False,vehicle visibly remains within one marked bay/designated parking area,52fecb2cfdc2a375990b44ceadd6a0328e734844b7f80e0b820e966778e1d0b1,8923767d486a8110a996289f115980a7656e582bfb0b05cb6dbf0d3de45f08c4,original full scene plus numbered full-vehicle context crop inspected
IMG_007594,52fecb2cfdc2a375990b44ceadd6a0328e734844b7f80e0b820e966778e1d0b1,T05,T05,T05,raw_0005,negative_ordinary_bay,ordinary_bay,REVIEWED_PIXELS_ORIGINAL_PLUS_CONTEXT_CROP,AI_VISUAL_REVIEWED_PROVISIONAL,False,False,vehicle visibly remains within one marked bay/designated parking area,52fecb2cfdc2a375990b44ceadd6a0328e734844b7f80e0b820e966778e1d0b1,78d0f7a35803e9ee017dd3e9f3537e85f3bf24eafb0ce63cf7f4b500901d8be0,original full scene plus numbered full-vehicle context crop inspected
IMG_007599,b7394782827a2372ed408429b1a7339ece7e7f20b9430d4f004e813f883cb25b,T01,T01,T01,raw_0001,positive_two_bays,two_bay_positive,REVIEWED_PIXELS_ORIGINAL_PLUS_CONTEXT_CROP,AI_VISUAL_REVIEWED_PROVISIONAL,False,False,context crop shows bay separator beneath substantive vehicle footprint with vehicle area on both sides,b7394782827a2372ed408429b1a7339ece7e7f20b9430d4f004e813f883cb25b,d1b0706a3cac80af7cdca1dc5eeb5830627a9433054a4f5260b59d70ea7cc399,original full scene plus numbered full-vehicle context crop inspected
IMG_007599,b7394782827a2372ed408429b1a7339ece7e7f20b9430d4f004e813f883cb25b,T02,T02,T02,raw_0002,negative_ordinary_bay,ordinary_bay,REVIEWED_PIXELS_ORIGINAL_PLUS_CONTEXT_CROP,AI_VISUAL_REVIEWED_PROVISIONAL,False,False,vehicle visibly remains within one marked bay/designated parking area,b7394782827a2372ed408429b1a7339ece7e7f20b9430d4f004e813f883cb25b,28d1dec28c91204eeab3cf76d892ce9b474c9ead518df74545cf3cdeaeb1cd3e,original full scene plus numbered full-vehicle context crop inspected
IMG_007599,b7394782827a2372ed408429b1a7339ece7e7f20b9430d4f004e813f883cb25b,T03,T03,T03,raw_0003,negative_ordinary_bay,ordinary_bay,REVIEWED_PIXELS_ORIGINAL_PLUS_CONTEXT_CROP,AI_VISUAL_REVIEWED_PROVISIONAL,False,False,vehicle visibly remains within one marked bay/designated parking area,b7394782827a2372ed408429b1a7339ece7e7f20b9430d4f004e813f883cb25b,9a65a7e0c88d8f56d4ebca354c2bc5cc26c830e80eaed2d89a2715cbc6d2cb2c,original full scene plus numbered full-vehicle context crop inspected
IMG_007603,7c54e1ed5972188c181242becb7170c5f33bb966e7bca852ce209dadfe278bf4,T01,T01,T01,raw_0001,negative_ordinary_bay,ordinary_bay,REVIEWED_PIXELS_ORIGINAL_PLUS_CONTEXT_CROP,AI_VISUAL_REVIEWED_PROVISIONAL,False,False,vehicle visibly remains within one marked bay/designated parking area,7c54e1ed5972188c181242becb7170c5f33bb966e7bca852ce209dadfe278bf4,8120e99230c70ff6f10029047d2aebc9d69f45bb0386423c07b83c799a09bfe7,original full scene plus numbered full-vehicle context crop inspected
IMG_007603,7c54e1ed5972188c181242becb7170c5f33bb966e7bca852ce209dadfe278bf4,T02,T02,T02,raw_0002,positive_two_bays,two_bay_positive,REVIEWED_PIXELS_ORIGINAL_PLUS_CONTEXT_CROP,AI_VISUAL_REVIEWED_PROVISIONAL,False,False,context crop shows bay separator beneath substantive vehicle footprint with vehicle area on both sides,7c54e1ed5972188c181242becb7170c5f33bb966e7bca852ce209dadfe278bf4,627a338ba85e44d8435ed18254745327ba3986f5b7eebbf06a6f97dee57a8358,original full scene plus numbered full-vehicle context crop inspected
IMG_007601,635e5c52f6a69bbc108df9de7227484b8c42d9aa6b9d3b76fc996483594c806c,T01,T01,T01,raw_0001,negative_ordinary_bay,ordinary_bay,REVIEWED_PIXELS_ORIGINAL_PLUS_CONTEXT_CROP,AI_VISUAL_REVIEWED_PROVISIONAL,False,False,vehicle visibly remains within one marked bay/designated parking area,635e5c52f6a69bbc108df9de7227484b8c42d9aa6b9d3b76fc996483594c806c,b4b2db192a6c3a48d58217558d585ed343e856cb545f7af22a6aa3c26f40ab87,original full scene plus numbered full-vehicle context crop inspected
IMG_007601,635e5c52f6a69bbc108df9de7227484b8c42d9aa6b9d3b76fc996483594c806c,T02,T02,T02,raw_0002,positive_two_bays,two_bay_positive,REVIEWED_PIXELS_ORIGINAL_PLUS_CONTEXT_CROP,AI_VISUAL_REVIEWED_PROVISIONAL,False,False,context crop shows bay separator beneath substantive vehicle footprint with vehicle area on both sides,635e5c52f6a69bbc108df9de7227484b8c42d9aa6b9d3b76fc996483594c806c,9c7556f65d5bcc52fe1eadf80d6cbad94bddab0ee713bf85d6c83057060f803f,original full scene plus numbered full-vehicle context crop inspected
IMG_007601,635e5c52f6a69bbc108df9de7227484b8c42d9aa6b9d3b76fc996483594c806c,T03,T03,T03,raw_0003,negative_ordinary_bay,ordinary_bay,REVIEWED_PIXELS_ORIGINAL_PLUS_CONTEXT_CROP,AI_VISUAL_REVIEWED_PROVISIONAL,False,False,vehicle visibly remains within one marked bay/designated parking area,635e5c52f6a69bbc108df9de7227484b8c42d9aa6b9d3b76fc996483594c806c,090708809c960cccc896f4701bd278f498e0666ed8fcf473ab8da79f310b8a7f,original full scene plus numbered full-vehicle context crop inspected
IMG_007601,635e5c52f6a69bbc108df9de7227484b8c42d9aa6b9d3b76fc996483594c806c,T04,T04,T04,raw_0004,negative_ordinary_bay,ordinary_bay,REVIEWED_PIXELS_ORIGINAL_PLUS_CONTEXT_CROP,AI_VISUAL_REVIEWED_PROVISIONAL,False,False,vehicle visibly remains within one marked bay/designated parking area,635e5c52f6a69bbc108df9de7227484b8c42d9aa6b9d3b76fc996483594c806c,147a1c26c93ca1211a3658871fb8d6c5fa29715e2e576134fa15fd43f9fde04a,original full scene plus numbered full-vehicle context crop inspected
IMG_007601,635e5c52f6a69bbc108df9de7227484b8c42d9aa6b9d3b76fc996483594c806c,T05,T05,T05,raw_0005,negative_ordinary_bay,ordinary_bay,REVIEWED_PIXELS_ORIGINAL_PLUS_CONTEXT_CROP,AI_VISUAL_REVIEWED_PROVISIONAL,False,False,vehicle visibly remains within one marked bay/designated parking area,635e5c52f6a69bbc108df9de7227484b8c42d9aa6b9d3b76fc996483594c806c,6a7073ab326bd22b54d4771222babe2d9e2dd5e38aa0fbcdbf887791a66981f3,original full scene plus numbered full-vehicle context crop inspected
IMG_007601,635e5c52f6a69bbc108df9de7227484b8c42d9aa6b9d3b76fc996483594c806c,T06,T06,T06,raw_0006,negative_ordinary_bay,ordinary_bay,REVIEWED_PIXELS_ORIGINAL_PLUS_CONTEXT_CROP,AI_VISUAL_REVIEWED_PROVISIONAL,False,False,vehicle visibly remains within one marked bay/designated parking area,635e5c52f6a69bbc108df9de7227484b8c42d9aa6b9d3b76fc996483594c806c,b26827e41a67f3554a00df0d2afec80d2d4c7c8957b25274fccf52959f16bb59,original full scene plus numbered full-vehicle context crop inspected
IMG_007601,635e5c52f6a69bbc108df9de7227484b8c42d9aa6b9d3b76fc996483594c806c,T07,T07,T07,raw_0007,negative_ordinary_bay,ordinary_bay,REVIEWED_PIXELS_ORIGINAL_PLUS_CONTEXT_CROP,AI_VISUAL_REVIEWED_PROVISIONAL,False,False,vehicle visibly remains within one marked bay/designated parking area,635e5c52f6a69bbc108df9de7227484b8c42d9aa6b9d3b76fc996483594c806c,987da5584eb2e16b8be7a0c7792f2ffbcb1b68b8c2ff9eec8802988a4cc7b510,original full scene plus numbered full-vehicle context crop inspected
IMG_007601,635e5c52f6a69bbc108df9de7227484b8c42d9aa6b9d3b76fc996483594c806c,T08,T08,T08,raw_0008,negative_ordinary_bay,ordinary_bay,REVIEWED_PIXELS_ORIGINAL_PLUS_CONTEXT_CROP,AI_VISUAL_REVIEWED_PROVISIONAL,False,False,vehicle visibly remains within one marked bay/designated parking area,635e5c52f6a69bbc108df9de7227484b8c42d9aa6b9d3b76fc996483594c806c,903f4731ad9a9a3a2be2901949b8601249b15cf557deb44597dbc9b100a0f5a0,original full scene plus numbered full-vehicle context crop inspected
IMG_007601,635e5c52f6a69bbc108df9de7227484b8c42d9aa6b9d3b76fc996483594c806c,T09,T09,T09,raw_0009,negative_ordinary_bay,ordinary_bay,REVIEWED_PIXELS_ORIGINAL_PLUS_CONTEXT_CROP,AI_VISUAL_REVIEWED_PROVISIONAL,False,False,vehicle visibly remains within one marked bay/designated parking area,635e5c52f6a69bbc108df9de7227484b8c42d9aa6b9d3b76fc996483594c806c,4d2a5e7ef1ff2d3c63009c859844421e8bc01cffca87f42ed4e9ccdc499077de,original full scene plus numbered full-vehicle context crop inspected
IMG_007612,b53ab51e67c6e4ca7a8e02874469dc3c0b7563c0d08cf91ec0c0e9c0d18f0af1,T01,T01,T01,raw_0001,positive_two_bays,two_bay_positive,REVIEWED_PIXELS_ORIGINAL_PLUS_CONTEXT_CROP,AI_VISUAL_REVIEWED_PROVISIONAL,False,False,context crop shows bay separator beneath substantive vehicle footprint with vehicle area on both sides,b53ab51e67c6e4ca7a8e02874469dc3c0b7563c0d08cf91ec0c0e9c0d18f0af1,fbf58bd0ec5ac5f0f012f404559376d71c55d5f7de9362f6b070b44d83e95d5b,original full scene plus numbered full-vehicle context crop inspected
IMG_007612,b53ab51e67c6e4ca7a8e02874469dc3c0b7563c0d08cf91ec0c0e9c0d18f0af1,T02,T02,T02,raw_0002,negative_ordinary_bay,ordinary_bay,REVIEWED_PIXELS_ORIGINAL_PLUS_CONTEXT_CROP,AI_VISUAL_REVIEWED_PROVISIONAL,False,False,vehicle visibly remains within one marked bay/designated parking area,b53ab51e67c6e4ca7a8e02874469dc3c0b7563c0d08cf91ec0c0e9c0d18f0af1,85f151a90abfbf78b189d8382909fa45f8e5ab6ac9db953855b9a29d27e899cc,original full scene plus numbered full-vehicle context crop inspected
IMG_007612,b53ab51e67c6e4ca7a8e02874469dc3c0b7563c0d08cf91ec0c0e9c0d18f0af1,T03,T03,T03,raw_0003,negative_ordinary_bay,ordinary_bay,REVIEWED_PIXELS_ORIGINAL_PLUS_CONTEXT_CROP,AI_VISUAL_REVIEWED_PROVISIONAL,False,False,vehicle visibly remains within one marked bay/designated parking area,b53ab51e67c6e4ca7a8e02874469dc3c0b7563c0d08cf91ec0c0e9c0d18f0af1,f0ab7d85bbcd509f732da6461f8539d5bcf3377c2754686e955c1b054bdefee5,original full scene plus numbered full-vehicle context crop inspected
IMG_007612,b53ab51e67c6e4ca7a8e02874469dc3c0b7563c0d08cf91ec0c0e9c0d18f0af1,T04,T04,T04,raw_0004,negative_ordinary_bay,ordinary_bay,REVIEWED_PIXELS_ORIGINAL_PLUS_CONTEXT_CROP,AI_VISUAL_REVIEWED_PROVISIONAL,False,False,vehicle visibly remains within one marked bay/designated parking area,b53ab51e67c6e4ca7a8e02874469dc3c0b7563c0d08cf91ec0c0e9c0d18f0af1,819a7c7380bcc2a187097c9bac02cbbac374a72119969f14e7cd4403f1ec880b,original full scene plus numbered full-vehicle context crop inspected
IMG_007612,b53ab51e67c6e4ca7a8e02874469dc3c0b7563c0d08cf91ec0c0e9c0d18f0af1,T05,T05,T05,raw_0005,negative_ordinary_bay,ordinary_bay,REVIEWED_PIXELS_ORIGINAL_PLUS_CONTEXT_CROP,AI_VISUAL_REVIEWED_PROVISIONAL,False,False,vehicle visibly remains within one marked bay/designated parking area,b53ab51e67c6e4ca7a8e02874469dc3c0b7563c0d08cf91ec0c0e9c0d18f0af1,14d0ce9d90035745ab3fb5ce214d58e17af96392d0da1623bf91ae55e41fbd72,original full scene plus numbered full-vehicle context crop inspected
IMG_007612,b53ab51e67c6e4ca7a8e02874469dc3c0b7563c0d08cf91ec0c0e9c0d18f0af1,T06,T06,T06,raw_0006,negative_ordinary_bay,ordinary_bay,REVIEWED_PIXELS_ORIGINAL_PLUS_CONTEXT_CROP,AI_VISUAL_REVIEWED_PROVISIONAL,False,False,vehicle visibly remains within one marked bay/designated parking area,b53ab51e67c6e4ca7a8e02874469dc3c0b7563c0d08cf91ec0c0e9c0d18f0af1,13cde7578a29dbae842febe35dc4f8a9819cdabfd5d57cfe8afbcfadb3bf08c9,original full scene plus numbered full-vehicle context crop inspected
IMG_007612,b53ab51e67c6e4ca7a8e02874469dc3c0b7563c0d08cf91ec0c0e9c0d18f0af1,T07,T07,T07,raw_0007,negative_ordinary_bay,ordinary_bay,REVIEWED_PIXELS_ORIGINAL_PLUS_CONTEXT_CROP,AI_VISUAL_REVIEWED_PROVISIONAL,False,False,vehicle visibly remains within one marked bay/designated parking area,b53ab51e67c6e4ca7a8e02874469dc3c0b7563c0d08cf91ec0c0e9c0d18f0af1,1e8d8fe289a1b5934d6890e724037614e6d5ade0c5af53b6b16aef5ffb96aadb,original full scene plus numbered full-vehicle context crop inspected
IMG_007612,b53ab51e67c6e4ca7a8e02874469dc3c0b7563c0d08cf91ec0c0e9c0d18f0af1,T08,T08,T08,raw_0008,negative_ordinary_bay,ordinary_bay,REVIEWED_PIXELS_ORIGINAL_PLUS_CONTEXT_CROP,AI_VISUAL_REVIEWED_PROVISIONAL,False,False,vehicle visibly remains within one marked bay/designated parking area,b53ab51e67c6e4ca7a8e02874469dc3c0b7563c0d08cf91ec0c0e9c0d18f0af1,7d94ef9991aff5e9c1c54c7f8203925f2fd10cbd6f250c336ca17436d58e234e,original full scene plus numbered full-vehicle context crop inspected
IMG_007612,b53ab51e67c6e4ca7a8e02874469dc3c0b7563c0d08cf91ec0c0e9c0d18f0af1,T09,T09,T09,raw_0009,negative_ordinary_bay,ordinary_bay,REVIEWED_PIXELS_ORIGINAL_PLUS_CONTEXT_CROP,AI_VISUAL_REVIEWED_PROVISIONAL,False,False,vehicle visibly remains within one marked bay/designated parking area,b53ab51e67c6e4ca7a8e02874469dc3c0b7563c0d08cf91ec0c0e9c0d18f0af1,55c98e4a1aef29f785fafeb463466535665183d17c281d7f21665e7e4ef6c054,original full scene plus numbered full-vehicle context crop inspected
IMG_007621,eb6200cb0efdaaac1b287d90fdf2a072c34eef2b48f330970cc61c1227f35846,T01,T01,T01,raw_0001,negative_ordinary_bay,ordinary_bay,REVIEWED_PIXELS_ORIGINAL_PLUS_CONTEXT_CROP,AI_VISUAL_REVIEWED_PROVISIONAL,False,False,vehicle visibly remains within one marked bay/designated parking area,eb6200cb0efdaaac1b287d90fdf2a072c34eef2b48f330970cc61c1227f35846,1c98c17bfa7e108a98476bfd802d951fe925dd611efe8abaf154baf14e67ac52,original full scene plus numbered full-vehicle context crop inspected
IMG_007621,eb6200cb0efdaaac1b287d90fdf2a072c34eef2b48f330970cc61c1227f35846,T02,T02,T02,raw_0002,negative_ordinary_bay,ordinary_bay,REVIEWED_PIXELS_ORIGINAL_PLUS_CONTEXT_CROP,AI_VISUAL_REVIEWED_PROVISIONAL,False,False,vehicle visibly remains within one marked bay/designated parking area,eb6200cb0efdaaac1b287d90fdf2a072c34eef2b48f330970cc61c1227f35846,7bdab43c3464a74d0900ed820b64fdbbf024b1c049a946037e8d5cd276f6271d,original full scene plus numbered full-vehicle context crop inspected
IMG_007621,eb6200cb0efdaaac1b287d90fdf2a072c34eef2b48f330970cc61c1227f35846,T03,T03,T03,raw_0003,positive_two_bays,two_bay_positive,REVIEWED_PIXELS_ORIGINAL_PLUS_CONTEXT_CROP,AI_VISUAL_REVIEWED_PROVISIONAL,False,False,context crop shows bay separator beneath substantive vehicle footprint with vehicle area on both sides,eb6200cb0efdaaac1b287d90fdf2a072c34eef2b48f330970cc61c1227f35846,b010bf403caaa65ff0352e5aadbb61d9358b4b61858a065990b0dfb002458387,original full scene plus numbered full-vehicle context crop inspected
IMG_007621,eb6200cb0efdaaac1b287d90fdf2a072c34eef2b48f330970cc61c1227f35846,T04,T04,T04,raw_0004,negative_ordinary_bay,ordinary_bay,REVIEWED_PIXELS_ORIGINAL_PLUS_CONTEXT_CROP,AI_VISUAL_REVIEWED_PROVISIONAL,False,False,vehicle visibly remains within one marked bay/designated parking area,eb6200cb0efdaaac1b287d90fdf2a072c34eef2b48f330970cc61c1227f35846,7a6d44d8516090103f2d4fda7160c6bca3dd0914b9a1e799d1f7fa62686dd04c,original full scene plus numbered full-vehicle context crop inspected
IMG_007621,eb6200cb0efdaaac1b287d90fdf2a072c34eef2b48f330970cc61c1227f35846,T05,T05,T05,raw_0005,negative_ordinary_bay,ordinary_bay,REVIEWED_PIXELS_ORIGINAL_PLUS_CONTEXT_CROP,AI_VISUAL_REVIEWED_PROVISIONAL,False,False,vehicle visibly remains within one marked bay/designated parking area,eb6200cb0efdaaac1b287d90fdf2a072c34eef2b48f330970cc61c1227f35846,712a5ad453019d1bf8611862b073c65a48c0c030205601396c5f3be6cfe20cd1,original full scene plus numbered full-vehicle context crop inspected
IMG_007621,eb6200cb0efdaaac1b287d90fdf2a072c34eef2b48f330970cc61c1227f35846,T06,T06,T06,raw_0006,negative_ordinary_bay,ordinary_bay,REVIEWED_PIXELS_ORIGINAL_PLUS_CONTEXT_CROP,AI_VISUAL_REVIEWED_PROVISIONAL,False,False,vehicle visibly remains within one marked bay/designated parking area,eb6200cb0efdaaac1b287d90fdf2a072c34eef2b48f330970cc61c1227f35846,94e81f54cc3638b1bce391f9e6ef3c7b820d25a3b476aa68af9a4dfc415608a6,original full scene plus numbered full-vehicle context crop inspected
IMG_007621,eb6200cb0efdaaac1b287d90fdf2a072c34eef2b48f330970cc61c1227f35846,T07,T07,T07,raw_0007,negative_ordinary_bay,ordinary_bay,REVIEWED_PIXELS_ORIGINAL_PLUS_CONTEXT_CROP,AI_VISUAL_REVIEWED_PROVISIONAL,False,False,vehicle visibly remains within one marked bay/designated parking area,eb6200cb0efdaaac1b287d90fdf2a072c34eef2b48f330970cc61c1227f35846,fb4482c80f8da595e45dba6a681ca771d59d958708a89cd3e155b4a855d7fb59,original full scene plus numbered full-vehicle context crop inspected
IMG_007621,eb6200cb0efdaaac1b287d90fdf2a072c34eef2b48f330970cc61c1227f35846,T08,T08,T08,raw_0008,negative_ordinary_bay,ordinary_bay,REVIEWED_PIXELS_ORIGINAL_PLUS_CONTEXT_CROP,AI_VISUAL_REVIEWED_PROVISIONAL,False,False,vehicle visibly remains within one marked bay/designated parking area,eb6200cb0efdaaac1b287d90fdf2a072c34eef2b48f330970cc61c1227f35846,d2ae9cd9c59eddf0b47a13a6656df691bb94735464d4381e5075eb69e20def72,original full scene plus numbered full-vehicle context crop inspected
IMG_007621,eb6200cb0efdaaac1b287d90fdf2a072c34eef2b48f330970cc61c1227f35846,T09,T09,T09,raw_0009,negative_ordinary_bay,ordinary_bay,REVIEWED_PIXELS_ORIGINAL_PLUS_CONTEXT_CROP,AI_VISUAL_REVIEWED_PROVISIONAL,False,False,vehicle visibly remains within one marked bay/designated parking area,eb6200cb0efdaaac1b287d90fdf2a072c34eef2b48f330970cc61c1227f35846,61db98c90658218053dd68127b4719593a60fecbc4339b61781868272a5f4d33,original full scene plus numbered full-vehicle context crop inspected
IMG_007621,eb6200cb0efdaaac1b287d90fdf2a072c34eef2b48f330970cc61c1227f35846,T10,T10,T10,raw_0010,negative_ordinary_bay,ordinary_bay,REVIEWED_PIXELS_ORIGINAL_PLUS_CONTEXT_CROP,AI_VISUAL_REVIEWED_PROVISIONAL,False,False,vehicle visibly remains within one marked bay/designated parking area,eb6200cb0efdaaac1b287d90fdf2a072c34eef2b48f330970cc61c1227f35846,844b03d26a2c990bc6d56ab0d8cb20eb9918db672b4dfda17762d0bcc230cb85,original full scene plus numbered full-vehicle context crop inspected
IMG_007617,bb9f96e8a24c76741e99cbcfb0bb0bbec45c15a731eb4003a50a8b49fc72be18,T01,T01,T01,raw_0001,positive_two_bays,two_bay_positive,REVIEWED_PIXELS_ORIGINAL_PLUS_CONTEXT_CROP,AI_VISUAL_REVIEWED_PROVISIONAL,False,False,context crop shows bay separator beneath substantive vehicle footprint with vehicle area on both sides,bb9f96e8a24c76741e99cbcfb0bb0bbec45c15a731eb4003a50a8b49fc72be18,6029762247afc5f16ec8755be486b6d115fe1e01cda7c256a37c2d09060106d8,original full scene plus numbered full-vehicle context crop inspected
IMG_007606,4c3161d0c72cc8aeffb0971eb4e719d82827cf4627386e3d07f770270aeb547e,T01,T01,T01,raw_0001,negative_ordinary_bay,ordinary_bay,REVIEWED_PIXELS_ORIGINAL_PLUS_CONTEXT_CROP,AI_VISUAL_REVIEWED_PROVISIONAL,False,False,vehicle visibly remains within one marked bay/designated parking area,4c3161d0c72cc8aeffb0971eb4e719d82827cf4627386e3d07f770270aeb547e,61ba37460e3bfe9a37dc1092c040eac7e8073a9a355faf483d9ee88927a6711c,original full scene plus numbered full-vehicle context crop inspected
IMG_007606,4c3161d0c72cc8aeffb0971eb4e719d82827cf4627386e3d07f770270aeb547e,T02,T02,T02,raw_0002,negative_ordinary_bay,ordinary_bay,REVIEWED_PIXELS_ORIGINAL_PLUS_CONTEXT_CROP,AI_VISUAL_REVIEWED_PROVISIONAL,False,False,vehicle visibly remains within one marked bay/designated parking area,4c3161d0c72cc8aeffb0971eb4e719d82827cf4627386e3d07f770270aeb547e,052d213af4d4057dfe1570c8aebfdb120197484642a78f4d1a569dc2442cea72,original full scene plus numbered full-vehicle context crop inspected
IMG_007606,4c3161d0c72cc8aeffb0971eb4e719d82827cf4627386e3d07f770270aeb547e,T03,T03,T03,raw_0003,positive_two_bays,two_bay_positive,REVIEWED_PIXELS_ORIGINAL_PLUS_CONTEXT_CROP,AI_VISUAL_REVIEWED_PROVISIONAL,False,False,context crop shows bay separator beneath substantive vehicle footprint with vehicle area on both sides,4c3161d0c72cc8aeffb0971eb4e719d82827cf4627386e3d07f770270aeb547e,16b954392ea69f7bdde97b96e5219b9c053328aa2cd80536173805194d8d7c99,original full scene plus numbered full-vehicle context crop inspected
IMG_007606,4c3161d0c72cc8aeffb0971eb4e719d82827cf4627386e3d07f770270aeb547e,T04,T04,T04,raw_0004,negative_ordinary_bay,ordinary_bay,REVIEWED_PIXELS_ORIGINAL_PLUS_CONTEXT_CROP,AI_VISUAL_REVIEWED_PROVISIONAL,False,False,vehicle visibly remains within one marked bay/designated parking area,4c3161d0c72cc8aeffb0971eb4e719d82827cf4627386e3d07f770270aeb547e,6b913e0d68a9d067951e51e5b8ffef429219239ce4b20058990601c8ba8108e2,original full scene plus numbered full-vehicle context crop inspected
IMG_007606,4c3161d0c72cc8aeffb0971eb4e719d82827cf4627386e3d07f770270aeb547e,T05,T05,T05,raw_0005,negative_ordinary_bay,ordinary_bay,REVIEWED_PIXELS_ORIGINAL_PLUS_CONTEXT_CROP,AI_VISUAL_REVIEWED_PROVISIONAL,False,False,vehicle visibly remains within one marked bay/designated parking area,4c3161d0c72cc8aeffb0971eb4e719d82827cf4627386e3d07f770270aeb547e,f67d4d8f2e28581440d4c4771e16916e67332b3e65434316f95b0d5ab4a62941,original full scene plus numbered full-vehicle context crop inspected
IMG_007602,98386e15dc5ef41f7e2573e8e5048834d0a4205aa29fc88875d3601fde598d34,T01,T01,T01,raw_0001,positive_two_bays,two_bay_positive,REVIEWED_PIXELS_ORIGINAL_PLUS_CONTEXT_CROP,AI_VISUAL_REVIEWED_PROVISIONAL,False,False,context crop shows bay separator beneath substantive vehicle footprint with vehicle area on both sides,98386e15dc5ef41f7e2573e8e5048834d0a4205aa29fc88875d3601fde598d34,5c8db4b2a41afb456d5b65315d4bdccd95d476fb712289b3b840f12b71c7032d,original full scene plus numbered full-vehicle context crop inspected
IMG_007602,98386e15dc5ef41f7e2573e8e5048834d0a4205aa29fc88875d3601fde598d34,T02,T02,T02,raw_0002,negative_ordinary_bay,ordinary_bay,REVIEWED_PIXELS_ORIGINAL_PLUS_CONTEXT_CROP,AI_VISUAL_REVIEWED_PROVISIONAL,False,False,vehicle visibly remains within one marked bay/designated parking area,98386e15dc5ef41f7e2573e8e5048834d0a4205aa29fc88875d3601fde598d34,3a1e00ec6a9c5af976439463c3a089dc00e418853a201c3103b48ba7a2c010b9,original full scene plus numbered full-vehicle context crop inspected
IMG_007611,35a5959bc49b68d1c99d3b86dd493860ee4d8ec8bbfc852d8a8ca0f9cbe56363,T01,T01,T01,raw_0001,positive_two_bays,two_bay_positive,REVIEWED_PIXELS_ORIGINAL_PLUS_CONTEXT_CROP,AI_VISUAL_REVIEWED_PROVISIONAL,False,False,context crop shows bay separator beneath substantive vehicle footprint with vehicle area on both sides,35a5959bc49b68d1c99d3b86dd493860ee4d8ec8bbfc852d8a8ca0f9cbe56363,aa21e94f76b7ca09b875d02f4df76c4ab5e818e3d42f0329842e8f169a886759,original full scene plus numbered full-vehicle context crop inspected
IMG_007650,707813ea7a7b2f00c73a07b4bda1a6467a0e6390bba6dfa883b1831d9dbd2739,T01,T01,T01,raw_0001,negative_ordinary_bay,ordinary_bay,REVIEWED_PIXELS_ORIGINAL_PLUS_CONTEXT_CROP,AI_VISUAL_REVIEWED_PROVISIONAL,False,False,vehicle visibly remains within one marked bay/designated parking area,707813ea7a7b2f00c73a07b4bda1a6467a0e6390bba6dfa883b1831d9dbd2739,08718ec10692bc80de486b1bd3e48e20cbd51bac6fcbbc097163cb03fcc356a4,original full scene plus numbered full-vehicle context crop inspected
IMG_007650,707813ea7a7b2f00c73a07b4bda1a6467a0e6390bba6dfa883b1831d9dbd2739,T02,T02,T02,raw_0002,negative_ordinary_bay,ordinary_bay,REVIEWED_PIXELS_ORIGINAL_PLUS_CONTEXT_CROP,AI_VISUAL_REVIEWED_PROVISIONAL,False,False,vehicle visibly remains within one marked bay/designated parking area,707813ea7a7b2f00c73a07b4bda1a6467a0e6390bba6dfa883b1831d9dbd2739,0fa4fd9044f7db33545531070051b733e3eee03b5c618bf2edadbf825969816d,original full scene plus numbered full-vehicle context crop inspected
IMG_007650,707813ea7a7b2f00c73a07b4bda1a6467a0e6390bba6dfa883b1831d9dbd2739,T03,T03,T03,raw_0003,negative_ordinary_bay,ordinary_bay,REVIEWED_PIXELS_ORIGINAL_PLUS_CONTEXT_CROP,AI_VISUAL_REVIEWED_PROVISIONAL,False,False,vehicle visibly remains within one marked bay/designated parking area,707813ea7a7b2f00c73a07b4bda1a6467a0e6390bba6dfa883b1831d9dbd2739,78dcfde2220ff580ae754792765e19314c7bc03ace664f65439b1fbc819b8613,original full scene plus numbered full-vehicle context crop inspected
IMG_007650,707813ea7a7b2f00c73a07b4bda1a6467a0e6390bba6dfa883b1831d9dbd2739,T04,T04,T04,raw_0004,positive_two_bays,two_bay_positive,REVIEWED_PIXELS_ORIGINAL_PLUS_CONTEXT_CROP,AI_VISUAL_REVIEWED_PROVISIONAL,False,False,context crop shows bay separator beneath substantive vehicle footprint with vehicle area on both sides,707813ea7a7b2f00c73a07b4bda1a6467a0e6390bba6dfa883b1831d9dbd2739,b304e585802b8e0226a6072737c86827ded0dbcccf2bd78c94d50aae42d34c12,original full scene plus numbered full-vehicle context crop inspected
IMG_007655,f2ae84613c6081fd7ad6517c3b54aee12af12e9ea22e99b023d785c59c2bbf84,T01,T01,T01,raw_0001,negative_ordinary_bay,ordinary_bay,REVIEWED_PIXELS_ORIGINAL_PLUS_CONTEXT_CROP,AI_VISUAL_REVIEWED_PROVISIONAL,False,False,vehicle visibly remains within one marked bay/designated parking area,f2ae84613c6081fd7ad6517c3b54aee12af12e9ea22e99b023d785c59c2bbf84,e9a70b51bfd12e4afbc86363ccddffde921a7fd44143b036999b652aac754243,original full scene plus numbered full-vehicle context crop inspected
IMG_007655,f2ae84613c6081fd7ad6517c3b54aee12af12e9ea22e99b023d785c59c2bbf84,T02,T02,T02,raw_0002,negative_ordinary_bay,ordinary_bay,REVIEWED_PIXELS_ORIGINAL_PLUS_CONTEXT_CROP,AI_VISUAL_REVIEWED_PROVISIONAL,False,False,vehicle visibly remains within one marked bay/designated parking area,f2ae84613c6081fd7ad6517c3b54aee12af12e9ea22e99b023d785c59c2bbf84,b3f505c677ac5a185ef05feb8a83e70b4867559a4a23286274251431a7f7104e,original full scene plus numbered full-vehicle context crop inspected
IMG_007655,f2ae84613c6081fd7ad6517c3b54aee12af12e9ea22e99b023d785c59c2bbf84,T03,T03,T03,raw_0003,negative_ordinary_bay,ordinary_bay,REVIEWED_PIXELS_ORIGINAL_PLUS_CONTEXT_CROP,AI_VISUAL_REVIEWED_PROVISIONAL,False,False,vehicle visibly remains within one marked bay/designated parking area,f2ae84613c6081fd7ad6517c3b54aee12af12e9ea22e99b023d785c59c2bbf84,3f0cd01a283ffd7efb3e0966281bbf4925f2330bf03d489b794d6229656ba7cf,original full scene plus numbered full-vehicle context crop inspected
IMG_007655,f2ae84613c6081fd7ad6517c3b54aee12af12e9ea22e99b023d785c59c2bbf84,T04,T04,T04,raw_0004,positive_two_bays,two_bay_positive,REVIEWED_PIXELS_ORIGINAL_PLUS_CONTEXT_CROP,AI_VISUAL_REVIEWED_PROVISIONAL,False,False,context crop shows bay separator beneath substantive vehicle footprint with vehicle area on both sides,f2ae84613c6081fd7ad6517c3b54aee12af12e9ea22e99b023d785c59c2bbf84,91f8cbcfa50def2827c137434175fd77a054f81a1541f3b1e956c73052ad5981,original full scene plus numbered full-vehicle context crop inspected
IMG_007655,f2ae84613c6081fd7ad6517c3b54aee12af12e9ea22e99b023d785c59c2bbf84,T05,T05,T05,raw_0006,negative_ordinary_bay,ordinary_bay,REVIEWED_PIXELS_ORIGINAL_PLUS_CONTEXT_CROP,AI_VISUAL_REVIEWED_PROVISIONAL,False,False,vehicle visibly remains within one marked bay/designated parking area,f2ae84613c6081fd7ad6517c3b54aee12af12e9ea22e99b023d785c59c2bbf84,a0a3dee7e33c2bd06ea763682fd6c45032a756fb78653eeddbdb2852ee585a1f,original full scene plus numbered full-vehicle context crop inspected
IMG_007652,051cf35297a38c1ad2ae3f3ff27c6de0d70e34101e77d06e4526557ab1c25d2c,T01,T01,T01,raw_0001,positive_road,road_positive,REVIEWED_PIXELS_ORIGINAL_PLUS_CONTEXT_CROP,AI_VISUAL_REVIEWED_PROVISIONAL,False,False,full vehicle visibly occupies roadway/open driving aisle outside a marked bay,051cf35297a38c1ad2ae3f3ff27c6de0d70e34101e77d06e4526557ab1c25d2c,235eebfb3d1a08da8935221dd5f27a764744d0e2b4e557d860f96c0962586d58,original full scene plus numbered full-vehicle context crop inspected
IMG_007652,051cf35297a38c1ad2ae3f3ff27c6de0d70e34101e77d06e4526557ab1c25d2c,T02,T02,T02,raw_0002,negative_ordinary_bay,ordinary_bay,REVIEWED_PIXELS_ORIGINAL_PLUS_CONTEXT_CROP,AI_VISUAL_REVIEWED_PROVISIONAL,False,False,vehicle visibly remains within one marked bay/designated parking area,051cf35297a38c1ad2ae3f3ff27c6de0d70e34101e77d06e4526557ab1c25d2c,832d487018011924610e6e095d49ba849ba85889df547ac603100389ca89a389,original full scene plus numbered full-vehicle context crop inspected
IMG_007652,051cf35297a38c1ad2ae3f3ff27c6de0d70e34101e77d06e4526557ab1c25d2c,T03,T03,T03,raw_0003,negative_ordinary_bay,ordinary_bay,REVIEWED_PIXELS_ORIGINAL_PLUS_CONTEXT_CROP,AI_VISUAL_REVIEWED_PROVISIONAL,False,False,vehicle visibly remains within one marked bay/designated parking area,051cf35297a38c1ad2ae3f3ff27c6de0d70e34101e77d06e4526557ab1c25d2c,5e32ddeb83f2e46623366c5cfb0636b8c0d51c19d1c58f8855b23d965e83ee70,original full scene plus numbered full-vehicle context crop inspected
IMG_007652,051cf35297a38c1ad2ae3f3ff27c6de0d70e34101e77d06e4526557ab1c25d2c,T04,T04,T04,raw_0004,negative_ordinary_bay,ordinary_bay,REVIEWED_PIXELS_ORIGINAL_PLUS_CONTEXT_CROP,AI_VISUAL_REVIEWED_PROVISIONAL,False,False,vehicle visibly remains within one marked bay/designated parking area,051cf35297a38c1ad2ae3f3ff27c6de0d70e34101e77d06e4526557ab1c25d2c,aace360b3545704bfc11c8b72784a6b61bace5a1453859ef4b8eb9b0df8bce58,original full scene plus numbered full-vehicle context crop inspected
IMG_007652,051cf35297a38c1ad2ae3f3ff27c6de0d70e34101e77d06e4526557ab1c25d2c,T05,T05,T05,raw_0005,negative_ordinary_bay,ordinary_bay,REVIEWED_PIXELS_ORIGINAL_PLUS_CONTEXT_CROP,AI_VISUAL_REVIEWED_PROVISIONAL,False,False,vehicle visibly remains within one marked bay/designated parking area,051cf35297a38c1ad2ae3f3ff27c6de0d70e34101e77d06e4526557ab1c25d2c,be428030fdac5cb70eb5bbc9f75c4592a465c0b40d71917c524fc5fb4314ecc0,original full scene plus numbered full-vehicle context crop inspected
IMG_007664,85c36cc890c4d967ee2f83a7432a00c10149a7a1522c1f7569ed776bf178417e,T01,T01,T01,raw_0001,positive_two_bays,two_bay_positive,REVIEWED_PIXELS_ORIGINAL_PLUS_CONTEXT_CROP,AI_VISUAL_REVIEWED_PROVISIONAL,False,False,context crop shows bay separator beneath substantive vehicle footprint with vehicle area on both sides,85c36cc890c4d967ee2f83a7432a00c10149a7a1522c1f7569ed776bf178417e,eac68709a2648aabf8898c1c186354eb013f46b5d9106b16cc4aff38c150100a,original full scene plus numbered full-vehicle context crop inspected
IMG_007664,85c36cc890c4d967ee2f83a7432a00c10149a7a1522c1f7569ed776bf178417e,T02,T02,T02,raw_0002,negative_ordinary_bay,ordinary_bay,REVIEWED_PIXELS_ORIGINAL_PLUS_CONTEXT_CROP,AI_VISUAL_REVIEWED_PROVISIONAL,False,False,vehicle visibly remains within one marked bay/designated parking area,85c36cc890c4d967ee2f83a7432a00c10149a7a1522c1f7569ed776bf178417e,7a5bdce7d55004ba9ae6633a7fdd41682413b7dfc13284a99606595351ff9d98,original full scene plus numbered full-vehicle context crop inspected
IMG_007664,85c36cc890c4d967ee2f83a7432a00c10149a7a1522c1f7569ed776bf178417e,T03,T03,T03,raw_0003,negative_ordinary_bay,ordinary_bay,REVIEWED_PIXELS_ORIGINAL_PLUS_CONTEXT_CROP,AI_VISUAL_REVIEWED_PROVISIONAL,False,False,vehicle visibly remains within one marked bay/designated parking area,85c36cc890c4d967ee2f83a7432a00c10149a7a1522c1f7569ed776bf178417e,ea9bb3255e87aa0933f5b40cc4708aff06bb9668beb502551136789d4a3b295a,original full scene plus numbered full-vehicle context crop inspected
IMG_007664,85c36cc890c4d967ee2f83a7432a00c10149a7a1522c1f7569ed776bf178417e,T04,T04,T04,raw_0004,negative_ordinary_bay,ordinary_bay,REVIEWED_PIXELS_ORIGINAL_PLUS_CONTEXT_CROP,AI_VISUAL_REVIEWED_PROVISIONAL,False,False,vehicle visibly remains within one marked bay/designated parking area,85c36cc890c4d967ee2f83a7432a00c10149a7a1522c1f7569ed776bf178417e,65309bbacb86be689db0e5808deef86a7f7cd1b111f59b7f73c68baba7a5e606,original full scene plus numbered full-vehicle context crop inspected
IMG_007664,85c36cc890c4d967ee2f83a7432a00c10149a7a1522c1f7569ed776bf178417e,T05,T05,T05,raw_0005,negative_ordinary_bay,ordinary_bay,REVIEWED_PIXELS_ORIGINAL_PLUS_CONTEXT_CROP,AI_VISUAL_REVIEWED_PROVISIONAL,False,False,vehicle visibly remains within one marked bay/designated parking area,85c36cc890c4d967ee2f83a7432a00c10149a7a1522c1f7569ed776bf178417e,725c72f4d55e85974f496e50ab8dbdeb603ec05698b3ff73eb1e60f4a2c8d72c,original full scene plus numbered full-vehicle context crop inspected
IMG_007658,b342ab3fa54b278ed3df9f1422768a78ef039394c61b9e83f29c4ed8df3c5e92,T01,T01,T01,raw_0001,positive_road,road_positive,REVIEWED_PIXELS_ORIGINAL_PLUS_CONTEXT_CROP,AI_VISUAL_REVIEWED_PROVISIONAL,False,False,full vehicle visibly occupies roadway/open driving aisle outside a marked bay,b342ab3fa54b278ed3df9f1422768a78ef039394c61b9e83f29c4ed8df3c5e92,59d0c808ea35c73032fbec0acad5dd0773088ee468c47624b3769c1c9f6effbe,original full scene plus numbered full-vehicle context crop inspected
IMG_007658,b342ab3fa54b278ed3df9f1422768a78ef039394c61b9e83f29c4ed8df3c5e92,T02,T02,T02,raw_0002,negative_ordinary_bay,ordinary_bay,REVIEWED_PIXELS_ORIGINAL_PLUS_CONTEXT_CROP,AI_VISUAL_REVIEWED_PROVISIONAL,False,False,vehicle visibly remains within one marked bay/designated parking area,b342ab3fa54b278ed3df9f1422768a78ef039394c61b9e83f29c4ed8df3c5e92,c08623613d283debb3cdcbf483a6364943fce2159539c3293c7b474930621097,original full scene plus numbered full-vehicle context crop inspected
IMG_007658,b342ab3fa54b278ed3df9f1422768a78ef039394c61b9e83f29c4ed8df3c5e92,T03,T03,T03,raw_0003,negative_ordinary_bay,ordinary_bay,REVIEWED_PIXELS_ORIGINAL_PLUS_CONTEXT_CROP,AI_VISUAL_REVIEWED_PROVISIONAL,False,False,vehicle visibly remains within one marked bay/designated parking area,b342ab3fa54b278ed3df9f1422768a78ef039394c61b9e83f29c4ed8df3c5e92,2dafa786c0f907b0f49ad8a97a4304595d278d9fa461548e24edf71df48e008b,original full scene plus numbered full-vehicle context crop inspected
IMG_007658,b342ab3fa54b278ed3df9f1422768a78ef039394c61b9e83f29c4ed8df3c5e92,T04,T04,T04,raw_0004,negative_ordinary_bay,ordinary_bay,REVIEWED_PIXELS_ORIGINAL_PLUS_CONTEXT_CROP,AI_VISUAL_REVIEWED_PROVISIONAL,False,False,vehicle visibly remains within one marked bay/designated parking area,b342ab3fa54b278ed3df9f1422768a78ef039394c61b9e83f29c4ed8df3c5e92,09485cd026e518f9e2b92db018169df0ec0ac89be8b221ae73b02834be82224b,original full scene plus numbered full-vehicle context crop inspected
IMG_007647,acb8803cbfb955dc0a72690c938c86f7ca8a561fcce3ede8e58514f288819b02,T01,T01,T01,raw_0001,negative_ordinary_bay,ordinary_bay,REVIEWED_PIXELS_ORIGINAL_PLUS_CONTEXT_CROP,AI_VISUAL_REVIEWED_PROVISIONAL,False,False,vehicle visibly remains within one marked bay/designated parking area,acb8803cbfb955dc0a72690c938c86f7ca8a561fcce3ede8e58514f288819b02,9e05ecc2907e9b2aee96c5a80fbb0f0f61e1f880389e718df34c746f33eb92d7,original full scene plus numbered full-vehicle context crop inspected
IMG_007647,acb8803cbfb955dc0a72690c938c86f7ca8a561fcce3ede8e58514f288819b02,T02,T02,T02,raw_0002,negative_ordinary_bay,ordinary_bay,REVIEWED_PIXELS_ORIGINAL_PLUS_CONTEXT_CROP,AI_VISUAL_REVIEWED_PROVISIONAL,False,False,vehicle visibly remains within one marked bay/designated parking area,acb8803cbfb955dc0a72690c938c86f7ca8a561fcce3ede8e58514f288819b02,f5bca6f407d2c53e98617cd4c38a5e879ca57eb4d6c7a40a585d9e520be48b61,original full scene plus numbered full-vehicle context crop inspected
IMG_007647,acb8803cbfb955dc0a72690c938c86f7ca8a561fcce3ede8e58514f288819b02,T03,T03,T03,raw_0003,positive_two_bays,two_bay_positive,REVIEWED_PIXELS_ORIGINAL_PLUS_CONTEXT_CROP,AI_VISUAL_REVIEWED_PROVISIONAL,False,False,context crop shows bay separator beneath substantive vehicle footprint with vehicle area on both sides,acb8803cbfb955dc0a72690c938c86f7ca8a561fcce3ede8e58514f288819b02,0c8333cd90c4b615aab6935ddadec6610dece461af4f3d643a7bc37e050932e2,original full scene plus numbered full-vehicle context crop inspected
IMG_007647,acb8803cbfb955dc0a72690c938c86f7ca8a561fcce3ede8e58514f288819b02,T04,T04,T04,raw_0004,negative_ordinary_bay,ordinary_bay,REVIEWED_PIXELS_ORIGINAL_PLUS_CONTEXT_CROP,AI_VISUAL_REVIEWED_PROVISIONAL,False,False,vehicle visibly remains within one marked bay/designated parking area,acb8803cbfb955dc0a72690c938c86f7ca8a561fcce3ede8e58514f288819b02,540d0379ffd9b874208b7225e94305d362d6d7e5851050feedea53e11c2d4e0f,original full scene plus numbered full-vehicle context crop inspected
IMG_007665,99acaa870bcf567c9b87e27d38c472d6eae743614657842a19deed195379630b,T01,T01,T01,raw_0001,negative_ordinary_bay,ordinary_bay,REVIEWED_PIXELS_ORIGINAL_PLUS_CONTEXT_CROP,AI_VISUAL_REVIEWED_PROVISIONAL,False,False,vehicle visibly remains within one marked bay/designated parking area,99acaa870bcf567c9b87e27d38c472d6eae743614657842a19deed195379630b,0c8433a4e4ea93b1a7f94a020b2bd9f823927f8d2ddd4d9e027f0e16428f5c46,original full scene plus numbered full-vehicle context crop inspected
IMG_007665,99acaa870bcf567c9b87e27d38c472d6eae743614657842a19deed195379630b,T02,T02,T02,raw_0002,negative_ordinary_bay,ordinary_bay,REVIEWED_PIXELS_ORIGINAL_PLUS_CONTEXT_CROP,AI_VISUAL_REVIEWED_PROVISIONAL,False,False,vehicle visibly remains within one marked bay/designated parking area,99acaa870bcf567c9b87e27d38c472d6eae743614657842a19deed195379630b,f338c1e777706fa6f7fa56112f2ab489c59cbf85873ea6459c6a4c6183049841,original full scene plus numbered full-vehicle context crop inspected
IMG_007665,99acaa870bcf567c9b87e27d38c472d6eae743614657842a19deed195379630b,T03,T03,T03,raw_0003,positive_two_bays,two_bay_positive,REVIEWED_PIXELS_ORIGINAL_PLUS_CONTEXT_CROP,AI_VISUAL_REVIEWED_PROVISIONAL,False,False,context crop shows bay separator beneath substantive vehicle footprint with vehicle area on both sides,99acaa870bcf567c9b87e27d38c472d6eae743614657842a19deed195379630b,ae9ae4c0765c0070899b411824e5eeb9cab50b9257e8034c4451b69e211d02a3,original full scene plus numbered full-vehicle context crop inspected
IMG_007665,99acaa870bcf567c9b87e27d38c472d6eae743614657842a19deed195379630b,T04,T04,T04,raw_0004,negative_ordinary_bay,ordinary_bay,REVIEWED_PIXELS_ORIGINAL_PLUS_CONTEXT_CROP,AI_VISUAL_REVIEWED_PROVISIONAL,False,False,vehicle visibly remains within one marked bay/designated parking area,99acaa870bcf567c9b87e27d38c472d6eae743614657842a19deed195379630b,13dcb293549ab9251658cf9956c2017ab1fb65aaaba4a0034fe24c2576f4aa2e,original full scene plus numbered full-vehicle context crop inspected
IMG_007661,beaa3b6552e92a51eb1e0fd521dd742306700cd09b1fa722e379806b8f9c3cc0,T01,T01,T01,raw_0001,positive_two_bays,two_bay_positive,REVIEWED_PIXELS_ORIGINAL_PLUS_CONTEXT_CROP,AI_VISUAL_REVIEWED_PROVISIONAL,False,False,context crop shows bay separator beneath substantive vehicle footprint with vehicle area on both sides,beaa3b6552e92a51eb1e0fd521dd742306700cd09b1fa722e379806b8f9c3cc0,895679a65384679e809c69103eb04c6ab4fc3cded41e688818fab07d6f25f187,original full scene plus numbered full-vehicle context crop inspected
IMG_007661,beaa3b6552e92a51eb1e0fd521dd742306700cd09b1fa722e379806b8f9c3cc0,T02,T02,T02,raw_0002,negative_ordinary_bay,ordinary_bay,REVIEWED_PIXELS_ORIGINAL_PLUS_CONTEXT_CROP,AI_VISUAL_REVIEWED_PROVISIONAL,False,False,vehicle visibly remains within one marked bay/designated parking area,beaa3b6552e92a51eb1e0fd521dd742306700cd09b1fa722e379806b8f9c3cc0,58b85358f01f6b26882c5934dfe62f05a9f349045e74db22d3d644e3851da5ff,original full scene plus numbered full-vehicle context crop inspected
IMG_007661,beaa3b6552e92a51eb1e0fd521dd742306700cd09b1fa722e379806b8f9c3cc0,T03,T03,T03,raw_0003,negative_ordinary_bay,ordinary_bay,REVIEWED_PIXELS_ORIGINAL_PLUS_CONTEXT_CROP,AI_VISUAL_REVIEWED_PROVISIONAL,False,False,vehicle visibly remains within one marked bay/designated parking area,beaa3b6552e92a51eb1e0fd521dd742306700cd09b1fa722e379806b8f9c3cc0,89f680252249d5fcbca482190c58ca8f443dff4af9e2fecba19dba3e5d440838,original full scene plus numbered full-vehicle context crop inspected
IMG_007661,beaa3b6552e92a51eb1e0fd521dd742306700cd09b1fa722e379806b8f9c3cc0,T04,T04,T04,raw_0004,negative_ordinary_bay,ordinary_bay,REVIEWED_PIXELS_ORIGINAL_PLUS_CONTEXT_CROP,AI_VISUAL_REVIEWED_PROVISIONAL,False,False,vehicle visibly remains within one marked bay/designated parking area,beaa3b6552e92a51eb1e0fd521dd742306700cd09b1fa722e379806b8f9c3cc0,24305b9d6db6c4125d2e609f932fdbbe535e03792b11634e3eabf54b3934f1b7,original full scene plus numbered full-vehicle context crop inspected
IMG_007580,2cc8d12dd6b689e39766a0cf398eccec256db57af4e3d795b29fbfe14123f0a7,T01,T01,T01,raw_0001,negative_line_touch,line_touch,REVIEWED_PIXELS_ORIGINAL_PLUS_CONTEXT_CROP,AI_VISUAL_REVIEWED_PROVISIONAL,False,False,single line contact/crossing visible without substantive two-bay occupancy,2cc8d12dd6b689e39766a0cf398eccec256db57af4e3d795b29fbfe14123f0a7,a9b8373b88c3e478cb4dd417c26eb7c028e25f93fee7d91bc4a24a14a4cc4982,original full scene plus numbered full-vehicle context crop inspected
IMG_007580,2cc8d12dd6b689e39766a0cf398eccec256db57af4e3d795b29fbfe14123f0a7,T02,T02,T02,raw_0002,negative_line_touch,line_touch,REVIEWED_PIXELS_ORIGINAL_PLUS_CONTEXT_CROP,AI_VISUAL_REVIEWED_PROVISIONAL,False,False,single line contact/crossing visible without substantive two-bay occupancy,2cc8d12dd6b689e39766a0cf398eccec256db57af4e3d795b29fbfe14123f0a7,1b3e40212ec06e43e39d1d0dd813485f879561d7a8ed7c02f03f0fda24058e49,original full scene plus numbered full-vehicle context crop inspected
IMG_007580,2cc8d12dd6b689e39766a0cf398eccec256db57af4e3d795b29fbfe14123f0a7,T03,T03,T03,raw_0003,negative_line_touch,line_touch,REVIEWED_PIXELS_ORIGINAL_PLUS_CONTEXT_CROP,AI_VISUAL_REVIEWED_PROVISIONAL,False,False,single line contact/crossing visible without substantive two-bay occupancy,2cc8d12dd6b689e39766a0cf398eccec256db57af4e3d795b29fbfe14123f0a7,2d68c88c294ab4680946a69171ab15293684159ae358d73eadbc75c2cbb8c634,original full scene plus numbered full-vehicle context crop inspected
IMG_007580,2cc8d12dd6b689e39766a0cf398eccec256db57af4e3d795b29fbfe14123f0a7,T04,T04,T04,raw_0004,negative_line_touch,line_touch,REVIEWED_PIXELS_ORIGINAL_PLUS_CONTEXT_CROP,AI_VISUAL_REVIEWED_PROVISIONAL,False,False,single line contact/crossing visible without substantive two-bay occupancy,2cc8d12dd6b689e39766a0cf398eccec256db57af4e3d795b29fbfe14123f0a7,83ca5d2c1cb8b5ca4ebeac081539435022681fbe7b96d68ac0f282d06a4f8775,original full scene plus numbered full-vehicle context crop inspected
IMG_007585,09919ee92ec0b250a631597105f6b82b093a9dabf191cd11e169c900658e1507,T01,T01,T01,raw_0001,negative_line_touch,line_touch,REVIEWED_PIXELS_ORIGINAL_PLUS_CONTEXT_CROP,AI_VISUAL_REVIEWED_PROVISIONAL,False,False,single line contact/crossing visible without substantive two-bay occupancy,09919ee92ec0b250a631597105f6b82b093a9dabf191cd11e169c900658e1507,7e1f6f0e252621c9b339885a9c8876af73f76a09b4cf32ba424e9e62f905fac1,original full scene plus numbered full-vehicle context crop inspected
IMG_007585,09919ee92ec0b250a631597105f6b82b093a9dabf191cd11e169c900658e1507,T02,T02,T02,raw_0002,negative_line_touch,line_touch,REVIEWED_PIXELS_ORIGINAL_PLUS_CONTEXT_CROP,AI_VISUAL_REVIEWED_PROVISIONAL,False,False,single line contact/crossing visible without substantive two-bay occupancy,09919ee92ec0b250a631597105f6b82b093a9dabf191cd11e169c900658e1507,7274a2d84eb8260295f28086f090b172d4fafc04fa5eb1449fcd777efe77d091,original full scene plus numbered full-vehicle context crop inspected
IMG_007585,09919ee92ec0b250a631597105f6b82b093a9dabf191cd11e169c900658e1507,T03,T03,T03,raw_0003,negative_line_touch,line_touch,REVIEWED_PIXELS_ORIGINAL_PLUS_CONTEXT_CROP,AI_VISUAL_REVIEWED_PROVISIONAL,False,False,single line contact/crossing visible without substantive two-bay occupancy,09919ee92ec0b250a631597105f6b82b093a9dabf191cd11e169c900658e1507,b9e5d787bdeb3b3b615c9cf6c4ad72d6a94af4ecd2aec81088e511e241c480ce,original full scene plus numbered full-vehicle context crop inspected
IMG_007570,564f57abeb11621386bd15d9a8794853f850271391be84a01e64d35f42eb0181,T01,T01,T01,raw_0001,negative_line_touch,line_touch,REVIEWED_PIXELS_ORIGINAL_PLUS_CONTEXT_CROP,AI_VISUAL_REVIEWED_PROVISIONAL,False,False,single line contact/crossing visible without substantive two-bay occupancy,564f57abeb11621386bd15d9a8794853f850271391be84a01e64d35f42eb0181,6817f01ed4bdc6d20aaaf5a872600d31831216f5f780e74c231789e0d39ed767,original full scene plus numbered full-vehicle context crop inspected
IMG_007570,564f57abeb11621386bd15d9a8794853f850271391be84a01e64d35f42eb0181,T02,T02,T02,raw_0002,negative_line_touch,line_touch,REVIEWED_PIXELS_ORIGINAL_PLUS_CONTEXT_CROP,AI_VISUAL_REVIEWED_PROVISIONAL,False,False,single line contact/crossing visible without substantive two-bay occupancy,564f57abeb11621386bd15d9a8794853f850271391be84a01e64d35f42eb0181,30e15daa5f91dc28d9f9face7de7ac405777be5f55c6e4efe06adadb16a096bd,original full scene plus numbered full-vehicle context crop inspected
IMG_007570,564f57abeb11621386bd15d9a8794853f850271391be84a01e64d35f42eb0181,T03,T03,T03,raw_0003,negative_line_touch,line_touch,REVIEWED_PIXELS_ORIGINAL_PLUS_CONTEXT_CROP,AI_VISUAL_REVIEWED_PROVISIONAL,False,False,single line contact/crossing visible without substantive two-bay occupancy,564f57abeb11621386bd15d9a8794853f850271391be84a01e64d35f42eb0181,3befabbaa6a9541acf1313074e67bac77def8e8af1646f78566856da11ef4af0,original full scene plus numbered full-vehicle context crop inspected
IMG_007626,aa93382d3872cf38843388e36afd0119a8d72e98e4244118048a828abba47f0a,T01,T01,T01,raw_0001,negative_minor_overrun,minor_overrun,REVIEWED_PIXELS_ORIGINAL_PLUS_CONTEXT_CROP,AI_VISUAL_REVIEWED_PROVISIONAL,False,False,vehicle remains mainly attributable to one bay despite angled/one-sided boundary overrun,aa93382d3872cf38843388e36afd0119a8d72e98e4244118048a828abba47f0a,c3706f3ef991301359a0be8687c88f3e039b099adf05cb80ad3cb9757ab36853,original full scene plus numbered full-vehicle context crop inspected
IMG_007626,aa93382d3872cf38843388e36afd0119a8d72e98e4244118048a828abba47f0a,T02,T02,T02,raw_0002,negative_minor_overrun,minor_overrun,REVIEWED_PIXELS_ORIGINAL_PLUS_CONTEXT_CROP,AI_VISUAL_REVIEWED_PROVISIONAL,False,False,vehicle remains mainly attributable to one bay despite angled/one-sided boundary overrun,aa93382d3872cf38843388e36afd0119a8d72e98e4244118048a828abba47f0a,766645bbea5f48f9fc1e25a3d2e39de08f0bc25848dbf9133d54ddb25365b59b,original full scene plus numbered full-vehicle context crop inspected
IMG_007626,aa93382d3872cf38843388e36afd0119a8d72e98e4244118048a828abba47f0a,T03,T03,T03,raw_0003,negative_minor_overrun,minor_overrun,REVIEWED_PIXELS_ORIGINAL_PLUS_CONTEXT_CROP,AI_VISUAL_REVIEWED_PROVISIONAL,False,False,vehicle remains mainly attributable to one bay despite angled/one-sided boundary overrun,aa93382d3872cf38843388e36afd0119a8d72e98e4244118048a828abba47f0a,e38f20c29a34b1352670c882552da04514b5609c100842805521a5492006f438,original full scene plus numbered full-vehicle context crop inspected
IMG_007626,aa93382d3872cf38843388e36afd0119a8d72e98e4244118048a828abba47f0a,T04,T04,T04,raw_0004,negative_minor_overrun,minor_overrun,REVIEWED_PIXELS_ORIGINAL_PLUS_CONTEXT_CROP,AI_VISUAL_REVIEWED_PROVISIONAL,False,False,vehicle remains mainly attributable to one bay despite angled/one-sided boundary overrun,aa93382d3872cf38843388e36afd0119a8d72e98e4244118048a828abba47f0a,e854b8ece7a39a19f660556008c563fbd735337b7e6931b88cec8efde643d47a,original full scene plus numbered full-vehicle context crop inspected
IMG_007626,aa93382d3872cf38843388e36afd0119a8d72e98e4244118048a828abba47f0a,T05,T05,T05,raw_0005,negative_minor_overrun,minor_overrun,REVIEWED_PIXELS_ORIGINAL_PLUS_CONTEXT_CROP,AI_VISUAL_REVIEWED_PROVISIONAL,False,False,vehicle remains mainly attributable to one bay despite angled/one-sided boundary overrun,aa93382d3872cf38843388e36afd0119a8d72e98e4244118048a828abba47f0a,07922a1cb3a7ee42e750bb90a067c29a5104901b46783834a91b0acd8afe5c72,original full scene plus numbered full-vehicle context crop inspected
IMG_007634,a78e65dd12331a2134dfdd5400b7e3b4ae70c229265bd8be27b66107f2629770,T01,T01,T01,raw_0001,negative_minor_overrun,minor_overrun,REVIEWED_PIXELS_ORIGINAL_PLUS_CONTEXT_CROP,AI_VISUAL_REVIEWED_PROVISIONAL,False,False,vehicle remains mainly attributable to one bay despite angled/one-sided boundary overrun,a78e65dd12331a2134dfdd5400b7e3b4ae70c229265bd8be27b66107f2629770,910c5c3df60a98cc11bb6d1f979aa39d35dc583b16f8cd418863af44ff5d0323,original full scene plus numbered full-vehicle context crop inspected
IMG_007634,a78e65dd12331a2134dfdd5400b7e3b4ae70c229265bd8be27b66107f2629770,T02,T02,T02,raw_0002,negative_minor_overrun,minor_overrun,REVIEWED_PIXELS_ORIGINAL_PLUS_CONTEXT_CROP,AI_VISUAL_REVIEWED_PROVISIONAL,False,False,vehicle remains mainly attributable to one bay despite angled/one-sided boundary overrun,a78e65dd12331a2134dfdd5400b7e3b4ae70c229265bd8be27b66107f2629770,bc264d28be979c0349eddf8d0f8df204778956db968201a8327e5f36f82efb64,original full scene plus numbered full-vehicle context crop inspected
IMG_007634,a78e65dd12331a2134dfdd5400b7e3b4ae70c229265bd8be27b66107f2629770,T03,T03,T03,raw_0003,negative_minor_overrun,minor_overrun,REVIEWED_PIXELS_ORIGINAL_PLUS_CONTEXT_CROP,AI_VISUAL_REVIEWED_PROVISIONAL,False,False,vehicle remains mainly attributable to one bay despite angled/one-sided boundary overrun,a78e65dd12331a2134dfdd5400b7e3b4ae70c229265bd8be27b66107f2629770,9cbc3629a7bd8dd6840f079c633861979f8132973936a08175f9d543fd344246,original full scene plus numbered full-vehicle context crop inspected
IMG_007634,a78e65dd12331a2134dfdd5400b7e3b4ae70c229265bd8be27b66107f2629770,T04,T04,T04,raw_0005,negative_minor_overrun,minor_overrun,REVIEWED_PIXELS_ORIGINAL_PLUS_CONTEXT_CROP,AI_VISUAL_REVIEWED_PROVISIONAL,False,False,vehicle remains mainly attributable to one bay despite angled/one-sided boundary overrun,a78e65dd12331a2134dfdd5400b7e3b4ae70c229265bd8be27b66107f2629770,3d1bae9af89436a0dc652e522926e144eb066e03e64287b1d852bb880b959f3a,original full scene plus numbered full-vehicle context crop inspected
IMG_007634,a78e65dd12331a2134dfdd5400b7e3b4ae70c229265bd8be27b66107f2629770,T05,T05,T05,raw_0006,negative_minor_overrun,minor_overrun,REVIEWED_PIXELS_ORIGINAL_PLUS_CONTEXT_CROP,AI_VISUAL_REVIEWED_PROVISIONAL,False,False,vehicle remains mainly attributable to one bay despite angled/one-sided boundary overrun,a78e65dd12331a2134dfdd5400b7e3b4ae70c229265bd8be27b66107f2629770,745aabce837aca15a7056acf6d7a5665a2ef30ac2e05a6cfcba9f025cc16beeb,original full scene plus numbered full-vehicle context crop inspected
IMG_007634,a78e65dd12331a2134dfdd5400b7e3b4ae70c229265bd8be27b66107f2629770,T06,T06,T06,raw_0007,negative_minor_overrun,minor_overrun,REVIEWED_PIXELS_ORIGINAL_PLUS_CONTEXT_CROP,AI_VISUAL_REVIEWED_PROVISIONAL,False,False,vehicle remains mainly attributable to one bay despite angled/one-sided boundary overrun,a78e65dd12331a2134dfdd5400b7e3b4ae70c229265bd8be27b66107f2629770,2f3a4e7f40653cb37deae7403a75085af7db6b24f8e0dbfbe4a0781a94ab3d9c,original full scene plus numbered full-vehicle context crop inspected
IMG_007634,a78e65dd12331a2134dfdd5400b7e3b4ae70c229265bd8be27b66107f2629770,T07,T07,T07,raw_0008,negative_minor_overrun,minor_overrun,REVIEWED_PIXELS_ORIGINAL_PLUS_CONTEXT_CROP,AI_VISUAL_REVIEWED_PROVISIONAL,False,False,vehicle remains mainly attributable to one bay despite angled/one-sided boundary overrun,a78e65dd12331a2134dfdd5400b7e3b4ae70c229265bd8be27b66107f2629770,ddb23b4da86bf702a70bf152ec5dcb3574f1e9bb6b2c177a4812027e87fe2b65,original full scene plus numbered full-vehicle context crop inspected
IMG_007634,a78e65dd12331a2134dfdd5400b7e3b4ae70c229265bd8be27b66107f2629770,T08,T08,T08,raw_0009,negative_minor_overrun,minor_overrun,REVIEWED_PIXELS_ORIGINAL_PLUS_CONTEXT_CROP,AI_VISUAL_REVIEWED_PROVISIONAL,False,False,vehicle remains mainly attributable to one bay despite angled/one-sided boundary overrun,a78e65dd12331a2134dfdd5400b7e3b4ae70c229265bd8be27b66107f2629770,6e084fcff10cb5731564fd77a2d4260aa004d48c971b8991f9d26ac87d21585a,original full scene plus numbered full-vehicle context crop inspected
IMG_007634,a78e65dd12331a2134dfdd5400b7e3b4ae70c229265bd8be27b66107f2629770,T09,T09,T09,raw_0010,negative_minor_overrun,minor_overrun,REVIEWED_PIXELS_ORIGINAL_PLUS_CONTEXT_CROP,AI_VISUAL_REVIEWED_PROVISIONAL,False,False,vehicle remains mainly attributable to one bay despite angled/one-sided boundary overrun,a78e65dd12331a2134dfdd5400b7e3b4ae70c229265bd8be27b66107f2629770,4abcdcc947535a246412efd1b4fa5be1088a32cc5e4777191cb756216a47411c,original full scene plus numbered full-vehicle context crop inspected
IMG_007634,a78e65dd12331a2134dfdd5400b7e3b4ae70c229265bd8be27b66107f2629770,T10,T10,T10,raw_0011,negative_minor_overrun,minor_overrun,REVIEWED_PIXELS_ORIGINAL_PLUS_CONTEXT_CROP,AI_VISUAL_REVIEWED_PROVISIONAL,False,False,vehicle remains mainly attributable to one bay despite angled/one-sided boundary overrun,a78e65dd12331a2134dfdd5400b7e3b4ae70c229265bd8be27b66107f2629770,d6b090d0e42712d5ffc9528e1d6bb52a4ccf4f2e6dd25bc7dd7d679545f26c88,original full scene plus numbered full-vehicle context crop inspected
IMG_007635,28fae86953947d31b4608a02225f1ceb9e247b87ace70fb69e48403fba99eb71,T01,T01,T01,raw_0001,negative_minor_overrun,minor_overrun,REVIEWED_PIXELS_ORIGINAL_PLUS_CONTEXT_CROP,AI_VISUAL_REVIEWED_PROVISIONAL,False,False,vehicle remains mainly attributable to one bay despite angled/one-sided boundary overrun,28fae86953947d31b4608a02225f1ceb9e247b87ace70fb69e48403fba99eb71,e0dda730b275abb2b22d1845c97fa2385ee16bda758fb0e4e3f35933d9c073d3,original full scene plus numbered full-vehicle context crop inspected
IMG_007635,28fae86953947d31b4608a02225f1ceb9e247b87ace70fb69e48403fba99eb71,T02,T02,T02,raw_0002,negative_minor_overrun,minor_overrun,REVIEWED_PIXELS_ORIGINAL_PLUS_CONTEXT_CROP,AI_VISUAL_REVIEWED_PROVISIONAL,False,False,vehicle remains mainly attributable to one bay despite angled/one-sided boundary overrun,28fae86953947d31b4608a02225f1ceb9e247b87ace70fb69e48403fba99eb71,1a03bd23bc2059b8cdbc5290bf85fe7419641a87fbb8db59772b494d28efce6b,original full scene plus numbered full-vehicle context crop inspected
IMG_007635,28fae86953947d31b4608a02225f1ceb9e247b87ace70fb69e48403fba99eb71,T03,T03,T03,raw_0003,negative_minor_overrun,minor_overrun,REVIEWED_PIXELS_ORIGINAL_PLUS_CONTEXT_CROP,AI_VISUAL_REVIEWED_PROVISIONAL,False,False,vehicle remains mainly attributable to one bay despite angled/one-sided boundary overrun,28fae86953947d31b4608a02225f1ceb9e247b87ace70fb69e48403fba99eb71,6a6305d0bff285c399f022aeea7e921dc975353f95a93953216a3aa1b9355fe9,original full scene plus numbered full-vehicle context crop inspected
IMG_007635,28fae86953947d31b4608a02225f1ceb9e247b87ace70fb69e48403fba99eb71,T04,T04,T04,raw_0004,negative_minor_overrun,minor_overrun,REVIEWED_PIXELS_ORIGINAL_PLUS_CONTEXT_CROP,AI_VISUAL_REVIEWED_PROVISIONAL,False,False,vehicle remains mainly attributable to one bay despite angled/one-sided boundary overrun,28fae86953947d31b4608a02225f1ceb9e247b87ace70fb69e48403fba99eb71,7c5a72ce19069450112e2364b19ab6bfc8ec2a2645dfab92912cd0de70f07a35,original full scene plus numbered full-vehicle context crop inspected
IMG_007635,28fae86953947d31b4608a02225f1ceb9e247b87ace70fb69e48403fba99eb71,T05,T05,T05,raw_0005,negative_minor_overrun,minor_overrun,REVIEWED_PIXELS_ORIGINAL_PLUS_CONTEXT_CROP,AI_VISUAL_REVIEWED_PROVISIONAL,False,False,vehicle remains mainly attributable to one bay despite angled/one-sided boundary overrun,28fae86953947d31b4608a02225f1ceb9e247b87ace70fb69e48403fba99eb71,31dd6ec61d7317fab1a7ff814055cc5b620fe22d4934b2e36ba5adc8cac63511,original full scene plus numbered full-vehicle context crop inspected
IMG_007635,28fae86953947d31b4608a02225f1ceb9e247b87ace70fb69e48403fba99eb71,T06,T06,T06,raw_0006,negative_minor_overrun,minor_overrun,REVIEWED_PIXELS_ORIGINAL_PLUS_CONTEXT_CROP,AI_VISUAL_REVIEWED_PROVISIONAL,False,False,vehicle remains mainly attributable to one bay despite angled/one-sided boundary overrun,28fae86953947d31b4608a02225f1ceb9e247b87ace70fb69e48403fba99eb71,274fb1164a7ad620eed6212a8d74f71d7159a28689f2271d702a7cba3111ee44,original full scene plus numbered full-vehicle context crop inspected
IMG_007635,28fae86953947d31b4608a02225f1ceb9e247b87ace70fb69e48403fba99eb71,T07,T07,T07,raw_0007,negative_minor_overrun,minor_overrun,REVIEWED_PIXELS_ORIGINAL_PLUS_CONTEXT_CROP,AI_VISUAL_REVIEWED_PROVISIONAL,False,False,vehicle remains mainly attributable to one bay despite angled/one-sided boundary overrun,28fae86953947d31b4608a02225f1ceb9e247b87ace70fb69e48403fba99eb71,410a24112d837af83e261766f361bbb63942baac488cba1f59072beb21e389bd,original full scene plus numbered full-vehicle context crop inspected
IMG_007672,9725aa8099cea39db019c02b5379a87707c1942f7fd5406e29f4c999457d9b18,T01,T01,T01,raw_0001,negative_nose_tail_overrun,nose_tail_overrun,REVIEWED_PIXELS_ORIGINAL_PLUS_CONTEXT_CROP,AI_VISUAL_REVIEWED_PROVISIONAL,False,False,only slight nose/tail extension into aisle is visible,9725aa8099cea39db019c02b5379a87707c1942f7fd5406e29f4c999457d9b18,30c1ccd91f81aea4e1030a1157a6ebdb28ea81cb0363a9055a6fc8265ebf842f,original full scene plus numbered full-vehicle context crop inspected
IMG_007672,9725aa8099cea39db019c02b5379a87707c1942f7fd5406e29f4c999457d9b18,T02,T02,T02,raw_0002,negative_nose_tail_overrun,nose_tail_overrun,REVIEWED_PIXELS_ORIGINAL_PLUS_CONTEXT_CROP,AI_VISUAL_REVIEWED_PROVISIONAL,False,False,only slight nose/tail extension into aisle is visible,9725aa8099cea39db019c02b5379a87707c1942f7fd5406e29f4c999457d9b18,c328a55c66acd72989cef677974c03518f767b007b7447f52aacee2d04905e96,original full scene plus numbered full-vehicle context crop inspected
IMG_007672,9725aa8099cea39db019c02b5379a87707c1942f7fd5406e29f4c999457d9b18,T03,T03,T03,raw_0003,negative_nose_tail_overrun,nose_tail_overrun,REVIEWED_PIXELS_ORIGINAL_PLUS_CONTEXT_CROP,AI_VISUAL_REVIEWED_PROVISIONAL,False,False,only slight nose/tail extension into aisle is visible,9725aa8099cea39db019c02b5379a87707c1942f7fd5406e29f4c999457d9b18,f5075389fb87c2e0253dbab28774c08c76d7a35bd451a8764b17d99b8829c0ca,original full scene plus numbered full-vehicle context crop inspected
IMG_007672,9725aa8099cea39db019c02b5379a87707c1942f7fd5406e29f4c999457d9b18,T04,T04,T04,raw_0004,negative_nose_tail_overrun,nose_tail_overrun,REVIEWED_PIXELS_ORIGINAL_PLUS_CONTEXT_CROP,AI_VISUAL_REVIEWED_PROVISIONAL,False,False,only slight nose/tail extension into aisle is visible,9725aa8099cea39db019c02b5379a87707c1942f7fd5406e29f4c999457d9b18,e198cb714015a59f81fc7c70ec73c8801eff47898845b60827afdd5615a1dc5f,original full scene plus numbered full-vehicle context crop inspected
IMG_007672,9725aa8099cea39db019c02b5379a87707c1942f7fd5406e29f4c999457d9b18,T05,T05,T05,raw_0005,negative_nose_tail_overrun,nose_tail_overrun,REVIEWED_PIXELS_ORIGINAL_PLUS_CONTEXT_CROP,AI_VISUAL_REVIEWED_PROVISIONAL,False,False,only slight nose/tail extension into aisle is visible,9725aa8099cea39db019c02b5379a87707c1942f7fd5406e29f4c999457d9b18,2763e58439298c8acc42cd7582b850a94fc9d4c93ad9067f25c943e40b5efb22,original full scene plus numbered full-vehicle context crop inspected
IMG_007672,9725aa8099cea39db019c02b5379a87707c1942f7fd5406e29f4c999457d9b18,T06,T06,T06,raw_0006,negative_nose_tail_overrun,nose_tail_overrun,REVIEWED_PIXELS_ORIGINAL_PLUS_CONTEXT_CROP,AI_VISUAL_REVIEWED_PROVISIONAL,False,False,only slight nose/tail extension into aisle is visible,9725aa8099cea39db019c02b5379a87707c1942f7fd5406e29f4c999457d9b18,911d4f7f0fa0e423d5951065c4f8d33b77ad065e1bbd3815859cdd417eda7a8a,original full scene plus numbered full-vehicle context crop inspected
IMG_007672,9725aa8099cea39db019c02b5379a87707c1942f7fd5406e29f4c999457d9b18,T07,T07,T07,raw_0007,negative_nose_tail_overrun,nose_tail_overrun,REVIEWED_PIXELS_ORIGINAL_PLUS_CONTEXT_CROP,AI_VISUAL_REVIEWED_PROVISIONAL,False,False,only slight nose/tail extension into aisle is visible,9725aa8099cea39db019c02b5379a87707c1942f7fd5406e29f4c999457d9b18,f7a6536144d49ec43b5f0d025ffb12b3840990f0355709aa42839974ccd9cd2b,original full scene plus numbered full-vehicle context crop inspected
IMG_007672,9725aa8099cea39db019c02b5379a87707c1942f7fd5406e29f4c999457d9b18,T08,T08,T08,raw_0008,negative_nose_tail_overrun,nose_tail_overrun,REVIEWED_PIXELS_ORIGINAL_PLUS_CONTEXT_CROP,AI_VISUAL_REVIEWED_PROVISIONAL,False,False,only slight nose/tail extension into aisle is visible,9725aa8099cea39db019c02b5379a87707c1942f7fd5406e29f4c999457d9b18,9b88bfa6e80d2bdb80eb66a3a61cad86966e0d6dc8e7ec987a02c481b6787ee8,original full scene plus numbered full-vehicle context crop inspected
IMG_007672,9725aa8099cea39db019c02b5379a87707c1942f7fd5406e29f4c999457d9b18,T09,T09,T09,raw_0009,negative_nose_tail_overrun,nose_tail_overrun,REVIEWED_PIXELS_ORIGINAL_PLUS_CONTEXT_CROP,AI_VISUAL_REVIEWED_PROVISIONAL,False,False,only slight nose/tail extension into aisle is visible,9725aa8099cea39db019c02b5379a87707c1942f7fd5406e29f4c999457d9b18,199ca0d82f406419e1ecfa44ad152f54300c7a785ecbfb36337b759d77d875c8,original full scene plus numbered full-vehicle context crop inspected
IMG_007672,9725aa8099cea39db019c02b5379a87707c1942f7fd5406e29f4c999457d9b18,T10,T10,T10,raw_0010,negative_nose_tail_overrun,nose_tail_overrun,REVIEWED_PIXELS_ORIGINAL_PLUS_CONTEXT_CROP,AI_VISUAL_REVIEWED_PROVISIONAL,False,False,only slight nose/tail extension into aisle is visible,9725aa8099cea39db019c02b5379a87707c1942f7fd5406e29f4c999457d9b18,26de692c8f360858234f1654a49001b214e195bd5f48d574b2a352d687ceb205,original full scene plus numbered full-vehicle context crop inspected
IMG_007672,9725aa8099cea39db019c02b5379a87707c1942f7fd5406e29f4c999457d9b18,T11,T11,T11,raw_0011,negative_nose_tail_overrun,nose_tail_overrun,REVIEWED_PIXELS_ORIGINAL_PLUS_CONTEXT_CROP,AI_VISUAL_REVIEWED_PROVISIONAL,False,False,only slight nose/tail extension into aisle is visible,9725aa8099cea39db019c02b5379a87707c1942f7fd5406e29f4c999457d9b18,41e1027ea34da0564baf5f78b6791e9947d3baf543de6a001b9154720896b959,original full scene plus numbered full-vehicle context crop inspected
IMG_007672,9725aa8099cea39db019c02b5379a87707c1942f7fd5406e29f4c999457d9b18,T12,T12,T12,raw_0012,negative_nose_tail_overrun,nose_tail_overrun,REVIEWED_PIXELS_ORIGINAL_PLUS_CONTEXT_CROP,AI_VISUAL_REVIEWED_PROVISIONAL,False,False,only slight nose/tail extension into aisle is visible,9725aa8099cea39db019c02b5379a87707c1942f7fd5406e29f4c999457d9b18,0fcdbd67c939c40b4e8950b415d3cd4c3432604c19cf7d2d28550c589b846484,original full scene plus numbered full-vehicle context crop inspected
IMG_007672,9725aa8099cea39db019c02b5379a87707c1942f7fd5406e29f4c999457d9b18,T13,T13,T13,raw_0013,negative_nose_tail_overrun,nose_tail_overrun,REVIEWED_PIXELS_ORIGINAL_PLUS_CONTEXT_CROP,AI_VISUAL_REVIEWED_PROVISIONAL,False,False,only slight nose/tail extension into aisle is visible,9725aa8099cea39db019c02b5379a87707c1942f7fd5406e29f4c999457d9b18,26f971a0bfc3347d20ec593b1ea18696f56e4211354111c09bcd569357c28a1e,original full scene plus numbered full-vehicle context crop inspected
IMG_007672,9725aa8099cea39db019c02b5379a87707c1942f7fd5406e29f4c999457d9b18,T14,T14,T14,raw_0014,negative_nose_tail_overrun,nose_tail_overrun,REVIEWED_PIXELS_ORIGINAL_PLUS_CONTEXT_CROP,AI_VISUAL_REVIEWED_PROVISIONAL,False,False,only slight nose/tail extension into aisle is visible,9725aa8099cea39db019c02b5379a87707c1942f7fd5406e29f4c999457d9b18,1f5b3c2a90ac7c745bbb3f9fa0391c740999c1fbdac4286cbe5a8dab33940c51,original full scene plus numbered full-vehicle context crop inspected
IMG_007672,9725aa8099cea39db019c02b5379a87707c1942f7fd5406e29f4c999457d9b18,T15,T15,T15,raw_0015,negative_nose_tail_overrun,nose_tail_overrun,REVIEWED_PIXELS_ORIGINAL_PLUS_CONTEXT_CROP,AI_VISUAL_REVIEWED_PROVISIONAL,False,False,only slight nose/tail extension into aisle is visible,9725aa8099cea39db019c02b5379a87707c1942f7fd5406e29f4c999457d9b18,35bd9d92a4b0bb18fbfaed5ca7a85f02ad0459ebed706b6ec5dc0d4e041d4fb2,original full scene plus numbered full-vehicle context crop inspected
IMG_007672,9725aa8099cea39db019c02b5379a87707c1942f7fd5406e29f4c999457d9b18,T16,T16,T16,raw_0016,negative_nose_tail_overrun,nose_tail_overrun,REVIEWED_PIXELS_ORIGINAL_PLUS_CONTEXT_CROP,AI_VISUAL_REVIEWED_PROVISIONAL,False,False,only slight nose/tail extension into aisle is visible,9725aa8099cea39db019c02b5379a87707c1942f7fd5406e29f4c999457d9b18,8a2929f624c91e5b85d6c7e29b6ea087eb11bcf26f1ac5bc0d634f420f141a7c,original full scene plus numbered full-vehicle context crop inspected
IMG_007672,9725aa8099cea39db019c02b5379a87707c1942f7fd5406e29f4c999457d9b18,T17,T17,T17,raw_0017,negative_nose_tail_overrun,nose_tail_overrun,REVIEWED_PIXELS_ORIGINAL_PLUS_CONTEXT_CROP,AI_VISUAL_REVIEWED_PROVISIONAL,False,False,only slight nose/tail extension into aisle is visible,9725aa8099cea39db019c02b5379a87707c1942f7fd5406e29f4c999457d9b18,9df6039715534a30c0a85b81ceb83ab9cb0e96a82cb469409eb93cf3129b887d,original full scene plus numbered full-vehicle context crop inspected
IMG_007672,9725aa8099cea39db019c02b5379a87707c1942f7fd5406e29f4c999457d9b18,T18,T18,T18,raw_0018,negative_nose_tail_overrun,nose_tail_overrun,REVIEWED_PIXELS_ORIGINAL_PLUS_CONTEXT_CROP,AI_VISUAL_REVIEWED_PROVISIONAL,False,False,only slight nose/tail extension into aisle is visible,9725aa8099cea39db019c02b5379a87707c1942f7fd5406e29f4c999457d9b18,72aac176ae462bb80405b2b22c3a4c876d7c7835f5c693b8747d6c220105b131,original full scene plus numbered full-vehicle context crop inspected
IMG_007672,9725aa8099cea39db019c02b5379a87707c1942f7fd5406e29f4c999457d9b18,T19,T19,T19,raw_0019,negative_nose_tail_overrun,nose_tail_overrun,REVIEWED_PIXELS_ORIGINAL_PLUS_CONTEXT_CROP,AI_VISUAL_REVIEWED_PROVISIONAL,False,False,only slight nose/tail extension into aisle is visible,9725aa8099cea39db019c02b5379a87707c1942f7fd5406e29f4c999457d9b18,c1885de1b73bcc2818301d0eeb951269628e1f9918a8cc0c41819d51bc230b2c,original full scene plus numbered full-vehicle context crop inspected
IMG_007672,9725aa8099cea39db019c02b5379a87707c1942f7fd5406e29f4c999457d9b18,T20,T20,T20,raw_0020,negative_nose_tail_overrun,nose_tail_overrun,REVIEWED_PIXELS_ORIGINAL_PLUS_CONTEXT_CROP,AI_VISUAL_REVIEWED_PROVISIONAL,False,False,only slight nose/tail extension into aisle is visible,9725aa8099cea39db019c02b5379a87707c1942f7fd5406e29f4c999457d9b18,a262c216e632d5b5587858f91a0a4d97ae808ec30bb65ca5804e4ad7121f48c4,original full scene plus numbered full-vehicle context crop inspected
IMG_007672,9725aa8099cea39db019c02b5379a87707c1942f7fd5406e29f4c999457d9b18,T21,T21,T21,raw_0021,negative_nose_tail_overrun,nose_tail_overrun,REVIEWED_PIXELS_ORIGINAL_PLUS_CONTEXT_CROP,AI_VISUAL_REVIEWED_PROVISIONAL,False,False,only slight nose/tail extension into aisle is visible,9725aa8099cea39db019c02b5379a87707c1942f7fd5406e29f4c999457d9b18,d5d31a5ba342d5c0295cd675f0cbf751406c1eb425364ff3dbfcf9b751403f95,original full scene plus numbered full-vehicle context crop inspected
IMG_007672,9725aa8099cea39db019c02b5379a87707c1942f7fd5406e29f4c999457d9b18,T22,T22,T22,raw_0022,negative_nose_tail_overrun,nose_tail_overrun,REVIEWED_PIXELS_ORIGINAL_PLUS_CONTEXT_CROP,AI_VISUAL_REVIEWED_PROVISIONAL,False,False,only slight nose/tail extension into aisle is visible,9725aa8099cea39db019c02b5379a87707c1942f7fd5406e29f4c999457d9b18,89cbc2016e61d4c09de7c8e1ff2a3dc81caff916b8cef201c64def71e1ce91b8,original full scene plus numbered full-vehicle context crop inspected
IMG_007673,e429453485e61c4e85cf969157ace0642c13ad6f110e4b309da44ff8bee507da,T01,T01,T01,raw_0001,negative_nose_tail_overrun,nose_tail_overrun,REVIEWED_PIXELS_ORIGINAL_PLUS_CONTEXT_CROP,AI_VISUAL_REVIEWED_PROVISIONAL,False,False,only slight nose/tail extension into aisle is visible,e429453485e61c4e85cf969157ace0642c13ad6f110e4b309da44ff8bee507da,d8a125f51d50e13642e1b48959d0ec300f4572a9fe00125997b64b46a669151a,original full scene plus numbered full-vehicle context crop inspected
IMG_007417,526c4f582dc4677d143ee9873c493204d768f976f56cf7844cf23d54f78d5f46,T01,T01,T01,raw_0001,negative_ordinary_bay,ordinary_bay,REVIEWED_PIXELS_ORIGINAL_PLUS_CONTEXT_CROP,AI_VISUAL_REVIEWED_PROVISIONAL,False,False,vehicle visibly remains within one marked bay/designated parking area,526c4f582dc4677d143ee9873c493204d768f976f56cf7844cf23d54f78d5f46,2c976028db1bc2e5b79f1ad38ba89331d376d22f660d8f56200a2a1645e750bd,original full scene plus numbered full-vehicle context crop inspected
IMG_007417,526c4f582dc4677d143ee9873c493204d768f976f56cf7844cf23d54f78d5f46,T02,T02,T02,raw_0002,negative_ordinary_bay,ordinary_bay,REVIEWED_PIXELS_ORIGINAL_PLUS_CONTEXT_CROP,AI_VISUAL_REVIEWED_PROVISIONAL,False,False,vehicle visibly remains within one marked bay/designated parking area,526c4f582dc4677d143ee9873c493204d768f976f56cf7844cf23d54f78d5f46,e553725f2bcf422d9b5360ec677a7c8196ca3c3ab1f686591c7a8f6cf78a566a,original full scene plus numbered full-vehicle context crop inspected
IMG_007450,dfcabcaf60309258982b2f14a2079537b4c0d67d831f2d2bd838649f9c4cbfca,T01,T01,T01,raw_0001,negative_ordinary_bay,ordinary_bay,REVIEWED_PIXELS_ORIGINAL_PLUS_CONTEXT_CROP,AI_VISUAL_REVIEWED_PROVISIONAL,False,False,vehicle visibly remains within one marked bay/designated parking area,dfcabcaf60309258982b2f14a2079537b4c0d67d831f2d2bd838649f9c4cbfca,982ae68b92dce3d76c7da72d6bc29747e2ca3e8dbe6a34a864a6bd1b1a353002,original full scene plus numbered full-vehicle context crop inspected
IMG_007450,dfcabcaf60309258982b2f14a2079537b4c0d67d831f2d2bd838649f9c4cbfca,T02,T02,T02,raw_0002,negative_ordinary_bay,ordinary_bay,REVIEWED_PIXELS_ORIGINAL_PLUS_CONTEXT_CROP,AI_VISUAL_REVIEWED_PROVISIONAL,False,False,vehicle visibly remains within one marked bay/designated parking area,dfcabcaf60309258982b2f14a2079537b4c0d67d831f2d2bd838649f9c4cbfca,8f0b167a3a72abc27ad18ca805c02d89b7895dff9f2ffa19739a4bbe0d52e94a,original full scene plus numbered full-vehicle context crop inspected
IMG_007450,dfcabcaf60309258982b2f14a2079537b4c0d67d831f2d2bd838649f9c4cbfca,T03,T03,T03,raw_0003,negative_ordinary_bay,ordinary_bay,REVIEWED_PIXELS_ORIGINAL_PLUS_CONTEXT_CROP,AI_VISUAL_REVIEWED_PROVISIONAL,False,False,vehicle visibly remains within one marked bay/designated parking area,dfcabcaf60309258982b2f14a2079537b4c0d67d831f2d2bd838649f9c4cbfca,b271b90f76b5b23f0cb4be4af1a3dd2cd938a933d3f2b39ca8c0b7ea8e03f29a,original full scene plus numbered full-vehicle context crop inspected
IMG_007450,dfcabcaf60309258982b2f14a2079537b4c0d67d831f2d2bd838649f9c4cbfca,T04,T04,T04,raw_0004,negative_ordinary_bay,ordinary_bay,REVIEWED_PIXELS_ORIGINAL_PLUS_CONTEXT_CROP,AI_VISUAL_REVIEWED_PROVISIONAL,False,False,vehicle visibly remains within one marked bay/designated parking area,dfcabcaf60309258982b2f14a2079537b4c0d67d831f2d2bd838649f9c4cbfca,46b5ced245a174b8c7c8463e18922571b4d90579b161de81da5f547c20d06df3,original full scene plus numbered full-vehicle context crop inspected
IMG_007465,0173b785c086015179eebb31f75d19c6523d350e10c2924111c615bdc3566010,T01,T01,T01,raw_0001,negative_ordinary_bay,ordinary_bay,REVIEWED_PIXELS_ORIGINAL_PLUS_CONTEXT_CROP,AI_VISUAL_REVIEWED_PROVISIONAL,False,False,vehicle visibly remains within one marked bay/designated parking area,0173b785c086015179eebb31f75d19c6523d350e10c2924111c615bdc3566010,fa6aaa85f03acf07885e3e26c025899585b91473c8864a465cfd8e3a5930e756,original full scene plus numbered full-vehicle context crop inspected
IMG_007465,0173b785c086015179eebb31f75d19c6523d350e10c2924111c615bdc3566010,T02,T02,T02,raw_0002,negative_ordinary_bay,ordinary_bay,REVIEWED_PIXELS_ORIGINAL_PLUS_CONTEXT_CROP,AI_VISUAL_REVIEWED_PROVISIONAL,False,False,vehicle visibly remains within one marked bay/designated parking area,0173b785c086015179eebb31f75d19c6523d350e10c2924111c615bdc3566010,5aa17c4ea2e7455230b93e6bec9b7ebfb031da71833af0163c50df0ec3773fdc,original full scene plus numbered full-vehicle context crop inspected
IMG_007465,0173b785c086015179eebb31f75d19c6523d350e10c2924111c615bdc3566010,T03,T03,T03,raw_0003,negative_ordinary_bay,ordinary_bay,REVIEWED_PIXELS_ORIGINAL_PLUS_CONTEXT_CROP,AI_VISUAL_REVIEWED_PROVISIONAL,False,False,vehicle visibly remains within one marked bay/designated parking area,0173b785c086015179eebb31f75d19c6523d350e10c2924111c615bdc3566010,66f3da3fe5987289e4e6d37c231f5e990618ffbd4fbd6030368826cff7cc306b,original full scene plus numbered full-vehicle context crop inspected
IMG_007465,0173b785c086015179eebb31f75d19c6523d350e10c2924111c615bdc3566010,T04,T04,T04,raw_0004,negative_ordinary_bay,ordinary_bay,REVIEWED_PIXELS_ORIGINAL_PLUS_CONTEXT_CROP,AI_VISUAL_REVIEWED_PROVISIONAL,False,False,vehicle visibly remains within one marked bay/designated parking area,0173b785c086015179eebb31f75d19c6523d350e10c2924111c615bdc3566010,e1301a5f8e039099743b0e8b98599455ba8a59152bda44f29591b309818bcf7b,original full scene plus numbered full-vehicle context crop inspected
IMG_007465,0173b785c086015179eebb31f75d19c6523d350e10c2924111c615bdc3566010,T05,T05,T05,raw_0005,negative_ordinary_bay,ordinary_bay,REVIEWED_PIXELS_ORIGINAL_PLUS_CONTEXT_CROP,AI_VISUAL_REVIEWED_PROVISIONAL,False,False,vehicle visibly remains within one marked bay/designated parking area,0173b785c086015179eebb31f75d19c6523d350e10c2924111c615bdc3566010,a885919dc652fd4f325a712999366b88ad9b16bcec562403b348f9f9cd5e3f95,original full scene plus numbered full-vehicle context crop inspected
IMG_007465,0173b785c086015179eebb31f75d19c6523d350e10c2924111c615bdc3566010,T06,T06,T06,raw_0006,negative_ordinary_bay,ordinary_bay,REVIEWED_PIXELS_ORIGINAL_PLUS_CONTEXT_CROP,AI_VISUAL_REVIEWED_PROVISIONAL,False,False,vehicle visibly remains within one marked bay/designated parking area,0173b785c086015179eebb31f75d19c6523d350e10c2924111c615bdc3566010,24822771380a07b92a989a2f27587561546e2c02f44b5513444f2bd7b2f965f0,original full scene plus numbered full-vehicle context crop inspected
IMG_007465,0173b785c086015179eebb31f75d19c6523d350e10c2924111c615bdc3566010,T07,T07,T07,raw_0007,negative_ordinary_bay,ordinary_bay,REVIEWED_PIXELS_ORIGINAL_PLUS_CONTEXT_CROP,AI_VISUAL_REVIEWED_PROVISIONAL,False,False,vehicle visibly remains within one marked bay/designated parking area,0173b785c086015179eebb31f75d19c6523d350e10c2924111c615bdc3566010,2ae403457f9a2cb1a03f6aca5dbf517610beadbf155cb76d19a1ab984e98c287,original full scene plus numbered full-vehicle context crop inspected
IMG_007465,0173b785c086015179eebb31f75d19c6523d350e10c2924111c615bdc3566010,T08,T08,T08,raw_0008,negative_ordinary_bay,ordinary_bay,REVIEWED_PIXELS_ORIGINAL_PLUS_CONTEXT_CROP,AI_VISUAL_REVIEWED_PROVISIONAL,False,False,vehicle visibly remains within one marked bay/designated parking area,0173b785c086015179eebb31f75d19c6523d350e10c2924111c615bdc3566010,d1a56e4f285891660a8878f3b269ad4d0c3b6c420a87158680d41b6682abc088,original full scene plus numbered full-vehicle context crop inspected
IMG_007465,0173b785c086015179eebb31f75d19c6523d350e10c2924111c615bdc3566010,T09,T09,T09,raw_0009,negative_ordinary_bay,ordinary_bay,REVIEWED_PIXELS_ORIGINAL_PLUS_CONTEXT_CROP,AI_VISUAL_REVIEWED_PROVISIONAL,False,False,vehicle visibly remains within one marked bay/designated parking area,0173b785c086015179eebb31f75d19c6523d350e10c2924111c615bdc3566010,c9f47575b77463de4721763e85c8516f6bf136ad6e705debe207a775dad6219e,original full scene plus numbered full-vehicle context crop inspected
IMG_007470,ffd96edec5b541b57c022e406a9df1206de9cd11f497f97b921590a4cb147d7a,T01,T01,T01,raw_0001,negative_ordinary_bay,ordinary_bay,REVIEWED_PIXELS_ORIGINAL_PLUS_CONTEXT_CROP,AI_VISUAL_REVIEWED_PROVISIONAL,False,False,vehicle visibly remains within one marked bay/designated parking area,ffd96edec5b541b57c022e406a9df1206de9cd11f497f97b921590a4cb147d7a,6b135a29e4576d7877496e88c03022f2401814a3f8e0b996302138c6c4efc971,original full scene plus numbered full-vehicle context crop inspected
IMG_007499,5481b65b8fd23cc80f33c6488e0b419e2e97ec975ef79ac74197b76eb0c111ae,T01,T01,T01,raw_0001,negative_ordinary_bay,ordinary_bay,REVIEWED_PIXELS_ORIGINAL_PLUS_CONTEXT_CROP,AI_VISUAL_REVIEWED_PROVISIONAL,False,False,vehicle visibly remains within one marked bay/designated parking area,5481b65b8fd23cc80f33c6488e0b419e2e97ec975ef79ac74197b76eb0c111ae,fdfd355ff8e30fc131fbb036e52c2613da674472a232369e9a1ec93df0b717e2,original full scene plus numbered full-vehicle context crop inspected
IMG_007499,5481b65b8fd23cc80f33c6488e0b419e2e97ec975ef79ac74197b76eb0c111ae,T02,T02,T02,raw_0002,negative_ordinary_bay,ordinary_bay,REVIEWED_PIXELS_ORIGINAL_PLUS_CONTEXT_CROP,AI_VISUAL_REVIEWED_PROVISIONAL,False,False,vehicle visibly remains within one marked bay/designated parking area,5481b65b8fd23cc80f33c6488e0b419e2e97ec975ef79ac74197b76eb0c111ae,7b5832efaefc61ddc6a21c6cac4855f2466d08f1f7e39cef10964ffd6bf218ae,original full scene plus numbered full-vehicle context crop inspected
IMG_007499,5481b65b8fd23cc80f33c6488e0b419e2e97ec975ef79ac74197b76eb0c111ae,T03,T03,T03,raw_0003,negative_ordinary_bay,ordinary_bay,REVIEWED_PIXELS_ORIGINAL_PLUS_CONTEXT_CROP,AI_VISUAL_REVIEWED_PROVISIONAL,False,False,vehicle visibly remains within one marked bay/designated parking area,5481b65b8fd23cc80f33c6488e0b419e2e97ec975ef79ac74197b76eb0c111ae,c9d4ce9435c1123aef3c22d8f97a48c1f289f31cbed22f0a6e3e11a9799c6533,original full scene plus numbered full-vehicle context crop inspected
IMG_007516,d4ddb7ed1ecba9f8e9125fa7d6994a234347606d44522513a2c5c297c3739b99,T01,T01,T01,raw_0001,negative_ordinary_bay,ordinary_bay,REVIEWED_PIXELS_ORIGINAL_PLUS_CONTEXT_CROP,AI_VISUAL_REVIEWED_PROVISIONAL,False,False,vehicle visibly remains within one marked bay/designated parking area,d4ddb7ed1ecba9f8e9125fa7d6994a234347606d44522513a2c5c297c3739b99,1f5f0fb5d17004bd86d6b879bc92e0736b4cee5e67c2e8d3ab199700e7b2c9a7,original full scene plus numbered full-vehicle context crop inspected
IMG_007516,d4ddb7ed1ecba9f8e9125fa7d6994a234347606d44522513a2c5c297c3739b99,T02,T02,T02,raw_0002,negative_ordinary_bay,ordinary_bay,REVIEWED_PIXELS_ORIGINAL_PLUS_CONTEXT_CROP,AI_VISUAL_REVIEWED_PROVISIONAL,False,False,vehicle visibly remains within one marked bay/designated parking area,d4ddb7ed1ecba9f8e9125fa7d6994a234347606d44522513a2c5c297c3739b99,70058333237b1c884929b40079353a56900e11c658be0d6c2c1a609531293bb0,original full scene plus numbered full-vehicle context crop inspected
IMG_007516,d4ddb7ed1ecba9f8e9125fa7d6994a234347606d44522513a2c5c297c3739b99,T03,T03,T03,raw_0003,negative_ordinary_bay,ordinary_bay,REVIEWED_PIXELS_ORIGINAL_PLUS_CONTEXT_CROP,AI_VISUAL_REVIEWED_PROVISIONAL,False,False,vehicle visibly remains within one marked bay/designated parking area,d4ddb7ed1ecba9f8e9125fa7d6994a234347606d44522513a2c5c297c3739b99,4bc4c93ddf72abdd9cae3cec6710e59846fbc1c01c6021c833547952e7497931,original full scene plus numbered full-vehicle context crop inspected
IMG_007374,c369b4fcc2fb3905a50f84157acad67f599709a39b497c2592005f22898db7b4,T01,T01,T01,raw_0001,negative_ordinary_bay,ordinary_bay,REVIEWED_PIXELS_ORIGINAL_PLUS_CONTEXT_CROP,AI_VISUAL_REVIEWED_PROVISIONAL,False,False,vehicle visibly remains within one marked bay/designated parking area,c369b4fcc2fb3905a50f84157acad67f599709a39b497c2592005f22898db7b4,4cd5aaee4620838f1951ac8875b34e004251124197459ad88bede832e3c86b40,original full scene plus numbered full-vehicle context crop inspected
IMG_007374,c369b4fcc2fb3905a50f84157acad67f599709a39b497c2592005f22898db7b4,T02,T02,T02,raw_0002,negative_ordinary_bay,ordinary_bay,REVIEWED_PIXELS_ORIGINAL_PLUS_CONTEXT_CROP,AI_VISUAL_REVIEWED_PROVISIONAL,False,False,vehicle visibly remains within one marked bay/designated parking area,c369b4fcc2fb3905a50f84157acad67f599709a39b497c2592005f22898db7b4,5b92f350bde1cba9710327f9af559b8d533d6dfc3b35ac350a91f1a490fba510,original full scene plus numbered full-vehicle context crop inspected
IMG_007374,c369b4fcc2fb3905a50f84157acad67f599709a39b497c2592005f22898db7b4,T03,T03,T03,raw_0003,negative_ordinary_bay,ordinary_bay,REVIEWED_PIXELS_ORIGINAL_PLUS_CONTEXT_CROP,AI_VISUAL_REVIEWED_PROVISIONAL,False,False,vehicle visibly remains within one marked bay/designated parking area,c369b4fcc2fb3905a50f84157acad67f599709a39b497c2592005f22898db7b4,feace31047802ba357b75aa20473efe620382f8ea3715e3ba89095e7d8b28627,original full scene plus numbered full-vehicle context crop inspected
IMG_007396,644abcee17bedddc5b57b7e2f6241d7bdcafd6870043073405879da1936fa2c4,T01,T01,T01,raw_0001,negative_ordinary_bay,ordinary_bay,REVIEWED_PIXELS_ORIGINAL_PLUS_CONTEXT_CROP,AI_VISUAL_REVIEWED_PROVISIONAL,False,False,vehicle visibly remains within one marked bay/designated parking area,644abcee17bedddc5b57b7e2f6241d7bdcafd6870043073405879da1936fa2c4,bc1cd2a31a9b37d82f7d5cb00ce741a0571a2b6371f0bea21a37bdf83eafd2d9,original full scene plus numbered full-vehicle context crop inspected
IMG_007396,644abcee17bedddc5b57b7e2f6241d7bdcafd6870043073405879da1936fa2c4,T02,T02,T02,raw_0002,negative_ordinary_bay,ordinary_bay,REVIEWED_PIXELS_ORIGINAL_PLUS_CONTEXT_CROP,AI_VISUAL_REVIEWED_PROVISIONAL,False,False,vehicle visibly remains within one marked bay/designated parking area,644abcee17bedddc5b57b7e2f6241d7bdcafd6870043073405879da1936fa2c4,e0b45eaad6dbab4448a3819093cb62ec7a959de59fe397d32b1fc0954daf564b,original full scene plus numbered full-vehicle context crop inspected
IMG_007396,644abcee17bedddc5b57b7e2f6241d7bdcafd6870043073405879da1936fa2c4,T03,T03,T03,raw_0003,negative_ordinary_bay,ordinary_bay,REVIEWED_PIXELS_ORIGINAL_PLUS_CONTEXT_CROP,AI_VISUAL_REVIEWED_PROVISIONAL,False,False,vehicle visibly remains within one marked bay/designated parking area,644abcee17bedddc5b57b7e2f6241d7bdcafd6870043073405879da1936fa2c4,240ee29d5e041587ef16af0b47688de0052b6c7719bb322c0be472cec2c1a74e,original full scene plus numbered full-vehicle context crop inspected
IMG_007396,644abcee17bedddc5b57b7e2f6241d7bdcafd6870043073405879da1936fa2c4,T04,T04,T04,raw_0004,negative_ordinary_bay,ordinary_bay,REVIEWED_PIXELS_ORIGINAL_PLUS_CONTEXT_CROP,AI_VISUAL_REVIEWED_PROVISIONAL,False,False,vehicle visibly remains within one marked bay/designated parking area,644abcee17bedddc5b57b7e2f6241d7bdcafd6870043073405879da1936fa2c4,93c575ad580f68afb8d1420a4d8e591048c474c8c2c9739d1ba846db0e80031c,original full scene plus numbered full-vehicle context crop inspected
IMG_007396,644abcee17bedddc5b57b7e2f6241d7bdcafd6870043073405879da1936fa2c4,T05,T05,T05,raw_0005,negative_ordinary_bay,ordinary_bay,REVIEWED_PIXELS_ORIGINAL_PLUS_CONTEXT_CROP,AI_VISUAL_REVIEWED_PROVISIONAL,False,False,vehicle visibly remains within one marked bay/designated parking area,644abcee17bedddc5b57b7e2f6241d7bdcafd6870043073405879da1936fa2c4,45678aeb19f5e6be665c20ddb16fdc53a35e0cf4b0ce6939427fd68ab2e7e8e3,original full scene plus numbered full-vehicle context crop inspected
IMG_007328,e21756f049ead7e77e259d9ba4ed7369db40e9ffe55a0c97e4e484923f79cc8e,T01,T01,T01,raw_0001,negative_gate_queue,gate_queue,REVIEWED_PIXELS_ORIGINAL_PLUS_CONTEXT_CROP,AI_VISUAL_REVIEWED_PROVISIONAL,False,False,vehicle is visibly in normal entrance/gate queue context,e21756f049ead7e77e259d9ba4ed7369db40e9ffe55a0c97e4e484923f79cc8e,12f624469db0dc8e752d7c906c890155d932a49651a9084b68021bd7f38f8ed4,original full scene plus numbered full-vehicle context crop inspected
IMG_007328,e21756f049ead7e77e259d9ba4ed7369db40e9ffe55a0c97e4e484923f79cc8e,T02,T02,T02,raw_0002,negative_gate_queue,gate_queue,REVIEWED_PIXELS_ORIGINAL_PLUS_CONTEXT_CROP,AI_VISUAL_REVIEWED_PROVISIONAL,False,False,vehicle is visibly in normal entrance/gate queue context,e21756f049ead7e77e259d9ba4ed7369db40e9ffe55a0c97e4e484923f79cc8e,87c5f251f97a62b923e6677b3f4d54e8473ed5684fbb456e21bf3e116ddd2e9c,original full scene plus numbered full-vehicle context crop inspected
IMG_007328,e21756f049ead7e77e259d9ba4ed7369db40e9ffe55a0c97e4e484923f79cc8e,T03,T03,T03,raw_0003,negative_gate_queue,gate_queue,REVIEWED_PIXELS_ORIGINAL_PLUS_CONTEXT_CROP,AI_VISUAL_REVIEWED_PROVISIONAL,False,False,vehicle is visibly in normal entrance/gate queue context,e21756f049ead7e77e259d9ba4ed7369db40e9ffe55a0c97e4e484923f79cc8e,57e75f0765372f560690781c5852b9d3fd4a162cb6e85f9bd4eb58fe3a3aeab1,original full scene plus numbered full-vehicle context crop inspected
IMG_007328,e21756f049ead7e77e259d9ba4ed7369db40e9ffe55a0c97e4e484923f79cc8e,T04,T04,T04,raw_0004,negative_gate_queue,gate_queue,REVIEWED_PIXELS_ORIGINAL_PLUS_CONTEXT_CROP,AI_VISUAL_REVIEWED_PROVISIONAL,False,False,vehicle is visibly in normal entrance/gate queue context,e21756f049ead7e77e259d9ba4ed7369db40e9ffe55a0c97e4e484923f79cc8e,45c76f6da7b31db34dd01774720bf6e91106a1c93f45f7ded7be2af4a5c864c2,original full scene plus numbered full-vehicle context crop inspected
IMG_007346,2c36b5d0457dc0b06def434329cf8b10d6c10ec9026ce0f00bcf8452a5e04eca,T01,T01,T01,raw_0001,negative_gate_queue,gate_queue,REVIEWED_PIXELS_ORIGINAL_PLUS_CONTEXT_CROP,AI_VISUAL_REVIEWED_PROVISIONAL,False,False,vehicle is visibly in normal entrance/gate queue context,2c36b5d0457dc0b06def434329cf8b10d6c10ec9026ce0f00bcf8452a5e04eca,31e6db77bb574de24d974fc306950ea9b3624de9beec66fe037c5161a5c2486c,original full scene plus numbered full-vehicle context crop inspected
IMG_007346,2c36b5d0457dc0b06def434329cf8b10d6c10ec9026ce0f00bcf8452a5e04eca,T02,T02,T02,raw_0002,negative_gate_queue,gate_queue,REVIEWED_PIXELS_ORIGINAL_PLUS_CONTEXT_CROP,AI_VISUAL_REVIEWED_PROVISIONAL,False,False,vehicle is visibly in normal entrance/gate queue context,2c36b5d0457dc0b06def434329cf8b10d6c10ec9026ce0f00bcf8452a5e04eca,f9dff71f48c5ea627acafa9a16c0c1d6a12c6fa79899869a47c77ac3c7e222d8,original full scene plus numbered full-vehicle context crop inspected
IMG_007347,ef43e925f58c64765fd71b67d4621f91656afed05f4c84dc32cb0cf0b0462477,T01,T01,T01,raw_0001,negative_gate_queue,gate_queue,REVIEWED_PIXELS_ORIGINAL_PLUS_CONTEXT_CROP,AI_VISUAL_REVIEWED_PROVISIONAL,False,False,vehicle is visibly in normal entrance/gate queue context,ef43e925f58c64765fd71b67d4621f91656afed05f4c84dc32cb0cf0b0462477,923f394e5ead9712c92b9e3b5509629004a57fa0e7a4df6e7d75f75bc464a02f,original full scene plus numbered full-vehicle context crop inspected
IMG_007347,ef43e925f58c64765fd71b67d4621f91656afed05f4c84dc32cb0cf0b0462477,T02,T02,T02,raw_0002,negative_gate_queue,gate_queue,REVIEWED_PIXELS_ORIGINAL_PLUS_CONTEXT_CROP,AI_VISUAL_REVIEWED_PROVISIONAL,False,False,vehicle is visibly in normal entrance/gate queue context,ef43e925f58c64765fd71b67d4621f91656afed05f4c84dc32cb0cf0b0462477,78666928d7b02a794b5af551f66e7d5cd3bbc25826ba40392bb7ea0508224448,original full scene plus numbered full-vehicle context crop inspected
IMG_007347,ef43e925f58c64765fd71b67d4621f91656afed05f4c84dc32cb0cf0b0462477,T03,T03,T03,raw_0003,negative_gate_queue,gate_queue,REVIEWED_PIXELS_ORIGINAL_PLUS_CONTEXT_CROP,AI_VISUAL_REVIEWED_PROVISIONAL,False,False,vehicle is visibly in normal entrance/gate queue context,ef43e925f58c64765fd71b67d4621f91656afed05f4c84dc32cb0cf0b0462477,589c845f75afa828d015244d0f4afb211752e7d4c5166c706709f1a2d640b4f0,original full scene plus numbered full-vehicle context crop inspected
IMG_007326,acadd4c3f2591db383a714c3f755466bc550b3d41effafc2dc8e33238c34740c,T01,T01,T01,raw_0001,negative_gate_queue,gate_queue,REVIEWED_PIXELS_ORIGINAL_PLUS_CONTEXT_CROP,AI_VISUAL_REVIEWED_PROVISIONAL,False,False,vehicle is visibly in normal entrance/gate queue context,acadd4c3f2591db383a714c3f755466bc550b3d41effafc2dc8e33238c34740c,fda37a1f0953089055ceee19211cc15afa74556711ae40cb850a1a3c622b9ddd,original full scene plus numbered full-vehicle context crop inspected
IMG_007326,acadd4c3f2591db383a714c3f755466bc550b3d41effafc2dc8e33238c34740c,T02,T02,T02,raw_0002,negative_gate_queue,gate_queue,REVIEWED_PIXELS_ORIGINAL_PLUS_CONTEXT_CROP,AI_VISUAL_REVIEWED_PROVISIONAL,False,False,vehicle is visibly in normal entrance/gate queue context,acadd4c3f2591db383a714c3f755466bc550b3d41effafc2dc8e33238c34740c,f3246ca0f38d85669a6fd5ce66d2f1a5ebe50269e36562f7a036f00b6a357a22,original full scene plus numbered full-vehicle context crop inspected
IMG_007326,acadd4c3f2591db383a714c3f755466bc550b3d41effafc2dc8e33238c34740c,T03,T03,T03,raw_0003,negative_gate_queue,gate_queue,REVIEWED_PIXELS_ORIGINAL_PLUS_CONTEXT_CROP,AI_VISUAL_REVIEWED_PROVISIONAL,False,False,vehicle is visibly in normal entrance/gate queue context,acadd4c3f2591db383a714c3f755466bc550b3d41effafc2dc8e33238c34740c,7bdf6190787d0ae481e56920f218f262c137a2684a729a22e36c9fa887014d9b,original full scene plus numbered full-vehicle context crop inspected
IMG_007326,acadd4c3f2591db383a714c3f755466bc550b3d41effafc2dc8e33238c34740c,T04,T04,T04,raw_0004,negative_gate_queue,gate_queue,REVIEWED_PIXELS_ORIGINAL_PLUS_CONTEXT_CROP,AI_VISUAL_REVIEWED_PROVISIONAL,False,False,vehicle is visibly in normal entrance/gate queue context,acadd4c3f2591db383a714c3f755466bc550b3d41effafc2dc8e33238c34740c,939b73d7303979fe798140e82f7f3d58ed3bf6ccb083d3e2fa12522e3e50fece,original full scene plus numbered full-vehicle context crop inspected
IMG_007322,4637690af777a63302a78904d8d7c9ec0bbf5ed4de0bc7fd6be11a185d698dc9,T01,T01,T01,raw_0001,negative_gate_queue,gate_queue,REVIEWED_PIXELS_ORIGINAL_PLUS_CONTEXT_CROP,AI_VISUAL_REVIEWED_PROVISIONAL,False,False,vehicle is visibly in normal entrance/gate queue context,4637690af777a63302a78904d8d7c9ec0bbf5ed4de0bc7fd6be11a185d698dc9,c82812d050833185b2c5a8c71f23b9518fc05f069f85716f654c4ae5bf8bd10b,original full scene plus numbered full-vehicle context crop inspected
IMG_007322,4637690af777a63302a78904d8d7c9ec0bbf5ed4de0bc7fd6be11a185d698dc9,T02,T02,T02,raw_0002,negative_gate_queue,gate_queue,REVIEWED_PIXELS_ORIGINAL_PLUS_CONTEXT_CROP,AI_VISUAL_REVIEWED_PROVISIONAL,False,False,vehicle is visibly in normal entrance/gate queue context,4637690af777a63302a78904d8d7c9ec0bbf5ed4de0bc7fd6be11a185d698dc9,ca5977fcc8ba1b18d4d45031b36e42959a2e9b3dd47f7a42419258cc744e3fd8,original full scene plus numbered full-vehicle context crop inspected
IMG_007340,64d2fbe4e310ae8115b2255e71585daebbed954bde03d8f46d6654c53105aa29,T01,T01,T01,raw_0001,negative_gate_queue,gate_queue,REVIEWED_PIXELS_ORIGINAL_PLUS_CONTEXT_CROP,AI_VISUAL_REVIEWED_PROVISIONAL,False,False,vehicle is visibly in normal entrance/gate queue context,64d2fbe4e310ae8115b2255e71585daebbed954bde03d8f46d6654c53105aa29,8d47bdbad9b8ac2528441031a6900ca8d42af01e1dd5858133d6e9674d9c22ee,original full scene plus numbered full-vehicle context crop inspected
IMG_007340,64d2fbe4e310ae8115b2255e71585daebbed954bde03d8f46d6654c53105aa29,T02,T02,T02,raw_0002,negative_gate_queue,gate_queue,REVIEWED_PIXELS_ORIGINAL_PLUS_CONTEXT_CROP,AI_VISUAL_REVIEWED_PROVISIONAL,False,False,vehicle is visibly in normal entrance/gate queue context,64d2fbe4e310ae8115b2255e71585daebbed954bde03d8f46d6654c53105aa29,f8e9d34544c26a7537922a429d703498e141cc0a7955592b44a49035f2517ac1,original full scene plus numbered full-vehicle context crop inspected
IMG_007340,64d2fbe4e310ae8115b2255e71585daebbed954bde03d8f46d6654c53105aa29,T03,T03,T03,raw_0003,negative_gate_queue,gate_queue,REVIEWED_PIXELS_ORIGINAL_PLUS_CONTEXT_CROP,AI_VISUAL_REVIEWED_PROVISIONAL,False,False,vehicle is visibly in normal entrance/gate queue context,64d2fbe4e310ae8115b2255e71585daebbed954bde03d8f46d6654c53105aa29,98c5160e9c71bda2d62942feeb67d41077164102563b9f4af81c356158896922,original full scene plus numbered full-vehicle context crop inspected
IMG_007340,64d2fbe4e310ae8115b2255e71585daebbed954bde03d8f46d6654c53105aa29,T04,T04,T04,raw_0004,negative_gate_queue,gate_queue,REVIEWED_PIXELS_ORIGINAL_PLUS_CONTEXT_CROP,AI_VISUAL_REVIEWED_PROVISIONAL,False,False,vehicle is visibly in normal entrance/gate queue context,64d2fbe4e310ae8115b2255e71585daebbed954bde03d8f46d6654c53105aa29,5e8d2212fa45871cdd72e3fecd09bad89220b075e32ac1023d8b38515b60fba9,original full scene plus numbered full-vehicle context crop inspected
IMG_007340,64d2fbe4e310ae8115b2255e71585daebbed954bde03d8f46d6654c53105aa29,T05,T05,T05,raw_0005,negative_gate_queue,gate_queue,REVIEWED_PIXELS_ORIGINAL_PLUS_CONTEXT_CROP,AI_VISUAL_REVIEWED_PROVISIONAL,False,False,vehicle is visibly in normal entrance/gate queue context,64d2fbe4e310ae8115b2255e71585daebbed954bde03d8f46d6654c53105aa29,47d8dc86dc0b109fcee5b1ff7bf463f4131f4ce802f8e94e19139898ffc31167,original full scene plus numbered full-vehicle context crop inspected
IMG_007684,fef2749a59f5eb3e394e8b3c66ab81e3edac3aaed4a79db1ec9f29ef14815909,T01,T01,T01,raw_0001,uncertain,visual_uncertain,REVIEWED_PIXELS_ORIGINAL_PLUS_CONTEXT_CROP,AI_VISUAL_REVIEWED_PROVISIONAL,False,False,vehicle visible but bay/road or boundary relation is not reliably judgeable at available pixels,fef2749a59f5eb3e394e8b3c66ab81e3edac3aaed4a79db1ec9f29ef14815909,faa97d392706e53ebdbaa38246ca5fd50630d879cc04007d96994d5f6de9e45d,original full scene plus numbered full-vehicle context crop inspected
IMG_007684,fef2749a59f5eb3e394e8b3c66ab81e3edac3aaed4a79db1ec9f29ef14815909,T02,T02,T02,raw_0002,uncertain,visual_uncertain,REVIEWED_PIXELS_ORIGINAL_PLUS_CONTEXT_CROP,AI_VISUAL_REVIEWED_PROVISIONAL,False,False,vehicle visible but bay/road or boundary relation is not reliably judgeable at available pixels,fef2749a59f5eb3e394e8b3c66ab81e3edac3aaed4a79db1ec9f29ef14815909,ff6ab52e67db98db7a97c7c8045fa7f7eac0e6a449b21628b427d7999c427e72,original full scene plus numbered full-vehicle context crop inspected
IMG_007682,aaa558499c3e5f6497d0c5d34b9e39e023fa64ef65859c2e422b6e867f93a24c,T01,T01,T01,raw_0001,uncertain,visual_uncertain,REVIEWED_PIXELS_ORIGINAL_PLUS_CONTEXT_CROP,AI_VISUAL_REVIEWED_PROVISIONAL,False,False,vehicle visible but bay/road or boundary relation is not reliably judgeable at available pixels,aaa558499c3e5f6497d0c5d34b9e39e023fa64ef65859c2e422b6e867f93a24c,36d7fa30b46eef6dab268b5d64c21c23a7ba949f27775f46edfdd7d16b4842cc,original full scene plus numbered full-vehicle context crop inspected
IMG_007682,aaa558499c3e5f6497d0c5d34b9e39e023fa64ef65859c2e422b6e867f93a24c,T02,T02,T02,raw_0002,uncertain,visual_uncertain,REVIEWED_PIXELS_ORIGINAL_PLUS_CONTEXT_CROP,AI_VISUAL_REVIEWED_PROVISIONAL,False,False,vehicle visible but bay/road or boundary relation is not reliably judgeable at available pixels,aaa558499c3e5f6497d0c5d34b9e39e023fa64ef65859c2e422b6e867f93a24c,65802ebce8bef0d2681c7eaff7b1f5ecef3a769c3b4e43742a714c764be16ffb,original full scene plus numbered full-vehicle context crop inspected
IMG_007692,57661e34744042776016b742841431e6185af6983a67939ecf322987e50ceac6,T01,T01,T01,raw_0001,uncertain,visual_uncertain,REVIEWED_PIXELS_ORIGINAL_PLUS_CONTEXT_CROP,AI_VISUAL_REVIEWED_PROVISIONAL,False,False,vehicle visible but bay/road or boundary relation is not reliably judgeable at available pixels,57661e34744042776016b742841431e6185af6983a67939ecf322987e50ceac6,4057545afc20d4eab2237f7dab5bc433c4118078ca2b00dba95bf8a283fcc8cd,original full scene plus numbered full-vehicle context crop inspected
IMG_007692,57661e34744042776016b742841431e6185af6983a67939ecf322987e50ceac6,T02,T02,T02,raw_0002,uncertain,visual_uncertain,REVIEWED_PIXELS_ORIGINAL_PLUS_CONTEXT_CROP,AI_VISUAL_REVIEWED_PROVISIONAL,False,False,vehicle visible but bay/road or boundary relation is not reliably judgeable at available pixels,57661e34744042776016b742841431e6185af6983a67939ecf322987e50ceac6,604bfd7dc9ae0208f443b9f59f5b0593dbd8650003a658c16c8f8a55a7bf7a39,original full scene plus numbered full-vehicle context crop inspected
IMG_007702,c8dc34276c63f0048a5b169d426bdbe112e190a95ab64284f30b000bd950195a,T01,T01,T01,raw_0001,uncertain,visual_uncertain,REVIEWED_PIXELS_ORIGINAL_PLUS_CONTEXT_CROP,AI_VISUAL_REVIEWED_PROVISIONAL,False,False,vehicle visible but bay/road or boundary relation is not reliably judgeable at available pixels,c8dc34276c63f0048a5b169d426bdbe112e190a95ab64284f30b000bd950195a,5b550899e5ae7fe0c7ba1ed68264864f176b4492f300e152b906e11e97770ca5,original full scene plus numbered full-vehicle context crop inspected
IMG_007702,c8dc34276c63f0048a5b169d426bdbe112e190a95ab64284f30b000bd950195a,T02,T02,T02,raw_0002,uncertain,visual_uncertain,REVIEWED_PIXELS_ORIGINAL_PLUS_CONTEXT_CROP,AI_VISUAL_REVIEWED_PROVISIONAL,False,False,vehicle visible but bay/road or boundary relation is not reliably judgeable at available pixels,c8dc34276c63f0048a5b169d426bdbe112e190a95ab64284f30b000bd950195a,d54fc1da0c77d932a749864ade3dc68d74a3545ba40e76de20f83b8b12f9f598,original full scene plus numbered full-vehicle context crop inspected
IMG_007707,6b2177600d9910901fbe57e3f0fc77cb187c02641a87a4f20217f21fcd2f88a2,T01,T01,T01,raw_0001,uncertain,visual_uncertain,REVIEWED_PIXELS_ORIGINAL_PLUS_CONTEXT_CROP,AI_VISUAL_REVIEWED_PROVISIONAL,False,False,vehicle visible but bay/road or boundary relation is not reliably judgeable at available pixels,6b2177600d9910901fbe57e3f0fc77cb187c02641a87a4f20217f21fcd2f88a2,3f2ff163bdb3735d0406d1e822c7ab766d5df1da0e01d7f6c145919856faa1c4,original full scene plus numbered full-vehicle context crop inspected
IMG_007707,6b2177600d9910901fbe57e3f0fc77cb187c02641a87a4f20217f21fcd2f88a2,T02,T02,T02,raw_0002,uncertain,visual_uncertain,REVIEWED_PIXELS_ORIGINAL_PLUS_CONTEXT_CROP,AI_VISUAL_REVIEWED_PROVISIONAL,False,False,vehicle visible but bay/road or boundary relation is not reliably judgeable at available pixels,6b2177600d9910901fbe57e3f0fc77cb187c02641a87a4f20217f21fcd2f88a2,221bb4b5c2662232b497f703a47344c0e3497cf0cdfdd79e0b2a0a166c092780,original full scene plus numbered full-vehicle context crop inspected
IMG_007707,6b2177600d9910901fbe57e3f0fc77cb187c02641a87a4f20217f21fcd2f88a2,T03,T03,T03,raw_0003,uncertain,visual_uncertain,REVIEWED_PIXELS_ORIGINAL_PLUS_CONTEXT_CROP,AI_VISUAL_REVIEWED_PROVISIONAL,False,False,vehicle visible but bay/road or boundary relation is not reliably judgeable at available pixels,6b2177600d9910901fbe57e3f0fc77cb187c02641a87a4f20217f21fcd2f88a2,9c9fd942dd217b385bb2afba8d265fe3ebeffb9a2b797f63a57612afd9da0a75,original full scene plus numbered full-vehicle context crop inspected
IMG_007712,db5e9c6da136062ae3ed002e4f973187180033a222c8af63a2897c247112c9d1,T01,T01,T01,raw_0001,uncertain,visual_uncertain,REVIEWED_PIXELS_ORIGINAL_PLUS_CONTEXT_CROP,AI_VISUAL_REVIEWED_PROVISIONAL,False,False,vehicle visible but bay/road or boundary relation is not reliably judgeable at available pixels,db5e9c6da136062ae3ed002e4f973187180033a222c8af63a2897c247112c9d1,173931eda7d2367216f115275eb79884c38619bdc7821ed5944ed656c19c737f,original full scene plus numbered full-vehicle context crop inspected
IMG_007712,db5e9c6da136062ae3ed002e4f973187180033a222c8af63a2897c247112c9d1,T02,T02,T02,raw_0002,uncertain,visual_uncertain,REVIEWED_PIXELS_ORIGINAL_PLUS_CONTEXT_CROP,AI_VISUAL_REVIEWED_PROVISIONAL,False,False,vehicle visible but bay/road or boundary relation is not reliably judgeable at available pixels,db5e9c6da136062ae3ed002e4f973187180033a222c8af63a2897c247112c9d1,a42bd2f643fdeb8190291e7bd122961f8aa114626056b13ec9d08d0dcedb85e5,original full scene plus numbered full-vehicle context crop inspected
