media_id,source_id,relative_path,gt_label,sample_role,generation_group,subtype,manifest_split,p0_prediction,p0_reason,p0_status,http_status,schema_status,prediction_unique,relative_path_match,gt_match,sample_role_match,generation_group_match,subtype_match,source_id_match,split_match,status_ok,schema_ok,dev_path_contained,image_exists,image_sha256_match,binding_ok
IMG_007520,1,00_raw/ai_generated/images/20260902_ai_generated_parking_order_violation_pov_b1_397/IMG_007520.png,1,positive,POV_PARKING_B1_P01_OUTSIDE_LEGAL_BAY_CLEAR,p01-outside-legal-bay-clear,train,0,"The black SUV is positioned within a clearly marked parking bay, aligned with the white painted lines, and does not appear to cross any bay boundaries or intrude into a travel aisle.",ok,not_recorded_in_frozen_prediction,ok,true,true,true,true,true,true,true,true,true,true,true,true,true,true
IMG_007521,2,00_raw/ai_generated/images/20260902_ai_generated_parking_order_violation_pov_b1_397/IMG_007521.png,1,positive,POV_PARKING_B1_P01_OUTSIDE_LEGAL_BAY_CLEAR,p01-outside-legal-bay-clear,train,0,"The black SUV is positioned within a clearly marked parking bay, aligned with the white boundary lines, and does not appear to be crossing any bay boundaries or intruding into a travel aisle.",ok,not_recorded_in_frozen_prediction,ok,true,true,true,true,true,true,true,true,true,true,true,true,true,true
IMG_007522,3,00_raw/ai_generated/images/20260902_ai_generated_parking_order_violation_pov_b1_397/IMG_007522.png,1,positive,POV_PARKING_B1_P01_OUTSIDE_LEGAL_BAY_CLEAR,p01-outside-legal-bay-clear,train,0,"The black SUV is positioned within a clearly marked parking bay, aligned with the white painted lines, and does not appear to cross any bay boundaries or intrude into a travel aisle.",ok,not_recorded_in_frozen_prediction,ok,true,true,true,true,true,true,true,true,true,true,true,true,true,true
IMG_007523,4,00_raw/ai_generated/images/20260902_ai_generated_parking_order_violation_pov_b1_397/IMG_007523.png,1,positive,POV_PARKING_B1_P01_OUTSIDE_LEGAL_BAY_CLEAR,p01-outside-legal-bay-clear,train,0,"The silver car is positioned within a clearly marked parking bay, and the black vehicle in the background is also within its designated bay. No vehicles are crossing boundaries or intruding into travel aisles.",ok,not_recorded_in_frozen_prediction,ok,true,true,true,true,true,true,true,true,true,true,true,true,true,true
IMG_007524,5,00_raw/ai_generated/images/20260902_ai_generated_parking_order_violation_pov_b1_397/IMG_007524.png,1,positive,POV_PARKING_B1_P01_OUTSIDE_LEGAL_BAY_CLEAR,p01-outside-legal-bay-clear,train,0,"The vehicle is positioned within the yellow-lined parking bay, aligned with the bay boundaries and not intruding into the travel aisle or crossing bay lines.",ok,not_recorded_in_frozen_prediction,ok,true,true,true,true,true,true,true,true,true,true,true,true,true,true
IMG_007525,6,00_raw/ai_generated/images/20260902_ai_generated_parking_order_violation_pov_b1_397/IMG_007525.png,1,positive,POV_PARKING_B1_P01_OUTSIDE_LEGAL_BAY_CLEAR,p01-outside-legal-bay-clear,train,0,"The gray minivan is positioned within a clearly marked parking bay, aligned with the yellow boundary lines, and does not appear to be crossing any bay boundaries or intruding into a travel aisle.",ok,not_recorded_in_frozen_prediction,ok,true,true,true,true,true,true,true,true,true,true,true,true,true,true
IMG_007526,7,00_raw/ai_generated/images/20260902_ai_generated_parking_order_violation_pov_b1_397/IMG_007526.png,1,positive,POV_PARKING_B1_P01_OUTSIDE_LEGAL_BAY_CLEAR,p01-outside-legal-bay-clear,train,0,"The white vehicle is positioned within a clearly marked parking bay, aligned with the white boundary lines, and does not appear to be crossing any bay boundaries or intruding into a travel aisle.",ok,not_recorded_in_frozen_prediction,ok,true,true,true,true,true,true,true,true,true,true,true,true,true,true
IMG_007527,8,00_raw/ai_generated/images/20260902_ai_generated_parking_order_violation_pov_b1_397/IMG_007527.png,1,positive,POV_PARKING_B1_P01_OUTSIDE_LEGAL_BAY_CLEAR,p01-outside-legal-bay-clear,train,0,"The white van is positioned within a clearly marked parking bay, aligned with the bay boundaries and not obstructing any travel aisles or crossing into non-parking areas.",ok,not_recorded_in_frozen_prediction,ok,true,true,true,true,true,true,true,true,true,true,true,true,true,true
IMG_007528,9,00_raw/ai_generated/images/20260902_ai_generated_parking_order_violation_pov_b1_397/IMG_007528.png,1,positive,POV_PARKING_B1_P01_OUTSIDE_LEGAL_BAY_CLEAR,p01-outside-legal-bay-clear,train,0,"The white van is positioned within a clearly marked parking bay, aligned with the bay boundaries and not obstructing any travel aisles or crossing into non-parking areas.",ok,not_recorded_in_frozen_prediction,ok,true,true,true,true,true,true,true,true,true,true,true,true,true,true
IMG_007529,10,00_raw/ai_generated/images/20260902_ai_generated_parking_order_violation_pov_b1_397/IMG_007529.png,1,positive,POV_PARKING_B1_P01_OUTSIDE_LEGAL_BAY_CLEAR,p01-outside-legal-bay-clear,train,0,"The vehicle is positioned within a clearly marked parking bay, aligned with the yellow boundary lines, and does not appear to be crossing any bay boundaries or intruding into a travel aisle.",ok,not_recorded_in_frozen_prediction,ok,true,true,true,true,true,true,true,true,true,true,true,true,true,true
IMG_007530,11,00_raw/ai_generated/images/20260902_ai_generated_parking_order_violation_pov_b1_397/IMG_007530.png,1,positive,POV_PARKING_B1_P01_OUTSIDE_LEGAL_BAY_CLEAR,p01-outside-legal-bay-clear,train,0,"The single visible vehicle is positioned within a clearly marked parking bay, aligned with the yellow lines, and shows no evidence of crossing boundaries or intruding into travel aisles.",ok,not_recorded_in_frozen_prediction,ok,true,true,true,true,true,true,true,true,true,true,true,true,true,true
IMG_007531,12,00_raw/ai_generated/images/20260902_ai_generated_parking_order_violation_pov_b1_397/IMG_007531.png,1,positive,POV_PARKING_B1_P01_OUTSIDE_LEGAL_BAY_CLEAR,p01-outside-legal-bay-clear,train,1,"The dark pickup truck is positioned diagonally across the yellow-lined parking bay, occupying space that extends beyond the marked boundaries into the adjacent travel lane, which constitutes a clear violation of parking order.",ok,not_recorded_in_frozen_prediction,ok,true,true,true,true,true,true,true,true,true,true,true,true,true,true
IMG_007532,13,00_raw/ai_generated/images/20260902_ai_generated_parking_order_violation_pov_b1_397/IMG_007532.png,1,positive,POV_PARKING_B1_P01_OUTSIDE_LEGAL_BAY_CLEAR,p01-outside-legal-bay-clear,train,0,"The red car is positioned within a clearly marked parking bay, aligned with the white lines, and does not appear to be crossing boundaries or intruding into a travel aisle.",ok,not_recorded_in_frozen_prediction,ok,true,true,true,true,true,true,true,true,true,true,true,true,true,true
IMG_007533,14,00_raw/ai_generated/images/20260902_ai_generated_parking_order_violation_pov_b1_397/IMG_007533.png,1,positive,POV_PARKING_B1_P01_OUTSIDE_LEGAL_BAY_CLEAR,p01-outside-legal-bay-clear,train,0,"The red vehicle is positioned within a clearly marked parking bay, aligned with the bay boundaries and not intruding into the travel aisle or crossing bay lines.",ok,not_recorded_in_frozen_prediction,ok,true,true,true,true,true,true,true,true,true,true,true,true,true,true
IMG_007534,15,00_raw/ai_generated/images/20260902_ai_generated_parking_order_violation_pov_b1_397/IMG_007534.png,1,positive,POV_PARKING_B1_P01_OUTSIDE_LEGAL_BAY_CLEAR,p01-outside-legal-bay-clear,train,1,"The red car is positioned diagonally across the parking lot, occupying a travel lane and crossing the white bay lines, which constitutes parking outside a legal marked bay.",ok,not_recorded_in_frozen_prediction,ok,true,true,true,true,true,true,true,true,true,true,true,true,true,true
IMG_007535,16,00_raw/ai_generated/images/20260902_ai_generated_parking_order_violation_pov_b1_397/IMG_007535.png,1,positive,POV_PARKING_B1_P01_OUTSIDE_LEGAL_BAY_CLEAR,p01-outside-legal-bay-clear,train,0,"The white vehicle is positioned within the yellow-lined parking bay, with no visible intrusion into travel aisles or crossing of bay boundaries.",ok,not_recorded_in_frozen_prediction,ok,true,true,true,true,true,true,true,true,true,true,true,true,true,true
IMG_007536,17,00_raw/ai_generated/images/20260902_ai_generated_parking_order_violation_pov_b1_397/IMG_007536.png,1,positive,POV_PARKING_B1_P01_OUTSIDE_LEGAL_BAY_CLEAR,p01-outside-legal-bay-clear,train,0,"The white vehicle is clearly positioned within a marked parking bay, aligned with the bay boundaries and not intruding into travel lanes or crossing bay lines.",ok,not_recorded_in_frozen_prediction,ok,true,true,true,true,true,true,true,true,true,true,true,true,true,true
IMG_007537,18,00_raw/ai_generated/images/20260902_ai_generated_parking_order_violation_pov_b1_397/IMG_007537.png,1,positive,POV_PARKING_B1_P01_OUTSIDE_LEGAL_BAY_CLEAR,p01-outside-legal-bay-clear,train,0,"The white vehicle is positioned within a clearly marked parking bay, bounded by yellow lines on the left and rear, and does not appear to cross any bay boundaries or intrude into a travel aisle.",ok,not_recorded_in_frozen_prediction,ok,true,true,true,true,true,true,true,true,true,true,true,true,true,true
IMG_007538,19,00_raw/ai_generated/images/20260902_ai_generated_parking_order_violation_pov_b1_397/IMG_007538.png,1,positive,POV_PARKING_B1_P01_OUTSIDE_LEGAL_BAY_CLEAR,p01-outside-legal-bay-clear,train,0,"The white car is positioned within a clearly marked parking bay, aligned with the white painted lines, and does not appear to be crossing any bay boundaries or intruding into a travel aisle.",ok,not_recorded_in_frozen_prediction,ok,true,true,true,true,true,true,true,true,true,true,true,true,true,true
IMG_007539,20,00_raw/ai_generated/images/20260902_ai_generated_parking_order_violation_pov_b1_397/IMG_007539.png,1,positive,POV_PARKING_B1_P01_OUTSIDE_LEGAL_BAY_CLEAR,p01-outside-legal-bay-clear,train,0,"The white sedan is positioned within a clearly marked parking bay, aligned with the bay boundaries and not intruding into the travel aisle or crossing bay lines.",ok,not_recorded_in_frozen_prediction,ok,true,true,true,true,true,true,true,true,true,true,true,true,true,true
IMG_007540,21,00_raw/ai_generated/images/20260902_ai_generated_parking_order_violation_pov_b1_397/IMG_007540.png,1,positive,POV_PARKING_B1_P01_OUTSIDE_LEGAL_BAY_CLEAR,p01-outside-legal-bay-clear,train,0,"The white sedan is positioned within a clearly marked parking bay, aligned with the lane boundaries and not crossing any lines or intruding into a travel aisle.",ok,not_recorded_in_frozen_prediction,ok,true,true,true,true,true,true,true,true,true,true,true,true,true,true
IMG_007541,22,00_raw/ai_generated/images/20260902_ai_generated_parking_order_violation_pov_b1_397/IMG_007541.png,1,positive,POV_PARKING_B1_P01_OUTSIDE_LEGAL_BAY_CLEAR,p01-outside-legal-bay-clear,train,0,"The silver sedan is positioned squarely within a clearly marked yellow parking bay, with no visible intrusion into travel aisles or crossing of bay boundaries.",ok,not_recorded_in_frozen_prediction,ok,true,true,true,true,true,true,true,true,true,true,true,true,true,true
IMG_007542,23,00_raw/ai_generated/images/20260902_ai_generated_parking_order_violation_pov_b1_397/IMG_007542.png,1,positive,POV_PARKING_B1_P01_OUTSIDE_LEGAL_BAY_CLEAR,p01-outside-legal-bay-clear,train,0,"The silver sedan is positioned within a clearly marked yellow-lined parking bay, with no visible intrusion into travel aisles or crossing of bay boundaries.",ok,not_recorded_in_frozen_prediction,ok,true,true,true,true,true,true,true,true,true,true,true,true,true,true
IMG_007543,24,00_raw/ai_generated/images/20260902_ai_generated_parking_order_violation_pov_b1_397/IMG_007543.png,1,positive,POV_PARKING_B1_P01_OUTSIDE_LEGAL_BAY_CLEAR,p01-outside-legal-bay-clear,train,0,"The silver sedan is positioned within a clearly marked yellow-lined parking bay, with no visible intrusion into travel aisles or crossing of bay boundaries.",ok,not_recorded_in_frozen_prediction,ok,true,true,true,true,true,true,true,true,true,true,true,true,true,true
IMG_007544,26,00_raw/ai_generated/images/20260902_ai_generated_parking_order_violation_pov_b1_397/IMG_007544.png,1,positive,POV_PARKING_B1_P01_OUTSIDE_LEGAL_BAY_CLEAR,p01-outside-legal-bay-clear,train,0,"The main vehicle is positioned within a clearly marked parking bay, and other visible vehicles are also parked within their respective bays without crossing boundaries or intruding into travel aisles.",ok,not_recorded_in_frozen_prediction,ok,true,true,true,true,true,true,true,true,true,true,true,true,true,true
IMG_007545,27,00_raw/ai_generated/images/20260902_ai_generated_parking_order_violation_pov_b1_397/IMG_007545.png,1,positive,POV_PARKING_B1_P01_OUTSIDE_LEGAL_BAY_CLEAR,p01-outside-legal-bay-clear,train,0,"The blue SUV is positioned within a clearly marked parking bay, aligned with the white boundary lines, and does not appear to be crossing any bay boundaries or intruding into a travel aisle.",ok,not_recorded_in_frozen_prediction,ok,true,true,true,true,true,true,true,true,true,true,true,true,true,true
IMG_007546,28,00_raw/ai_generated/images/20260902_ai_generated_parking_order_violation_pov_b1_397/IMG_007546.png,1,positive,POV_PARKING_B1_P01_OUTSIDE_LEGAL_BAY_CLEAR,p01-outside-legal-bay-clear,train,0,"The black SUV is positioned squarely within a marked parking bay, aligned with the yellow boundary lines, showing no evidence of crossing bay boundaries or intruding into travel aisles.",ok,not_recorded_in_frozen_prediction,ok,true,true,true,true,true,true,true,true,true,true,true,true,true,true
IMG_007547,29,00_raw/ai_generated/images/20260902_ai_generated_parking_order_violation_pov_b1_397/IMG_007547.png,1,positive,POV_PARKING_B1_P01_OUTSIDE_LEGAL_BAY_CLEAR,p01-outside-legal-bay-clear,train,0,"The black SUV is positioned within a clearly marked parking bay, aligned with the yellow boundary lines and not intruding into the travel aisle or crossing bay boundaries.",ok,not_recorded_in_frozen_prediction,ok,true,true,true,true,true,true,true,true,true,true,true,true,true,true
IMG_007548,30,00_raw/ai_generated/images/20260902_ai_generated_parking_order_violation_pov_b1_397/IMG_007548.png,1,positive,POV_PARKING_B1_P01_OUTSIDE_LEGAL_BAY_CLEAR,p01-outside-legal-bay-clear,train,0,"The black SUV is positioned within a clearly marked parking bay, aligned with the yellow boundary lines and not intruding into the travel aisle or crossing bay boundaries.",ok,not_recorded_in_frozen_prediction,ok,true,true,true,true,true,true,true,true,true,true,true,true,true,true
IMG_007549,31,00_raw/ai_generated/images/20260902_ai_generated_parking_order_violation_pov_b1_397/IMG_007549.png,1,positive,POV_PARKING_B1_P01_OUTSIDE_LEGAL_BAY_CLEAR,p01-outside-legal-bay-clear,train,0,"The single visible vehicle is positioned within a clearly marked parking bay, aligned with the white painted lines, showing no evidence of crossing boundaries or intruding into travel aisles.",ok,not_recorded_in_frozen_prediction,ok,true,true,true,true,true,true,true,true,true,true,true,true,true,true
IMG_007550,32,00_raw/ai_generated/images/20260902_ai_generated_parking_order_violation_pov_b1_397/IMG_007550.png,1,positive,POV_PARKING_B1_P01_OUTSIDE_LEGAL_BAY_CLEAR,p01-outside-legal-bay-clear,train,1,"The grey minivan is positioned diagonally across the parking lane, occupying a space that appears to be a travel aisle or non-parking area rather than a clearly marked parking bay. The vehicle is not aligned with any visible parking bay lines and seems to be blocking or crossing into the driving lane, which constitutes a parking order violation under the definition of intruding into a non-parking area.",ok,not_recorded_in_frozen_prediction,ok,true,true,true,true,true,true,true,true,true,true,true,true,true,true
IMG_007551,33,00_raw/ai_generated/images/20260902_ai_generated_parking_order_violation_pov_b1_397/IMG_007551.png,1,positive,POV_PARKING_B1_P01_OUTSIDE_LEGAL_BAY_CLEAR,p01-outside-legal-bay-clear,train,0,"The gray minivan is positioned within the boundaries of a clearly marked parking bay, with no visible intrusion into travel aisles or crossing of bay lines.",ok,not_recorded_in_frozen_prediction,ok,true,true,true,true,true,true,true,true,true,true,true,true,true,true
IMG_007552,34,00_raw/ai_generated/images/20260902_ai_generated_parking_order_violation_pov_b1_397/IMG_007552.png,1,positive,POV_PARKING_B1_P01_OUTSIDE_LEGAL_BAY_CLEAR,p01-outside-legal-bay-clear,train,0,"The white van is positioned in the center of a travel lane, but there are no visible parking bay markings in the immediate foreground or background to suggest it is parked outside a legal bay. The scene appears to be a normal traffic flow or temporary queue area rather than a parking lot with marked bays. Without clear bay boundaries to reference, we cannot confirm a violation.",ok,not_recorded_in_frozen_prediction,ok,true,true,true,true,true,true,true,true,true,true,true,true,true,true
IMG_007553,35,00_raw/ai_generated/images/20260902_ai_generated_parking_order_violation_pov_b1_397/IMG_007553.png,1,positive,POV_PARKING_B1_P01_OUTSIDE_LEGAL_BAY_CLEAR,p01-outside-legal-bay-clear,train,0,"The white van is positioned within a clearly marked parking bay, aligned with the yellow lines, and does not appear to be crossing boundaries or intruding into travel lanes. Other visible vehicles in the background are also within their respective bays. No clear violation of parking order is evident.",ok,not_recorded_in_frozen_prediction,ok,true,true,true,true,true,true,true,true,true,true,true,true,true,true
IMG_007554,36,00_raw/ai_generated/images/20260902_ai_generated_parking_order_violation_pov_b1_397/IMG_007554.png,1,positive,POV_PARKING_B1_P01_OUTSIDE_LEGAL_BAY_CLEAR,p01-outside-legal-bay-clear,train,0,"The white van is positioned within a clearly marked parking bay, and the white sedan behind it is also parked within its designated bay. No vehicles are crossing bay boundaries or intruding into travel aisles.",ok,not_recorded_in_frozen_prediction,ok,true,true,true,true,true,true,true,true,true,true,true,true,true,true
IMG_007555,37,00_raw/ai_generated/images/20260902_ai_generated_parking_order_violation_pov_b1_397/IMG_007555.png,1,positive,POV_PARKING_B1_P01_OUTSIDE_LEGAL_BAY_CLEAR,p01-outside-legal-bay-clear,train,0,"The primary vehicle is positioned within a clearly marked parking bay, and no other vehicles are visible intruding into travel aisles or crossing bay boundaries.",ok,not_recorded_in_frozen_prediction,ok,true,true,true,true,true,true,true,true,true,true,true,true,true,true
IMG_007556,38,00_raw/ai_generated/images/20260902_ai_generated_parking_order_violation_pov_b1_397/IMG_007556.png,1,positive,POV_PARKING_B1_P01_OUTSIDE_LEGAL_BAY_CLEAR,p01-outside-legal-bay-clear,train,0,The single visible vehicle is parked within clearly marked white bay lines and does not cross any boundaries or intrude into travel aisles.,ok,not_recorded_in_frozen_prediction,ok,true,true,true,true,true,true,true,true,true,true,true,true,true,true
IMG_007557,39,00_raw/ai_generated/images/20260902_ai_generated_parking_order_violation_pov_b1_397/IMG_007557.png,1,positive,POV_PARKING_B1_P01_OUTSIDE_LEGAL_BAY_CLEAR,p01-outside-legal-bay-clear,train,0,"The red car is positioned within a clearly marked parking bay, bounded by yellow lines on the left and right, and does not appear to be crossing any bay boundaries or intruding into a travel aisle.",ok,not_recorded_in_frozen_prediction,ok,true,true,true,true,true,true,true,true,true,true,true,true,true,true
IMG_007558,40,00_raw/ai_generated/images/20260902_ai_generated_parking_order_violation_pov_b1_397/IMG_007558.png,1,positive,POV_PARKING_B1_P01_OUTSIDE_LEGAL_BAY_CLEAR,p01-outside-legal-bay-clear,train,0,"The red car is positioned within a clearly marked parking bay, aligned with the yellow boundary lines, and does not appear to be crossing any bay boundaries or intruding into a travel aisle.",ok,not_recorded_in_frozen_prediction,ok,true,true,true,true,true,true,true,true,true,true,true,true,true,true
IMG_007559,41,00_raw/ai_generated/images/20260902_ai_generated_parking_order_violation_pov_b1_397/IMG_007559.png,1,positive,POV_PARKING_B1_P02_CROSS_SINGLE_BOUNDARY_LINE,p02-cross-single-boundary-line,train,0,"The central white vehicle is clearly positioned within a marked parking bay, aligned with the white boundary lines. The adjacent vehicles are also parked within their respective bays. There is no visible evidence of any vehicle crossing bay boundaries, spanning multiple bays, or intruding into a travel aisle.",ok,not_recorded_in_frozen_prediction,ok,true,true,true,true,true,true,true,true,true,true,true,true,true,true
IMG_007560,42,00_raw/ai_generated/images/20260902_ai_generated_parking_order_violation_pov_b1_397/IMG_007560.png,1,positive,POV_PARKING_B1_P02_CROSS_SINGLE_BOUNDARY_LINE,p02-cross-single-boundary-line,train,0,All visible vehicles are parked within clearly marked white bay lines; no vehicle crosses boundaries or intrudes into travel aisles.,ok,not_recorded_in_frozen_prediction,ok,true,true,true,true,true,true,true,true,true,true,true,true,true,true
IMG_007561,43,00_raw/ai_generated/images/20260902_ai_generated_parking_order_violation_pov_b1_397/IMG_007561.png,1,positive,POV_PARKING_B1_P02_CROSS_SINGLE_BOUNDARY_LINE,p02-cross-single-boundary-line,train,0,"The white Tesla is clearly parked within a single marked parking bay, aligned with the white painted lines, showing no boundary crossing or intrusion into travel lanes.",ok,not_recorded_in_frozen_prediction,ok,true,true,true,true,true,true,true,true,true,true,true,true,true,true
IMG_007562,44,00_raw/ai_generated/images/20260902_ai_generated_parking_order_violation_pov_b1_397/IMG_007562.png,1,positive,POV_PARKING_B1_P02_CROSS_SINGLE_BOUNDARY_LINE,p02-cross-single-boundary-line,train,0,"The white car is positioned squarely within a single marked parking bay, with no visible intrusion into travel aisles or crossing of bay boundaries.",ok,not_recorded_in_frozen_prediction,ok,true,true,true,true,true,true,true,true,true,true,true,true,true,true
IMG_007563,45,00_raw/ai_generated/images/20260902_ai_generated_parking_order_violation_pov_b1_397/IMG_007563.png,1,positive,POV_PARKING_B1_P02_CROSS_SINGLE_BOUNDARY_LINE,p02-cross-single-boundary-line,train,0,"The white Ford sedan is clearly parked within a marked bay, aligned with yellow boundary lines and not intruding into any travel aisle or crossing bay boundaries. Other visible vehicles in the background also appear to be within their respective bays. No evidence of parking order violation is present.",ok,not_recorded_in_frozen_prediction,ok,true,true,true,true,true,true,true,true,true,true,true,true,true,true
IMG_007564,46,00_raw/ai_generated/images/20260902_ai_generated_parking_order_violation_pov_b1_397/IMG_007564.png,1,positive,POV_PARKING_B1_P02_CROSS_SINGLE_BOUNDARY_LINE,p02-cross-single-boundary-line,train,0,"The white sedan is clearly positioned within a marked parking bay, bounded by yellow lines on both sides, with no visible intrusion into travel aisles or crossing of bay boundaries.",ok,not_recorded_in_frozen_prediction,ok,true,true,true,true,true,true,true,true,true,true,true,true,true,true
IMG_007565,47,00_raw/ai_generated/images/20260902_ai_generated_parking_order_violation_pov_b1_397/IMG_007565.png,1,positive,POV_PARKING_B1_P02_CROSS_SINGLE_BOUNDARY_LINE,p02-cross-single-boundary-line,train,0,The silver sedan is clearly parked within the white-lined parking bay boundaries. Other visible vehicles in the background are also positioned within their respective marked bays. There is no evidence of any vehicle crossing bay boundaries or intruding into travel aisles.,ok,not_recorded_in_frozen_prediction,ok,true,true,true,true,true,true,true,true,true,true,true,true,true,true
IMG_007566,48,00_raw/ai_generated/images/20260902_ai_generated_parking_order_violation_pov_b1_397/IMG_007566.png,1,positive,POV_PARKING_B1_P02_CROSS_SINGLE_BOUNDARY_LINE,p02-cross-single-boundary-line,train,0,"The silver sedan is parked within a clearly marked parking bay, aligned with the lane boundaries and not obstructing any travel aisles. The adjacent vehicle is also within its designated space. No evidence of crossing bay boundaries or intruding into non-parking areas is visible.",ok,not_recorded_in_frozen_prediction,ok,true,true,true,true,true,true,true,true,true,true,true,true,true,true
IMG_007567,49,00_raw/ai_generated/images/20260902_ai_generated_parking_order_violation_pov_b1_397/IMG_007567.png,1,positive,POV_PARKING_B1_P02_CROSS_SINGLE_BOUNDARY_LINE,p02-cross-single-boundary-line,train,0,"The silver sedan is clearly positioned within the white-painted parking bay lines, with no visible intrusion into travel aisles or crossing of bay boundaries.",ok,not_recorded_in_frozen_prediction,ok,true,true,true,true,true,true,true,true,true,true,true,true,true,true
IMG_007568,50,00_raw/ai_generated/images/20260902_ai_generated_parking_order_violation_pov_b1_397/IMG_007568.png,1,positive,POV_PARKING_B1_P02_CROSS_SINGLE_BOUNDARY_LINE,p02-cross-single-boundary-line,train,0,"The blue SUV is clearly positioned within the yellow rectangular parking bay markings on the pavement, with no visible intrusion into travel aisles or crossing of bay boundaries.",ok,not_recorded_in_frozen_prediction,ok,true,true,true,true,true,true,true,true,true,true,true,true,true,true
IMG_007569,51,00_raw/ai_generated/images/20260902_ai_generated_parking_order_violation_pov_b1_397/IMG_007569.png,1,positive,POV_PARKING_B1_P02_CROSS_SINGLE_BOUNDARY_LINE,p02-cross-single-boundary-line,train,1,"The blue SUV is positioned diagonally across the yellow painted lines, occupying the space of a travel lane or non-parking area rather than being contained within a single marked parking bay.",ok,not_recorded_in_frozen_prediction,ok,true,true,true,true,true,true,true,true,true,true,true,true,true,true
IMG_007570,52,00_raw/ai_generated/images/20260902_ai_generated_parking_order_violation_pov_b1_397/IMG_007570.png,1,positive,POV_PARKING_B1_P02_CROSS_SINGLE_BOUNDARY_LINE,p02-cross-single-boundary-line,train,1,"The blue SUV is positioned diagonally across the yellow lane marking, occupying the travel lane rather than a designated parking bay, which constitutes a parking order violation.",ok,not_recorded_in_frozen_prediction,ok,true,true,true,true,true,true,true,true,true,true,true,true,true,true
IMG_007571,53,00_raw/ai_generated/images/20260902_ai_generated_parking_order_violation_pov_b1_397/IMG_007571.png,1,positive,POV_PARKING_B1_P02_CROSS_SINGLE_BOUNDARY_LINE,p02-cross-single-boundary-line,train,0,"The black Ford SUV is clearly positioned within the white-painted parking bay lines, with no visible intrusion into travel aisles or crossing of bay boundaries.",ok,not_recorded_in_frozen_prediction,ok,true,true,true,true,true,true,true,true,true,true,true,true,true,true
IMG_007572,54,00_raw/ai_generated/images/20260902_ai_generated_parking_order_violation_pov_b1_397/IMG_007572.png,1,positive,POV_PARKING_B1_P02_CROSS_SINGLE_BOUNDARY_LINE,p02-cross-single-boundary-line,train,0,"The black Buick SUV is clearly parked within its marked white bay lines, and the silver car behind it is also within its own bay; no vehicles are crossing boundaries or intruding into aisles.",ok,not_recorded_in_frozen_prediction,ok,true,true,true,true,true,true,true,true,true,true,true,true,true,true
IMG_007573,55,00_raw/ai_generated/images/20260902_ai_generated_parking_order_violation_pov_b1_397/IMG_007573.png,1,positive,POV_PARKING_B1_P02_CROSS_SINGLE_BOUNDARY_LINE,p02-cross-single-boundary-line,train,0,"The black SUV is clearly parked within the white-lined parking bay, with no visible boundary crossing or intrusion into travel aisles.",ok,not_recorded_in_frozen_prediction,ok,true,true,true,true,true,true,true,true,true,true,true,true,true,true
IMG_007574,56,00_raw/ai_generated/images/20260902_ai_generated_parking_order_violation_pov_b1_397/IMG_007574.png,1,positive,POV_PARKING_B1_P02_CROSS_SINGLE_BOUNDARY_LINE,p02-cross-single-boundary-line,train,0,"The gray minivan is clearly positioned within the yellow-lined parking bay, with no visible intrusion into travel aisles or crossing of bay boundaries.",ok,not_recorded_in_frozen_prediction,ok,true,true,true,true,true,true,true,true,true,true,true,true,true,true
IMG_007575,57,00_raw/ai_generated/images/20260902_ai_generated_parking_order_violation_pov_b1_397/IMG_007575.png,1,positive,POV_PARKING_B1_P02_CROSS_SINGLE_BOUNDARY_LINE,p02-cross-single-boundary-line,train,0,"The vehicle is clearly positioned within the yellow-lined parking bay boundaries, with no visible intrusion into travel aisles or crossing of bay lines.",ok,not_recorded_in_frozen_prediction,ok,true,true,true,true,true,true,true,true,true,true,true,true,true,true
IMG_007576,58,00_raw/ai_generated/images/20260902_ai_generated_parking_order_violation_pov_b1_397/IMG_007576.png,1,positive,POV_PARKING_B1_P02_CROSS_SINGLE_BOUNDARY_LINE,p02-cross-single-boundary-line,train,0,"The gray minivan is positioned within a clearly marked parking bay, bounded by yellow lines on both sides, with no visible intrusion into travel lanes or crossing of bay boundaries.",ok,not_recorded_in_frozen_prediction,ok,true,true,true,true,true,true,true,true,true,true,true,true,true,true
IMG_007577,59,00_raw/ai_generated/images/20260902_ai_generated_parking_order_violation_pov_b1_397/IMG_007577.png,1,positive,POV_PARKING_B1_P02_CROSS_SINGLE_BOUNDARY_LINE,p02-cross-single-boundary-line,train,0,"The white van is clearly positioned within the boundaries of a single marked parking bay, with no visible intrusion into travel aisles or crossing of bay lines.",ok,not_recorded_in_frozen_prediction,ok,true,true,true,true,true,true,true,true,true,true,true,true,true,true
IMG_007578,60,00_raw/ai_generated/images/20260902_ai_generated_parking_order_violation_pov_b1_397/IMG_007578.png,1,positive,POV_PARKING_B1_P02_CROSS_SINGLE_BOUNDARY_LINE,p02-cross-single-boundary-line,train,0,"The white van is clearly positioned within the boundaries of a single marked parking bay, with no visible intrusion into travel aisles or crossing of bay lines.",ok,not_recorded_in_frozen_prediction,ok,true,true,true,true,true,true,true,true,true,true,true,true,true,true
IMG_007579,61,00_raw/ai_generated/images/20260902_ai_generated_parking_order_violation_pov_b1_397/IMG_007579.png,1,positive,POV_PARKING_B1_P02_CROSS_SINGLE_BOUNDARY_LINE,p02-cross-single-boundary-line,train,0,"The white van is positioned within a clearly marked parking bay, aligned with the white painted lines, and does not appear to cross any bay boundaries or intrude into a travel aisle.",ok,not_recorded_in_frozen_prediction,ok,true,true,true,true,true,true,true,true,true,true,true,true,true,true
IMG_007580,62,00_raw/ai_generated/images/20260902_ai_generated_parking_order_violation_pov_b1_397/IMG_007580.png,1,positive,POV_PARKING_B1_P02_CROSS_SINGLE_BOUNDARY_LINE,p02-cross-single-boundary-line,train,0,"The main vehicle is centered within a clearly marked parking bay, and no other visible vehicles are shown crossing bay boundaries or intruding into travel aisles.",ok,not_recorded_in_frozen_prediction,ok,true,true,true,true,true,true,true,true,true,true,true,true,true,true
IMG_007581,63,00_raw/ai_generated/images/20260902_ai_generated_parking_order_violation_pov_b1_397/IMG_007581.png,1,positive,POV_PARKING_B1_P02_CROSS_SINGLE_BOUNDARY_LINE,p02-cross-single-boundary-line,train,0,"The main vehicle is clearly parked within a marked bay, and background vehicles are also within their respective bays.",ok,not_recorded_in_frozen_prediction,ok,true,true,true,true,true,true,true,true,true,true,true,true,true,true
IMG_007582,64,00_raw/ai_generated/images/20260902_ai_generated_parking_order_violation_pov_b1_397/IMG_007582.png,1,positive,POV_PARKING_B1_P02_CROSS_SINGLE_BOUNDARY_LINE,p02-cross-single-boundary-line,train,0,"The black pickup truck is positioned within a clearly marked yellow parking bay, with no visible intrusion into travel aisles or crossing of bay boundaries. Other vehicles in the background also appear to be parked within their respective marked bays. The scene shows orderly parking without evidence of violation.",ok,not_recorded_in_frozen_prediction,ok,true,true,true,true,true,true,true,true,true,true,true,true,true,true
IMG_007583,65,00_raw/ai_generated/images/20260902_ai_generated_parking_order_violation_pov_b1_397/IMG_007583.png,1,positive,POV_PARKING_B1_P02_CROSS_SINGLE_BOUNDARY_LINE,p02-cross-single-boundary-line,train,0,"The red Volkswagen is clearly positioned within the white-painted parking bay lines, with no visible intrusion into travel aisles or crossing of bay boundaries.",ok,not_recorded_in_frozen_prediction,ok,true,true,true,true,true,true,true,true,true,true,true,true,true,true
IMG_007584,66,00_raw/ai_generated/images/20260902_ai_generated_parking_order_violation_pov_b1_397/IMG_007584.png,1,positive,POV_PARKING_B1_P02_CROSS_SINGLE_BOUNDARY_LINE,p02-cross-single-boundary-line,train,0,"The red Ford Focus is clearly parked within its designated parking bay, aligned with the white painted lines. The white SUV is also parked within its own bay. No vehicles are crossing bay boundaries or intruding into travel aisles.",ok,not_recorded_in_frozen_prediction,ok,true,true,true,true,true,true,true,true,true,true,true,true,true,true
IMG_007585,67,00_raw/ai_generated/images/20260902_ai_generated_parking_order_violation_pov_b1_397/IMG_007585.png,1,positive,POV_PARKING_B1_P02_CROSS_SINGLE_BOUNDARY_LINE,p02-cross-single-boundary-line,train,0,"The red car is clearly parked within a marked white-lined bay, and the white car is also within its own bay; no vehicles are crossing boundaries or intruding into travel aisles.",ok,not_recorded_in_frozen_prediction,ok,true,true,true,true,true,true,true,true,true,true,true,true,true,true
IMG_007586,68,00_raw/ai_generated/images/20260902_ai_generated_parking_order_violation_pov_b1_397/IMG_007586.png,1,positive,POV_PARKING_B1_P02_CROSS_SINGLE_BOUNDARY_LINE,p02-cross-single-boundary-line,train,0,"The white vehicle is clearly positioned within a marked parking bay, aligned with yellow boundary lines on the ground, showing no evidence of crossing bay boundaries or intruding into travel aisles.",ok,not_recorded_in_frozen_prediction,ok,true,true,true,true,true,true,true,true,true,true,true,true,true,true
IMG_007587,69,00_raw/ai_generated/images/20260902_ai_generated_parking_order_violation_pov_b1_397/IMG_007587.png,1,positive,POV_PARKING_B1_P02_CROSS_SINGLE_BOUNDARY_LINE,p02-cross-single-boundary-line,train,0,"The white vehicle is clearly positioned within a marked parking bay, bounded by yellow lines on both sides and aligned with the parking geometry. No other vehicles are seen crossing bay boundaries or intruding into travel aisles. The scene shows no evidence of parking order violations.",ok,not_recorded_in_frozen_prediction,ok,true,true,true,true,true,true,true,true,true,true,true,true,true,true
IMG_007588,70,00_raw/ai_generated/images/20260902_ai_generated_parking_order_violation_pov_b1_397/IMG_007588.png,1,positive,POV_PARKING_B1_P02_CROSS_SINGLE_BOUNDARY_LINE,p02-cross-single-boundary-line,train,0,"The white vehicle is clearly positioned within a marked parking bay, aligned with the yellow boundary lines, and not intruding into any travel aisle or crossing bay boundaries. Other visible vehicles are also within their respective bays. No evidence of parking order violation is present.",ok,not_recorded_in_frozen_prediction,ok,true,true,true,true,true,true,true,true,true,true,true,true,true,true
IMG_007589,71,00_raw/ai_generated/images/20260902_ai_generated_parking_order_violation_pov_b1_397/IMG_007589.png,1,positive,POV_PARKING_B1_P02_CROSS_SINGLE_BOUNDARY_LINE,p02-cross-single-boundary-line,train,0,"The white car is clearly positioned within the white-painted parking bay lines, with no visible intrusion into travel lanes or crossing of bay boundaries.",ok,not_recorded_in_frozen_prediction,ok,true,true,true,true,true,true,true,true,true,true,true,true,true,true
IMG_007590,72,00_raw/ai_generated/images/20260902_ai_generated_parking_order_violation_pov_b1_397/IMG_007590.png,1,positive,POV_PARKING_B1_P02_CROSS_SINGLE_BOUNDARY_LINE,p02-cross-single-boundary-line,train,0,"The white car is parked within a clearly marked parking bay, aligned with the lane boundaries and not crossing any visible travel aisles or bay limits.",ok,not_recorded_in_frozen_prediction,ok,true,true,true,true,true,true,true,true,true,true,true,true,true,true
IMG_007591,73,00_raw/ai_generated/images/20260902_ai_generated_parking_order_violation_pov_b1_397/IMG_007591.png,1,positive,POV_PARKING_B1_P02_CROSS_SINGLE_BOUNDARY_LINE,p02-cross-single-boundary-line,train,0,"The white sedan is parked within a clearly marked parking bay, aligned with the lane and not crossing any boundaries or intruding into the travel aisle. The second vehicle in the distance also appears to be within its designated bay. No evidence of parking order violation is visible.",ok,not_recorded_in_frozen_prediction,ok,true,true,true,true,true,true,true,true,true,true,true,true,true,true
IMG_007592,74,00_raw/ai_generated/images/20260902_ai_generated_parking_order_violation_pov_b1_397/IMG_007592.png,1,positive,POV_PARKING_B1_P02_CROSS_SINGLE_BOUNDARY_LINE,p02-cross-single-boundary-line,train,0,"The silver sedan is clearly positioned within a marked parking bay, aligned with the yellow boundary lines, showing no evidence of crossing bay boundaries or intruding into travel aisles.",ok,not_recorded_in_frozen_prediction,ok,true,true,true,true,true,true,true,true,true,true,true,true,true,true
IMG_007593,75,00_raw/ai_generated/images/20260902_ai_generated_parking_order_violation_pov_b1_397/IMG_007593.png,1,positive,POV_PARKING_B1_P02_CROSS_SINGLE_BOUNDARY_LINE,p02-cross-single-boundary-line,train,0,"The silver sedan is positioned within a clearly marked parking bay, aligned with the yellow boundary lines, showing no evidence of crossing bay boundaries or intruding into travel aisles.",ok,not_recorded_in_frozen_prediction,ok,true,true,true,true,true,true,true,true,true,true,true,true,true,true
IMG_007647,131,00_raw/ai_generated/images/20260902_ai_generated_parking_order_violation_pov_b1_397/IMG_007647.png,1,positive,POV_PARKING_B1_P05_MULTI_VEHICLE_AT_LEAST_ONE_VIOLATION,p05-multi-vehicle-at-least-one-violation,train,0,"All three visible vehicles are positioned within clearly marked yellow-lined parking bays, with no evidence of crossing boundaries or intruding into travel aisles.",ok,not_recorded_in_frozen_prediction,ok,true,true,true,true,true,true,true,true,true,true,true,true,true,true
IMG_007648,132,00_raw/ai_generated/images/20260902_ai_generated_parking_order_violation_pov_b1_397/IMG_007648.png,1,positive,POV_PARKING_B1_P05_MULTI_VEHICLE_AT_LEAST_ONE_VIOLATION,p05-multi-vehicle-at-least-one-violation,train,0,"All visible vehicles are parked within clearly marked yellow bay lines, with no evidence of crossing boundaries or intruding into travel aisles.",ok,not_recorded_in_frozen_prediction,ok,true,true,true,true,true,true,true,true,true,true,true,true,true,true
IMG_007649,133,00_raw/ai_generated/images/20260902_ai_generated_parking_order_violation_pov_b1_397/IMG_007649.png,1,positive,POV_PARKING_B1_P05_MULTI_VEHICLE_AT_LEAST_ONE_VIOLATION,p05-multi-vehicle-at-least-one-violation,train,0,"All visible vehicles are positioned within clearly marked parking bays, aligned with yellow boundary lines, and show no evidence of crossing bay boundaries or intruding into travel aisles.",ok,not_recorded_in_frozen_prediction,ok,true,true,true,true,true,true,true,true,true,true,true,true,true,true
IMG_007650,134,00_raw/ai_generated/images/20260902_ai_generated_parking_order_violation_pov_b1_397/IMG_007650.png,1,positive,POV_PARKING_B1_P05_MULTI_VEHICLE_AT_LEAST_ONE_VIOLATION,p05-multi-vehicle-at-least-one-violation,train,0,"All visible vehicles are positioned within clearly marked parking bays, aligned with lane boundaries, and show no evidence of crossing bay lines or intruding into travel aisles.",ok,not_recorded_in_frozen_prediction,ok,true,true,true,true,true,true,true,true,true,true,true,true,true,true
IMG_007651,135,00_raw/ai_generated/images/20260902_ai_generated_parking_order_violation_pov_b1_397/IMG_007651.png,1,positive,POV_PARKING_B1_P05_MULTI_VEHICLE_AT_LEAST_ONE_VIOLATION,p05-multi-vehicle-at-least-one-violation,train,0,"All visible vehicles are parked within clearly marked parking bays, aligned with white boundary lines, showing no evidence of crossing bay boundaries or intruding into travel aisles.",ok,not_recorded_in_frozen_prediction,ok,true,true,true,true,true,true,true,true,true,true,true,true,true,true
IMG_007652,136,00_raw/ai_generated/images/20260902_ai_generated_parking_order_violation_pov_b1_397/IMG_007652.png,1,positive,POV_PARKING_B1_P05_MULTI_VEHICLE_AT_LEAST_ONE_VIOLATION,p05-multi-vehicle-at-least-one-violation,train,0,"All visible vehicles are positioned within clearly marked parking bays, aligned with bay boundaries, and not intruding into travel aisles or crossing bay lines.",ok,not_recorded_in_frozen_prediction,ok,true,true,true,true,true,true,true,true,true,true,true,true,true,true
IMG_007653,137,00_raw/ai_generated/images/20260902_ai_generated_parking_order_violation_pov_b1_397/IMG_007653.png,1,positive,POV_PARKING_B1_P05_MULTI_VEHICLE_AT_LEAST_ONE_VIOLATION,p05-multi-vehicle-at-least-one-violation,train,0,"All visible vehicles are positioned within clearly marked yellow bay boundaries on the paved surface, with no evidence of crossing bay lines or intruding into travel aisles.",ok,not_recorded_in_frozen_prediction,ok,true,true,true,true,true,true,true,true,true,true,true,true,true,true
IMG_007654,138,00_raw/ai_generated/images/20260902_ai_generated_parking_order_violation_pov_b1_397/IMG_007654.png,1,positive,POV_PARKING_B1_P05_MULTI_VEHICLE_AT_LEAST_ONE_VIOLATION,p05-multi-vehicle-at-least-one-violation,train,0,All visible vehicles are parked within clearly marked yellow bay lines; no vehicle crosses a boundary or intrudes into a travel aisle.,ok,not_recorded_in_frozen_prediction,ok,true,true,true,true,true,true,true,true,true,true,true,true,true,true
IMG_007655,139,00_raw/ai_generated/images/20260902_ai_generated_parking_order_violation_pov_b1_397/IMG_007655.png,1,positive,POV_PARKING_B1_P05_MULTI_VEHICLE_AT_LEAST_ONE_VIOLATION,p05-multi-vehicle-at-least-one-violation,train,0,"The white van is parked within a clearly marked yellow-lined bay, and the white sedan to its right is also within its own marked bay. No vehicles are crossing boundaries or intruding into travel aisles.",ok,not_recorded_in_frozen_prediction,ok,true,true,true,true,true,true,true,true,true,true,true,true,true,true
IMG_007656,140,00_raw/ai_generated/images/20260902_ai_generated_parking_order_violation_pov_b1_397/IMG_007656.png,1,positive,POV_PARKING_B1_P05_MULTI_VEHICLE_AT_LEAST_ONE_VIOLATION,p05-multi-vehicle-at-least-one-violation,train,0,"All three visible vehicles are parked within clearly marked parking bays, with no evidence of crossing bay boundaries or intruding into travel aisles.",ok,not_recorded_in_frozen_prediction,ok,true,true,true,true,true,true,true,true,true,true,true,true,true,true
IMG_007657,141,00_raw/ai_generated/images/20260902_ai_generated_parking_order_violation_pov_b1_397/IMG_007657.png,1,positive,POV_PARKING_B1_P05_MULTI_VEHICLE_AT_LEAST_ONE_VIOLATION,p05-multi-vehicle-at-least-one-violation,train,0,"The dark pickup truck is parked within a clearly marked parking bay, aligned with the white painted lines. The white SUV behind it is also parked within its designated bay. No vehicles are crossing bay boundaries or intruding into travel aisles.",ok,not_recorded_in_frozen_prediction,ok,true,true,true,true,true,true,true,true,true,true,true,true,true,true
IMG_007658,142,00_raw/ai_generated/images/20260902_ai_generated_parking_order_violation_pov_b1_397/IMG_007658.png,1,positive,POV_PARKING_B1_P05_MULTI_VEHICLE_AT_LEAST_ONE_VIOLATION,p05-multi-vehicle-at-least-one-violation,train,0,All visible vehicles are parked within clearly marked parking bays; no vehicle crosses bay boundaries or intrudes into travel aisles.,ok,not_recorded_in_frozen_prediction,ok,true,true,true,true,true,true,true,true,true,true,true,true,true,true
IMG_007659,143,00_raw/ai_generated/images/20260902_ai_generated_parking_order_violation_pov_b1_397/IMG_007659.png,1,positive,POV_PARKING_B1_P05_MULTI_VEHICLE_AT_LEAST_ONE_VIOLATION,p05-multi-vehicle-at-least-one-violation,train,0,"All visible vehicles are positioned within clearly marked parking bays, with no evidence of crossing bay boundaries or intruding into travel aisles.",ok,not_recorded_in_frozen_prediction,ok,true,true,true,true,true,true,true,true,true,true,true,true,true,true
IMG_007660,144,00_raw/ai_generated/images/20260902_ai_generated_parking_order_violation_pov_b1_397/IMG_007660.png,1,positive,POV_PARKING_B1_P05_MULTI_VEHICLE_AT_LEAST_ONE_VIOLATION,p05-multi-vehicle-at-least-one-violation,train,0,All visible vehicles are parked within clearly marked yellow bay lines; no vehicle crosses boundaries or intrudes into travel aisles.,ok,not_recorded_in_frozen_prediction,ok,true,true,true,true,true,true,true,true,true,true,true,true,true,true
IMG_007661,145,00_raw/ai_generated/images/20260902_ai_generated_parking_order_violation_pov_b1_397/IMG_007661.png,1,positive,POV_PARKING_B1_P05_MULTI_VEHICLE_AT_LEAST_ONE_VIOLATION,p05-multi-vehicle-at-least-one-violation,train,0,"All visible vehicles are positioned within clearly marked yellow-lined parking bays, with no evidence of crossing boundaries or intruding into travel aisles.",ok,not_recorded_in_frozen_prediction,ok,true,true,true,true,true,true,true,true,true,true,true,true,true,true
IMG_007662,146,00_raw/ai_generated/images/20260902_ai_generated_parking_order_violation_pov_b1_397/IMG_007662.png,1,positive,POV_PARKING_B1_P05_MULTI_VEHICLE_AT_LEAST_ONE_VIOLATION,p05-multi-vehicle-at-least-one-violation,train,0,All visible vehicles are parked within clearly marked parking bays; no vehicle is shown crossing bay boundaries or intruding into travel aisles.,ok,not_recorded_in_frozen_prediction,ok,true,true,true,true,true,true,true,true,true,true,true,true,true,true
IMG_007663,147,00_raw/ai_generated/images/20260902_ai_generated_parking_order_violation_pov_b1_397/IMG_007663.png,1,positive,POV_PARKING_B1_P05_MULTI_VEHICLE_AT_LEAST_ONE_VIOLATION,p05-multi-vehicle-at-least-one-violation,train,0,"The white vehicle is clearly positioned within a marked parking bay, aligned with the white painted lines. No other vehicles are visibly crossing bay boundaries or intruding into travel aisles. The scene shows orderly parking without evidence of violation.",ok,not_recorded_in_frozen_prediction,ok,true,true,true,true,true,true,true,true,true,true,true,true,true,true
IMG_007664,148,00_raw/ai_generated/images/20260902_ai_generated_parking_order_violation_pov_b1_397/IMG_007664.png,1,positive,POV_PARKING_B1_P05_MULTI_VEHICLE_AT_LEAST_ONE_VIOLATION,p05-multi-vehicle-at-least-one-violation,train,0,"All visible vehicles are parked within clearly marked parking bays, with no evidence of crossing bay boundaries or intruding into travel aisles.",ok,not_recorded_in_frozen_prediction,ok,true,true,true,true,true,true,true,true,true,true,true,true,true,true
IMG_007665,149,00_raw/ai_generated/images/20260902_ai_generated_parking_order_violation_pov_b1_397/IMG_007665.png,1,positive,POV_PARKING_B1_P05_MULTI_VEHICLE_AT_LEAST_ONE_VIOLATION,p05-multi-vehicle-at-least-one-violation,train,0,"All three visible vehicles are clearly positioned within their respective marked parking bays, aligned with yellow boundary lines, showing no evidence of crossing bay boundaries or intruding into travel aisles.",ok,not_recorded_in_frozen_prediction,ok,true,true,true,true,true,true,true,true,true,true,true,true,true,true
IMG_007666,150,00_raw/ai_generated/images/20260902_ai_generated_parking_order_violation_pov_b1_397/IMG_007666.png,1,positive,POV_PARKING_B1_P05_MULTI_VEHICLE_AT_LEAST_ONE_VIOLATION,p05-multi-vehicle-at-least-one-violation,train,0,"The white sedan is clearly parked within its designated bay, aligned with the yellow parking lines and not crossing any boundaries or intruding into travel aisles.",ok,not_recorded_in_frozen_prediction,ok,true,true,true,true,true,true,true,true,true,true,true,true,true,true
IMG_007400,161,00_raw/ai_generated/images/20260902_ai_generated_parking_order_violation_pov_b1_397/IMG_007400.png,0,negative,POV_PARKING_B1_N01_STANDARD_INSIDE_BAY,n01-standard-inside-bay,train,0,"The white van is clearly positioned within a single marked parking bay, and the dark car to its left is also within its own marked bay. No vehicles are crossing boundaries or intruding into travel aisles.",ok,not_recorded_in_frozen_prediction,ok,true,true,true,true,true,true,true,true,true,true,true,true,true,true
IMG_007401,162,00_raw/ai_generated/images/20260902_ai_generated_parking_order_violation_pov_b1_397/IMG_007401.png,0,negative,POV_PARKING_B1_N01_STANDARD_INSIDE_BAY,n01-standard-inside-bay,train,0,"The white van is parked squarely within a single marked parking bay, and the black SUV is also within its own marked bay; no vehicles are crossing boundaries or intruding into travel aisles.",ok,not_recorded_in_frozen_prediction,ok,true,true,true,true,true,true,true,true,true,true,true,true,true,true
IMG_007402,163,00_raw/ai_generated/images/20260902_ai_generated_parking_order_violation_pov_b1_397/IMG_007402.png,0,negative,POV_PARKING_B1_N01_STANDARD_INSIDE_BAY,n01-standard-inside-bay,train,0,"The white van is clearly positioned within the boundaries of a marked parking bay, and the dark car in the background is also within its own marked bay. No vehicles are crossing boundaries or intruding into travel aisles.",ok,not_recorded_in_frozen_prediction,ok,true,true,true,true,true,true,true,true,true,true,true,true,true,true
IMG_007403,164,00_raw/ai_generated/images/20260902_ai_generated_parking_order_violation_pov_b1_397/IMG_007403.png,0,negative,POV_PARKING_B1_N01_STANDARD_INSIDE_BAY,n01-standard-inside-bay,train,0,All visible vehicles are positioned within clearly marked yellow bay boundaries; no vehicle crosses a boundary or intrudes into a travel aisle.,ok,not_recorded_in_frozen_prediction,ok,true,true,true,true,true,true,true,true,true,true,true,true,true,true
IMG_007404,165,00_raw/ai_generated/images/20260902_ai_generated_parking_order_violation_pov_b1_397/IMG_007404.png,0,negative,POV_PARKING_B1_N01_STANDARD_INSIDE_BAY,n01-standard-inside-bay,train,0,"The black pickup truck is fully contained within the yellow-lined parking bay, with no visible intrusion into travel aisles or crossing of bay boundaries.",ok,not_recorded_in_frozen_prediction,ok,true,true,true,true,true,true,true,true,true,true,true,true,true,true
IMG_007405,166,00_raw/ai_generated/images/20260902_ai_generated_parking_order_violation_pov_b1_397/IMG_007405.png,0,negative,POV_PARKING_B1_N01_STANDARD_INSIDE_BAY,n01-standard-inside-bay,train,0,"The primary vehicle is clearly parked within the yellow-lined bay boundaries, and no other vehicles show clear intrusion into travel aisles or bay boundaries.",ok,not_recorded_in_frozen_prediction,ok,true,true,true,true,true,true,true,true,true,true,true,true,true,true
IMG_007406,167,00_raw/ai_generated/images/20260902_ai_generated_parking_order_violation_pov_b1_397/IMG_007406.png,0,negative,POV_PARKING_B1_N01_STANDARD_INSIDE_BAY,n01-standard-inside-bay,train,0,"The red car is clearly parked within its marked bay, and other visible vehicles are also positioned within their respective parking spaces. No vehicles are shown crossing bay boundaries or intruding into travel aisles.",ok,not_recorded_in_frozen_prediction,ok,true,true,true,true,true,true,true,true,true,true,true,true,true,true
IMG_007407,168,00_raw/ai_generated/images/20260902_ai_generated_parking_order_violation_pov_b1_397/IMG_007407.png,0,negative,POV_PARKING_B1_N01_STANDARD_INSIDE_BAY,n01-standard-inside-bay,train,0,"The red Honda is clearly parked within its marked bay boundaries, and other visible vehicles are also within their respective bays or in a queue area.",ok,not_recorded_in_frozen_prediction,ok,true,true,true,true,true,true,true,true,true,true,true,true,true,true
IMG_007408,169,00_raw/ai_generated/images/20260902_ai_generated_parking_order_violation_pov_b1_397/IMG_007408.png,0,negative,POV_PARKING_B1_N01_STANDARD_INSIDE_BAY,n01-standard-inside-bay,train,0,"The red Volvo is clearly parked within its marked bay boundaries, and the white car to the left is also within its designated parking space. No vehicles are crossing bay lines or intruding into travel aisles.",ok,not_recorded_in_frozen_prediction,ok,true,true,true,true,true,true,true,true,true,true,true,true,true,true
IMG_007409,170,00_raw/ai_generated/images/20260902_ai_generated_parking_order_violation_pov_b1_397/IMG_007409.png,0,negative,POV_PARKING_B1_N01_STANDARD_INSIDE_BAY,n01-standard-inside-bay,train,0,"The white vehicle is clearly positioned within the yellow-lined parking bay boundaries, with no visible intrusion into travel aisles or crossing of bay lines. The black vehicle on the right is also within its own marked bay. No evidence of disorderly parking or boundary violation is present.",ok,not_recorded_in_frozen_prediction,ok,true,true,true,true,true,true,true,true,true,true,true,true,true,true
IMG_007410,171,00_raw/ai_generated/images/20260902_ai_generated_parking_order_violation_pov_b1_397/IMG_007410.png,0,negative,POV_PARKING_B1_N01_STANDARD_INSIDE_BAY,n01-standard-inside-bay,train,0,"The white vehicle is clearly parked within the yellow-lined bay boundaries, with no visible intrusion into travel aisles or crossing of bay lines.",ok,not_recorded_in_frozen_prediction,ok,true,true,true,true,true,true,true,true,true,true,true,true,true,true
IMG_007411,172,00_raw/ai_generated/images/20260902_ai_generated_parking_order_violation_pov_b1_397/IMG_007411.png,0,negative,POV_PARKING_B1_N01_STANDARD_INSIDE_BAY,n01-standard-inside-bay,train,0,"The white SUV is clearly parked within the boundaries of a marked parking bay, and the white sedan behind it is also within its own marked bay. No vehicles are crossing bay boundaries or intruding into travel aisles.",ok,not_recorded_in_frozen_prediction,ok,true,true,true,true,true,true,true,true,true,true,true,true,true,true
IMG_007412,173,00_raw/ai_generated/images/20260902_ai_generated_parking_order_violation_pov_b1_397/IMG_007412.png,0,negative,POV_PARKING_B1_N01_STANDARD_INSIDE_BAY,n01-standard-inside-bay,train,0,"The white car is clearly parked within its marked bay, and other visible vehicles are also positioned within their respective parking spaces without crossing boundaries or intruding into aisles.",ok,not_recorded_in_frozen_prediction,ok,true,true,true,true,true,true,true,true,true,true,true,true,true,true
IMG_007413,174,00_raw/ai_generated/images/20260902_ai_generated_parking_order_violation_pov_b1_397/IMG_007413.png,0,negative,POV_PARKING_B1_N01_STANDARD_INSIDE_BAY,n01-standard-inside-bay,train,0,"All visible vehicles are positioned within clearly marked parking bays, with no evidence of crossing boundaries or intruding into travel aisles.",ok,not_recorded_in_frozen_prediction,ok,true,true,true,true,true,true,true,true,true,true,true,true,true,true
IMG_007414,175,00_raw/ai_generated/images/20260902_ai_generated_parking_order_violation_pov_b1_397/IMG_007414.png,0,negative,POV_PARKING_B1_N01_STANDARD_INSIDE_BAY,n01-standard-inside-bay,train,0,"The white sedan is clearly parked within the boundaries of a marked parking bay, with no visible intrusion into travel aisles or crossing of bay lines.",ok,not_recorded_in_frozen_prediction,ok,true,true,true,true,true,true,true,true,true,true,true,true,true,true
IMG_007415,176,00_raw/ai_generated/images/20260902_ai_generated_parking_order_violation_pov_b1_397/IMG_007415.png,0,negative,POV_PARKING_B1_N01_STANDARD_INSIDE_BAY,n01-standard-inside-bay,train,0,"The silver sedan is clearly positioned within the yellow-lined parking bay, with no visible intrusion into travel aisles or crossing of bay boundaries. Other vehicles in the background appear similarly parked within their respective bays. No evidence of disorderly parking or boundary violation is present.",ok,not_recorded_in_frozen_prediction,ok,true,true,true,true,true,true,true,true,true,true,true,true,true,true
IMG_007416,177,00_raw/ai_generated/images/20260902_ai_generated_parking_order_violation_pov_b1_397/IMG_007416.png,0,negative,POV_PARKING_B1_N01_STANDARD_INSIDE_BAY,n01-standard-inside-bay,train,0,"The silver sedan is clearly parked within the boundaries of a marked parking bay, and the grey SUV is also within its own marked bay; no vehicles are crossing boundaries or intruding into travel aisles.",ok,not_recorded_in_frozen_prediction,ok,true,true,true,true,true,true,true,true,true,true,true,true,true,true
IMG_007417,178,00_raw/ai_generated/images/20260902_ai_generated_parking_order_violation_pov_b1_397/IMG_007417.png,0,negative,POV_PARKING_B1_N01_STANDARD_INSIDE_BAY,n01-standard-inside-bay,train,0,"The silver sedan is parked within clearly marked yellow bay lines, and the black vehicle is also within its designated bay; no vehicles are crossing boundaries or intruding into travel aisles.",ok,not_recorded_in_frozen_prediction,ok,true,true,true,true,true,true,true,true,true,true,true,true,true,true
IMG_007418,179,00_raw/ai_generated/images/20260902_ai_generated_parking_order_violation_pov_b1_397/IMG_007418.png,0,negative,POV_PARKING_B1_N01_STANDARD_INSIDE_BAY,n01-standard-inside-bay,train,0,"The single visible vehicle is clearly positioned within the white-painted parking bay lines, with no evidence of crossing boundaries or intruding into travel aisles.",ok,not_recorded_in_frozen_prediction,ok,true,true,true,true,true,true,true,true,true,true,true,true,true,true
IMG_007419,180,00_raw/ai_generated/images/20260902_ai_generated_parking_order_violation_pov_b1_397/IMG_007419.png,0,negative,POV_PARKING_B1_N01_STANDARD_INSIDE_BAY,n01-standard-inside-bay,train,0,"All visible vehicles are positioned within clearly marked parking bays, with no evidence of crossing boundaries or intruding into travel aisles.",ok,not_recorded_in_frozen_prediction,ok,true,true,true,true,true,true,true,true,true,true,true,true,true,true
IMG_007420,181,00_raw/ai_generated/images/20260902_ai_generated_parking_order_violation_pov_b1_397/IMG_007420.png,0,negative,POV_PARKING_B1_N01_STANDARD_INSIDE_BAY,n01-standard-inside-bay,train,0,"The blue SUV is clearly positioned within the white-painted rectangular parking bay markings on the pavement, with no visible intrusion into travel aisles or crossing of bay boundaries.",ok,not_recorded_in_frozen_prediction,ok,true,true,true,true,true,true,true,true,true,true,true,true,true,true
IMG_007421,182,00_raw/ai_generated/images/20260902_ai_generated_parking_order_violation_pov_b1_397/IMG_007421.png,0,negative,POV_PARKING_B1_N01_STANDARD_INSIDE_BAY,n01-standard-inside-bay,train,0,"All visible vehicles are positioned within clearly marked yellow parking bay lines, with no evidence of crossing boundaries or intruding into travel aisles.",ok,not_recorded_in_frozen_prediction,ok,true,true,true,true,true,true,true,true,true,true,true,true,true,true
IMG_007422,183,00_raw/ai_generated/images/20260902_ai_generated_parking_order_violation_pov_b1_397/IMG_007422.png,0,negative,POV_PARKING_B1_N01_STANDARD_INSIDE_BAY,n01-standard-inside-bay,train,0,"The black SUV is clearly positioned within the yellow-lined parking bay boundaries, with no visible intrusion into travel aisles or crossing of bay lines. Other visible vehicles in the background also appear to be parked within their respective marked bays. No evidence of disorderly parking or boundary crossing is present.",ok,not_recorded_in_frozen_prediction,ok,true,true,true,true,true,true,true,true,true,true,true,true,true,true
IMG_007423,184,00_raw/ai_generated/images/20260902_ai_generated_parking_order_violation_pov_b1_397/IMG_007423.png,0,negative,POV_PARKING_B1_N01_STANDARD_INSIDE_BAY,n01-standard-inside-bay,train,0,"The black Ford Explorer is parked within clearly marked yellow bay lines, and other visible vehicles are also positioned within their respective marked bays or in a queue area. No vehicle is shown crossing bay boundaries or intruding into travel aisles.",ok,not_recorded_in_frozen_prediction,ok,true,true,true,true,true,true,true,true,true,true,true,true,true,true
IMG_007424,185,00_raw/ai_generated/images/20260902_ai_generated_parking_order_violation_pov_b1_397/IMG_007424.png,0,negative,POV_PARKING_B1_N01_STANDARD_INSIDE_BAY,n01-standard-inside-bay,train,0,"The primary vehicle is clearly positioned within a marked parking bay, bounded by white lines on both sides and aligned with the parking space geometry. No other vehicles are visible in the immediate vicinity that would suggest a violation. The scene shows no evidence of crossing bay boundaries, spanning multiple bays, or intruding into travel aisles.",ok,not_recorded_in_frozen_prediction,ok,true,true,true,true,true,true,true,true,true,true,true,true,true,true
IMG_007425,186,00_raw/ai_generated/images/20260902_ai_generated_parking_order_violation_pov_b1_397/IMG_007425.png,0,negative,POV_PARKING_B1_N01_STANDARD_INSIDE_BAY,n01-standard-inside-bay,train,0,The primary gray minivan is parked squarely within its marked white-lined bay. Other visible vehicles in the background are also positioned within their respective bays. No vehicles are seen crossing bay boundaries or intruding into travel aisles.,ok,not_recorded_in_frozen_prediction,ok,true,true,true,true,true,true,true,true,true,true,true,true,true,true
IMG_007426,187,00_raw/ai_generated/images/20260902_ai_generated_parking_order_violation_pov_b1_397/IMG_007426.png,0,negative,POV_PARKING_B1_N01_STANDARD_INSIDE_BAY,n01-standard-inside-bay,train,0,"The primary vehicle is clearly parked within the boundaries of a marked parking bay, with no visible intrusion into travel aisles or crossing of bay lines.",ok,not_recorded_in_frozen_prediction,ok,true,true,true,true,true,true,true,true,true,true,true,true,true,true
IMG_007427,188,00_raw/ai_generated/images/20260902_ai_generated_parking_order_violation_pov_b1_397/IMG_007427.png,0,negative,POV_PARKING_B1_N01_STANDARD_INSIDE_BAY,n01-standard-inside-bay,train,0,"The white van is clearly parked within its marked bay, and the black SUV on the right is also within its designated parking space. No vehicles are crossing bay boundaries or intruding into travel aisles.",ok,not_recorded_in_frozen_prediction,ok,true,true,true,true,true,true,true,true,true,true,true,true,true,true
IMG_007428,189,00_raw/ai_generated/images/20260902_ai_generated_parking_order_violation_pov_b1_397/IMG_007428.png,0,negative,POV_PARKING_B1_N01_STANDARD_INSIDE_BAY,n01-standard-inside-bay,train,0,"The white van is clearly positioned within the yellow-lined parking bay boundaries, with no visible intrusion into travel aisles or crossing of bay lines. Other visible vehicles are also within their respective marked bays.",ok,not_recorded_in_frozen_prediction,ok,true,true,true,true,true,true,true,true,true,true,true,true,true,true
IMG_007429,190,00_raw/ai_generated/images/20260902_ai_generated_parking_order_violation_pov_b1_397/IMG_007429.png,0,negative,POV_PARKING_B1_N01_STANDARD_INSIDE_BAY,n01-standard-inside-bay,train,0,"The white van is clearly parked within a marked parking bay, aligned with yellow boundary lines and not intruding into any travel aisle or crossing bay boundaries. The black SUV to the left is also within its own marked bay. No vehicles are visibly violating parking order rules.",ok,not_recorded_in_frozen_prediction,ok,true,true,true,true,true,true,true,true,true,true,true,true,true,true
IMG_007430,191,00_raw/ai_generated/images/20260902_ai_generated_parking_order_violation_pov_b1_397/IMG_007430.png,0,negative,POV_PARKING_B1_N02_CLOSE_TO_LINE_BUT_INSIDE,n02-close-to-line-but-inside,train,0,"The vehicle is positioned within a clearly marked parking bay, bounded by white lines on both sides, with no visible intrusion into travel lanes or crossing of bay boundaries.",ok,not_recorded_in_frozen_prediction,ok,true,true,true,true,true,true,true,true,true,true,true,true,true,true
IMG_007431,192,00_raw/ai_generated/images/20260902_ai_generated_parking_order_violation_pov_b1_397/IMG_007431.png,0,negative,POV_PARKING_B1_N02_CLOSE_TO_LINE_BUT_INSIDE,n02-close-to-line-but-inside,train,0,"The primary vehicle is clearly parked within a marked bay, and other visible vehicles are also positioned within their respective marked bays without crossing boundaries or intruding into travel aisles.",ok,not_recorded_in_frozen_prediction,ok,true,true,true,true,true,true,true,true,true,true,true,true,true,true
IMG_007432,193,00_raw/ai_generated/images/20260902_ai_generated_parking_order_violation_pov_b1_397/IMG_007432.png,0,negative,POV_PARKING_B1_N02_CLOSE_TO_LINE_BUT_INSIDE,n02-close-to-line-but-inside,train,1,"The dark pickup truck is positioned diagonally across the white lane marking, occupying the travel lane rather than a designated parking bay, which constitutes a clear violation of parking order.",ok,not_recorded_in_frozen_prediction,ok,true,true,true,true,true,true,true,true,true,true,true,true,true,true
IMG_007433,194,00_raw/ai_generated/images/20260902_ai_generated_parking_order_violation_pov_b1_397/IMG_007433.png,0,negative,POV_PARKING_B1_N02_CLOSE_TO_LINE_BUT_INSIDE,n02-close-to-line-but-inside,train,0,"The red car is positioned within a marked parking bay, and the grey SUV to its left is also parked within its designated bay. There is no visible evidence of any vehicle crossing bay boundaries or intruding into travel aisles.",ok,not_recorded_in_frozen_prediction,ok,true,true,true,true,true,true,true,true,true,true,true,true,true,true
IMG_007434,195,00_raw/ai_generated/images/20260902_ai_generated_parking_order_violation_pov_b1_397/IMG_007434.png,0,negative,POV_PARKING_B1_N02_CLOSE_TO_LINE_BUT_INSIDE,n02-close-to-line-but-inside,train,0,"The red vehicle is parked within a clearly marked parking bay, aligned with the yellow line and not crossing any boundaries or intruding into travel lanes.",ok,not_recorded_in_frozen_prediction,ok,true,true,true,true,true,true,true,true,true,true,true,true,true,true
IMG_007435,196,00_raw/ai_generated/images/20260902_ai_generated_parking_order_violation_pov_b1_397/IMG_007435.png,0,negative,POV_PARKING_B1_N02_CLOSE_TO_LINE_BUT_INSIDE,n02-close-to-line-but-inside,train,0,"The red car is clearly parked within a marked bay, aligned with the yellow parking line and not crossing any boundaries or intruding into a travel aisle.",ok,not_recorded_in_frozen_prediction,ok,true,true,true,true,true,true,true,true,true,true,true,true,true,true
IMG_007436,197,00_raw/ai_generated/images/20260902_ai_generated_parking_order_violation_pov_b1_397/IMG_007436.png,0,negative,POV_PARKING_B1_N02_CLOSE_TO_LINE_BUT_INSIDE,n02-close-to-line-but-inside,train,0,"The white car is clearly parked within the marked parking bay, and other visible vehicles are also within their respective bays or in a queue area.",ok,not_recorded_in_frozen_prediction,ok,true,true,true,true,true,true,true,true,true,true,true,true,true,true
IMG_007437,198,00_raw/ai_generated/images/20260902_ai_generated_parking_order_violation_pov_b1_397/IMG_007437.png,0,negative,POV_PARKING_B1_N02_CLOSE_TO_LINE_BUT_INSIDE,n02-close-to-line-but-inside,train,0,"The white vehicle is clearly positioned within a marked parking bay, aligned with the bay boundaries and not intruding into any travel aisle or crossing bay lines.",ok,not_recorded_in_frozen_prediction,ok,true,true,true,true,true,true,true,true,true,true,true,true,true,true
IMG_007438,199,00_raw/ai_generated/images/20260902_ai_generated_parking_order_violation_pov_b1_397/IMG_007438.png,0,negative,POV_PARKING_B1_N02_CLOSE_TO_LINE_BUT_INSIDE,n02-close-to-line-but-inside,train,0,"The white vehicle is clearly parked within the boundaries of a marked parking bay, and the dark vehicle on the right is also within its own marked bay; no vehicles are crossing boundaries or intruding into travel aisles.",ok,not_recorded_in_frozen_prediction,ok,true,true,true,true,true,true,true,true,true,true,true,true,true,true
IMG_007439,200,00_raw/ai_generated/images/20260902_ai_generated_parking_order_violation_pov_b1_397/IMG_007439.png,0,negative,POV_PARKING_B1_N02_CLOSE_TO_LINE_BUT_INSIDE,n02-close-to-line-but-inside,train,0,"The white car is clearly positioned within the yellow-lined parking bay, with no visible boundary crossing or intrusion into travel lanes.",ok,not_recorded_in_frozen_prediction,ok,true,true,true,true,true,true,true,true,true,true,true,true,true,true
IMG_007440,201,00_raw/ai_generated/images/20260902_ai_generated_parking_order_violation_pov_b1_397/IMG_007440.png,0,negative,POV_PARKING_B1_N02_CLOSE_TO_LINE_BUT_INSIDE,n02-close-to-line-but-inside,train,0,"The white sedan is clearly positioned within the yellow-lined parking bay, with no visible intrusion into travel lanes or crossing of bay boundaries.",ok,not_recorded_in_frozen_prediction,ok,true,true,true,true,true,true,true,true,true,true,true,true,true,true
IMG_007441,202,00_raw/ai_generated/images/20260902_ai_generated_parking_order_violation_pov_b1_397/IMG_007441.png,0,negative,POV_PARKING_B1_N02_CLOSE_TO_LINE_BUT_INSIDE,n02-close-to-line-but-inside,train,0,"The white sedan is clearly positioned within the yellow-lined parking bay, with no visible intrusion into travel aisles or crossing of bay boundaries.",ok,not_recorded_in_frozen_prediction,ok,true,true,true,true,true,true,true,true,true,true,true,true,true,true
IMG_007442,203,00_raw/ai_generated/images/20260902_ai_generated_parking_order_violation_pov_b1_397/IMG_007442.png,0,negative,POV_PARKING_B1_N02_CLOSE_TO_LINE_BUT_INSIDE,n02-close-to-line-but-inside,train,0,"The silver sedan is clearly positioned within the white-painted parking bay lines, with no visible intrusion into travel aisles or crossing of bay boundaries.",ok,not_recorded_in_frozen_prediction,ok,true,true,true,true,true,true,true,true,true,true,true,true,true,true
IMG_007443,204,00_raw/ai_generated/images/20260902_ai_generated_parking_order_violation_pov_b1_397/IMG_007443.png,0,negative,POV_PARKING_B1_N02_CLOSE_TO_LINE_BUT_INSIDE,n02-close-to-line-but-inside,train,0,"The silver sedan is clearly parked within the white-lined parking bay boundaries, and the black SUV behind it is also within its own marked bay. No vehicles are crossing boundaries or intruding into travel aisles.",ok,not_recorded_in_frozen_prediction,ok,true,true,true,true,true,true,true,true,true,true,true,true,true,true
IMG_007444,205,00_raw/ai_generated/images/20260902_ai_generated_parking_order_violation_pov_b1_397/IMG_007444.png,0,negative,POV_PARKING_B1_N02_CLOSE_TO_LINE_BUT_INSIDE,n02-close-to-line-but-inside,train,0,"The silver sedan is parked within a clearly marked white-lined parking bay, and the adjacent white SUV is also within its own marked bay; no vehicles are crossing boundaries or intruding into travel aisles.",ok,not_recorded_in_frozen_prediction,ok,true,true,true,true,true,true,true,true,true,true,true,true,true,true
IMG_007445,206,00_raw/ai_generated/images/20260902_ai_generated_parking_order_violation_pov_b1_397/IMG_007445.png,0,negative,POV_PARKING_B1_N02_CLOSE_TO_LINE_BUT_INSIDE,n02-close-to-line-but-inside,train,0,"The blue SUV is positioned squarely within a single marked parking bay, bounded by yellow lines on both sides, with no visible intrusion into travel aisles or adjacent bays.",ok,not_recorded_in_frozen_prediction,ok,true,true,true,true,true,true,true,true,true,true,true,true,true,true
IMG_007446,207,00_raw/ai_generated/images/20260902_ai_generated_parking_order_violation_pov_b1_397/IMG_007446.png,0,negative,POV_PARKING_B1_N02_CLOSE_TO_LINE_BUT_INSIDE,n02-close-to-line-but-inside,train,0,"The blue SUV is parked within a clearly marked yellow-lined bay, and the white sedan behind it is also within its own marked bay; no vehicles are crossing boundaries or intruding into travel aisles.",ok,not_recorded_in_frozen_prediction,ok,true,true,true,true,true,true,true,true,true,true,true,true,true,true
IMG_007447,208,00_raw/ai_generated/images/20260902_ai_generated_parking_order_violation_pov_b1_397/IMG_007447.png,0,negative,POV_PARKING_B1_N02_CLOSE_TO_LINE_BUT_INSIDE,n02-close-to-line-but-inside,train,0,"All visible vehicles are parked within clearly marked yellow bay lines, with no evidence of crossing boundaries or intruding into travel aisles.",ok,not_recorded_in_frozen_prediction,ok,true,true,true,true,true,true,true,true,true,true,true,true,true,true
IMG_007448,209,00_raw/ai_generated/images/20260902_ai_generated_parking_order_violation_pov_b1_397/IMG_007448.png,0,negative,POV_PARKING_B1_N02_CLOSE_TO_LINE_BUT_INSIDE,n02-close-to-line-but-inside,train,0,"The black vehicle is clearly positioned within its designated parking bay, bounded by visible white painted lines on both sides. The white vehicle to the right is also parked within its own marked bay. There is no visible evidence of any vehicle crossing bay boundaries, occupying multiple bays, or intruding into a travel aisle.",ok,not_recorded_in_frozen_prediction,ok,true,true,true,true,true,true,true,true,true,true,true,true,true,true
IMG_007449,210,00_raw/ai_generated/images/20260902_ai_generated_parking_order_violation_pov_b1_397/IMG_007449.png,0,negative,POV_PARKING_B1_N02_CLOSE_TO_LINE_BUT_INSIDE,n02-close-to-line-but-inside,train,0,"The black SUV is parked within a clearly marked white-lined bay, and the white sedan behind it is also within its own marked bay; no vehicles are crossing boundaries or intruding into travel aisles.",ok,not_recorded_in_frozen_prediction,ok,true,true,true,true,true,true,true,true,true,true,true,true,true,true
IMG_007450,211,00_raw/ai_generated/images/20260902_ai_generated_parking_order_violation_pov_b1_397/IMG_007450.png,0,negative,POV_PARKING_B1_N02_CLOSE_TO_LINE_BUT_INSIDE,n02-close-to-line-but-inside,train,0,"The black SUV is clearly positioned within a single marked parking bay, aligned with the white boundary lines, and not intruding into the travel aisle or crossing bay boundaries.",ok,not_recorded_in_frozen_prediction,ok,true,true,true,true,true,true,true,true,true,true,true,true,true,true
IMG_007451,212,00_raw/ai_generated/images/20260902_ai_generated_parking_order_violation_pov_b1_397/IMG_007451.png,0,negative,POV_PARKING_B1_N02_CLOSE_TO_LINE_BUT_INSIDE,n02-close-to-line-but-inside,train,0,"The vehicle is positioned within the yellow-lined parking bay, with no visible boundary crossing or intrusion into a travel aisle.",ok,not_recorded_in_frozen_prediction,ok,true,true,true,true,true,true,true,true,true,true,true,true,true,true
IMG_007452,213,00_raw/ai_generated/images/20260902_ai_generated_parking_order_violation_pov_b1_397/IMG_007452.png,0,negative,POV_PARKING_B1_N02_CLOSE_TO_LINE_BUT_INSIDE,n02-close-to-line-but-inside,train,1,"The grey minivan is parked diagonally across the yellow line, intruding into the travel lane rather than being aligned within a marked parking bay.",ok,not_recorded_in_frozen_prediction,ok,true,true,true,true,true,true,true,true,true,true,true,true,true,true
IMG_007453,214,00_raw/ai_generated/images/20260902_ai_generated_parking_order_violation_pov_b1_397/IMG_007453.png,0,negative,POV_PARKING_B1_N02_CLOSE_TO_LINE_BUT_INSIDE,n02-close-to-line-but-inside,train,0,"The white van is clearly positioned within a single marked parking bay, with visible white lines on both sides and behind it, indicating compliant parking without boundary crossing or aisle intrusion.",ok,not_recorded_in_frozen_prediction,ok,true,true,true,true,true,true,true,true,true,true,true,true,true,true
IMG_007454,215,00_raw/ai_generated/images/20260902_ai_generated_parking_order_violation_pov_b1_397/IMG_007454.png,0,negative,POV_PARKING_B1_N02_CLOSE_TO_LINE_BUT_INSIDE,n02-close-to-line-but-inside,train,0,"The white van is clearly positioned within the boundaries of a marked parking bay, with no visible intrusion into travel aisles or crossing of bay lines.",ok,not_recorded_in_frozen_prediction,ok,true,true,true,true,true,true,true,true,true,true,true,true,true,true
IMG_007470,231,00_raw/ai_generated/images/20260902_ai_generated_parking_order_violation_pov_b1_397/IMG_007470.png,0,negative,POV_PARKING_B1_N04_PARALLEL_BAY_CORRECT,n04-parallel-bay-correct,train,0,"The vehicle is clearly positioned within the white-painted parking bay lines, with no visible intrusion into travel lanes or crossing of bay boundaries.",ok,not_recorded_in_frozen_prediction,ok,true,true,true,true,true,true,true,true,true,true,true,true,true,true
IMG_007471,232,00_raw/ai_generated/images/20260902_ai_generated_parking_order_violation_pov_b1_397/IMG_007471.png,0,negative,POV_PARKING_B1_N04_PARALLEL_BAY_CORRECT,n04-parallel-bay-correct,train,0,"The blue SUV is parked within a clearly marked white-lined parking bay, aligned with the bay boundaries and not intruding into a travel aisle or crossing bay lines.",ok,not_recorded_in_frozen_prediction,ok,true,true,true,true,true,true,true,true,true,true,true,true,true,true
IMG_007472,233,00_raw/ai_generated/images/20260902_ai_generated_parking_order_violation_pov_b1_397/IMG_007472.png,0,negative,POV_PARKING_B1_N04_PARALLEL_BAY_CORRECT,n04-parallel-bay-correct,train,0,"The blue SUV is parked within a clearly marked white-lined parking bay, aligned with the bay boundaries and not crossing into travel lanes or other bays.",ok,not_recorded_in_frozen_prediction,ok,true,true,true,true,true,true,true,true,true,true,true,true,true,true
IMG_007473,234,00_raw/ai_generated/images/20260902_ai_generated_parking_order_violation_pov_b1_397/IMG_007473.png,0,negative,POV_PARKING_B1_N04_PARALLEL_BAY_CORRECT,n04-parallel-bay-correct,train,0,"The black SUV is parked within a clearly marked parking bay, aligned with the yellow boundary lines, showing no evidence of crossing bay boundaries or intruding into travel aisles.",ok,not_recorded_in_frozen_prediction,ok,true,true,true,true,true,true,true,true,true,true,true,true,true,true
IMG_007474,235,00_raw/ai_generated/images/20260902_ai_generated_parking_order_violation_pov_b1_397/IMG_007474.png,0,negative,POV_PARKING_B1_N04_PARALLEL_BAY_CORRECT,n04-parallel-bay-correct,train,0,"The black SUV is clearly positioned within the yellow-lined parking bay, with no visible boundary crossing or intrusion into travel lanes.",ok,not_recorded_in_frozen_prediction,ok,true,true,true,true,true,true,true,true,true,true,true,true,true,true
IMG_007475,236,00_raw/ai_generated/images/20260902_ai_generated_parking_order_violation_pov_b1_397/IMG_007475.png,0,negative,POV_PARKING_B1_N04_PARALLEL_BAY_CORRECT,n04-parallel-bay-correct,train,0,"The black SUV is clearly parked within the boundaries of a marked parking bay, with no visible intrusion into travel aisles or crossing of bay lines.",ok,not_recorded_in_frozen_prediction,ok,true,true,true,true,true,true,true,true,true,true,true,true,true,true
IMG_007476,237,00_raw/ai_generated/images/20260902_ai_generated_parking_order_violation_pov_b1_397/IMG_007476.png,0,negative,POV_PARKING_B1_N04_PARALLEL_BAY_CORRECT,n04-parallel-bay-correct,train,0,"The primary vehicle is clearly positioned within the white-painted parking bay boundaries, with no visible intrusion into travel aisles or crossing of bay lines.",ok,not_recorded_in_frozen_prediction,ok,true,true,true,true,true,true,true,true,true,true,true,true,true,true
IMG_007477,238,00_raw/ai_generated/images/20260902_ai_generated_parking_order_violation_pov_b1_397/IMG_007477.png,0,negative,POV_PARKING_B1_N04_PARALLEL_BAY_CORRECT,n04-parallel-bay-correct,train,0,"The vehicle is parked within a clearly marked parking bay, aligned with the curb and not crossing any bay boundaries or intruding into a travel aisle.",ok,not_recorded_in_frozen_prediction,ok,true,true,true,true,true,true,true,true,true,true,true,true,true,true
IMG_007478,239,00_raw/ai_generated/images/20260902_ai_generated_parking_order_violation_pov_b1_397/IMG_007478.png,0,negative,POV_PARKING_B1_N04_PARALLEL_BAY_CORRECT,n04-parallel-bay-correct,train,0,"The single visible vehicle is clearly parked within the boundaries of a marked parking bay, with no evidence of crossing bay lines or intruding into travel aisles.",ok,not_recorded_in_frozen_prediction,ok,true,true,true,true,true,true,true,true,true,true,true,true,true,true
IMG_007479,240,00_raw/ai_generated/images/20260902_ai_generated_parking_order_violation_pov_b1_397/IMG_007479.png,0,negative,POV_PARKING_B1_N04_PARALLEL_BAY_CORRECT,n04-parallel-bay-correct,train,0,"The white van is clearly positioned within the yellow-lined parking bay, with no visible intrusion into travel lanes or crossing of bay boundaries.",ok,not_recorded_in_frozen_prediction,ok,true,true,true,true,true,true,true,true,true,true,true,true,true,true
IMG_007480,241,00_raw/ai_generated/images/20260902_ai_generated_parking_order_violation_pov_b1_397/IMG_007480.png,0,negative,POV_PARKING_B1_N04_PARALLEL_BAY_CORRECT,n04-parallel-bay-correct,train,0,"The white van is parked within the yellow-lined bay markings on the ground, and no other vehicles are seen intruding into travel aisles or crossing bay boundaries.",ok,not_recorded_in_frozen_prediction,ok,true,true,true,true,true,true,true,true,true,true,true,true,true,true
IMG_007481,242,00_raw/ai_generated/images/20260902_ai_generated_parking_order_violation_pov_b1_397/IMG_007481.png,0,negative,POV_PARKING_B1_N04_PARALLEL_BAY_CORRECT,n04-parallel-bay-correct,train,0,"The white van is parked within the yellow-lined bay, and the black car in the background is also within its own marked bay; no vehicles are crossing boundaries or intruding into travel aisles.",ok,not_recorded_in_frozen_prediction,ok,true,true,true,true,true,true,true,true,true,true,true,true,true,true
IMG_007482,243,00_raw/ai_generated/images/20260902_ai_generated_parking_order_violation_pov_b1_397/IMG_007482.png,0,negative,POV_PARKING_B1_N04_PARALLEL_BAY_CORRECT,n04-parallel-bay-correct,train,0,"The primary vehicle is clearly parked within a marked white-lined bay. Other vehicles in the background appear to be in a row of parked cars or a queue, not intruding into travel aisles.",ok,not_recorded_in_frozen_prediction,ok,true,true,true,true,true,true,true,true,true,true,true,true,true,true
IMG_007483,244,00_raw/ai_generated/images/20260902_ai_generated_parking_order_violation_pov_b1_397/IMG_007483.png,0,negative,POV_PARKING_B1_N04_PARALLEL_BAY_CORRECT,n04-parallel-bay-correct,train,0,"The vehicle is clearly parked within a marked parking bay, aligned with the white line boundaries, showing no boundary crossing or intrusion into travel aisles.",ok,not_recorded_in_frozen_prediction,ok,true,true,true,true,true,true,true,true,true,true,true,true,true,true
IMG_007484,245,00_raw/ai_generated/images/20260902_ai_generated_parking_order_violation_pov_b1_397/IMG_007484.png,0,negative,POV_PARKING_B1_N04_PARALLEL_BAY_CORRECT,n04-parallel-bay-correct,train,0,"The vehicle is clearly parked within the boundaries of a marked parking bay, with no visible intrusion into travel aisles or crossing of bay lines.",ok,not_recorded_in_frozen_prediction,ok,true,true,true,true,true,true,true,true,true,true,true,true,true,true
IMG_007320,281,00_raw/ai_generated/images/20260902_ai_generated_parking_order_violation_pov_b1_397/IMG_007320.png,0,hard_negative,POV_PARKING_B1_HN01_GATE_QUEUE,hn01-gate-queue,train,0,"The silver Honda is positioned in a single lane at a gate entrance, consistent with a temporary queue for entry/exit rather than disorderly parking. No vehicles are seen crossing bay boundaries or intruding into travel aisles.",ok,not_recorded_in_frozen_prediction,ok,true,true,true,true,true,true,true,true,true,true,true,true,true,true
IMG_007321,282,00_raw/ai_generated/images/20260902_ai_generated_parking_order_violation_pov_b1_397/IMG_007321.png,0,hard_negative,POV_PARKING_B1_HN01_GATE_QUEUE,hn01-gate-queue,train,0,"The silver car is positioned within a clearly marked parking bay, and the white car behind it appears to be in a normal queue at a gate entrance, not disorderly parking.",ok,not_recorded_in_frozen_prediction,ok,true,true,true,true,true,true,true,true,true,true,true,true,true,true
IMG_007322,283,00_raw/ai_generated/images/20260902_ai_generated_parking_order_violation_pov_b1_397/IMG_007322.png,0,hard_negative,POV_PARKING_B1_HN01_GATE_QUEUE,hn01-gate-queue,train,0,"The scene shows a normal gate queue with vehicles waiting at a barrier, which is a temporary queue rather than disorderly parking.",ok,not_recorded_in_frozen_prediction,ok,true,true,true,true,true,true,true,true,true,true,true,true,true,true
IMG_007323,284,00_raw/ai_generated/images/20260902_ai_generated_parking_order_violation_pov_b1_397/IMG_007323.png,0,hard_negative,POV_PARKING_B1_HN01_GATE_QUEUE,hn01-gate-queue,train,0,"The black car is positioned in a single lane at a security gate, behind a barrier arm, consistent with normal gate queuing or temporary waiting rather than disorderly parking.",ok,not_recorded_in_frozen_prediction,ok,true,true,true,true,true,true,true,true,true,true,true,true,true,true
IMG_007324,285,00_raw/ai_generated/images/20260902_ai_generated_parking_order_violation_pov_b1_397/IMG_007324.png,0,hard_negative,POV_PARKING_B1_HN01_GATE_QUEUE,hn01-gate-queue,train,0,"The visible vehicles are arranged in a line along the right side of the paved area, consistent with a normal gate queue or temporary waiting line rather than disorderly parking. No vehicle is clearly shown crossing a bay boundary, spanning multiple bays, or intruding into a travel aisle. The scene lacks clear parking bay markings to definitively confirm violation geometry, but the arrangement does not meet the positive criteria for parking_order_violation.",ok,not_recorded_in_frozen_prediction,ok,true,true,true,true,true,true,true,true,true,true,true,true,true,true
IMG_007325,286,00_raw/ai_generated/images/20260902_ai_generated_parking_order_violation_pov_b1_397/IMG_007325.png,0,hard_negative,POV_PARKING_B1_HN01_GATE_QUEUE,hn01-gate-queue,train,0,"The blue SUV is positioned within a clearly marked parking bay, and the white vehicle behind it is also within its designated bay. The scene depicts a normal queue at a gate entrance, not disorderly parking.",ok,not_recorded_in_frozen_prediction,ok,true,true,true,true,true,true,true,true,true,true,true,true,true,true
IMG_007326,287,00_raw/ai_generated/images/20260902_ai_generated_parking_order_violation_pov_b1_397/IMG_007326.png,0,hard_negative,POV_PARKING_B1_HN01_GATE_QUEUE,hn01-gate-queue,train,0,"The scene shows a queue of vehicles at a toll/entry gate, which is a normal temporary queue rather than disorderly parking. The lead black SUV is positioned in a travel lane approaching the booth, not parked outside a bay or intruding into a non-parking area. No clear boundary crossing or parking violation is visible.",ok,not_recorded_in_frozen_prediction,ok,true,true,true,true,true,true,true,true,true,true,true,true,true,true
IMG_007327,288,00_raw/ai_generated/images/20260902_ai_generated_parking_order_violation_pov_b1_397/IMG_007327.png,0,hard_negative,POV_PARKING_B1_HN01_GATE_QUEUE,hn01-gate-queue,train,0,"The scene shows a line of vehicles in what appears to be a normal gate queue or temporary line, not disorderly parking. The vehicles are aligned in a single file, consistent with a queue rather than parked outside marked bays.",ok,not_recorded_in_frozen_prediction,ok,true,true,true,true,true,true,true,true,true,true,true,true,true,true
IMG_007328,289,00_raw/ai_generated/images/20260902_ai_generated_parking_order_violation_pov_b1_397/IMG_007328.png,0,hard_negative,POV_PARKING_B1_HN01_GATE_QUEUE,hn01-gate-queue,train,0,"The scene shows a line of vehicles at a parking gate entrance, which is a normal queueing scenario rather than disorderly parking. The vehicles are aligned in a single file and appear to be waiting to enter or exit, not parked outside marked bays or intruding into travel aisles. No clear boundary crossing or non-parking intrusion is visible.",ok,not_recorded_in_frozen_prediction,ok,true,true,true,true,true,true,true,true,true,true,true,true,true,true
IMG_007329,290,00_raw/ai_generated/images/20260902_ai_generated_parking_order_violation_pov_b1_397/IMG_007329.png,0,hard_negative,POV_PARKING_B1_HN01_GATE_QUEUE,hn01-gate-queue,train,0,"The silver minivan is parked within a clearly marked bay, and the white vehicle behind it is also positioned within its designated bay. The scene depicts a normal queue of parked cars in a parking garage, with no visible boundary crossing or intrusion into travel aisles.",ok,not_recorded_in_frozen_prediction,ok,true,true,true,true,true,true,true,true,true,true,true,true,true,true
IMG_007330,291,00_raw/ai_generated/images/20260902_ai_generated_parking_order_violation_pov_b1_397/IMG_007330.png,0,hard_negative,POV_PARKING_B1_HN01_GATE_QUEUE,hn01-gate-queue,train,0,"The scene shows a line of vehicles at a parking gate, which is a normal queue for temporary parking or entry/exit, not disorderly parking. All vehicles appear to be positioned within their respective bays or in the travel lane as expected for a gate queue.",ok,not_recorded_in_frozen_prediction,ok,true,true,true,true,true,true,true,true,true,true,true,true,true,true
IMG_007331,292,00_raw/ai_generated/images/20260902_ai_generated_parking_order_violation_pov_b1_397/IMG_007331.png,0,hard_negative,POV_PARKING_B1_HN01_GATE_QUEUE,hn01-gate-queue,train,0,"The visible vehicles are in a line at a parking gate, which is a normal queue for temporary parking or entry/exit, not disorderly parking.",ok,not_recorded_in_frozen_prediction,ok,true,true,true,true,true,true,true,true,true,true,true,true,true,true
IMG_007332,293,00_raw/ai_generated/images/20260902_ai_generated_parking_order_violation_pov_b1_397/IMG_007332.png,0,hard_negative,POV_PARKING_B1_HN01_GATE_QUEUE,hn01-gate-queue,train,0,"The white van is positioned within a clearly marked parking bay, aligned with the lane markings and not crossing any boundaries or intruding into the travel aisle. The scene appears to be a normal parking area with no visible violation of parking order.",ok,not_recorded_in_frozen_prediction,ok,true,true,true,true,true,true,true,true,true,true,true,true,true,true
IMG_007333,294,00_raw/ai_generated/images/20260902_ai_generated_parking_order_violation_pov_b1_397/IMG_007333.png,0,hard_negative,POV_PARKING_B1_HN01_GATE_QUEUE,hn01-gate-queue,train,0,"The white van is positioned within a clearly marked parking bay, and the white car behind it is in a subsequent bay. The scene depicts a normal queue at a gate entrance rather than disorderly parking.",ok,not_recorded_in_frozen_prediction,ok,true,true,true,true,true,true,true,true,true,true,true,true,true,true
IMG_007334,295,00_raw/ai_generated/images/20260902_ai_generated_parking_order_violation_pov_b1_397/IMG_007334.png,0,hard_negative,POV_PARKING_B1_HN01_GATE_QUEUE,hn01-gate-queue,train,0,"The white van is parked within a clearly marked parking bay, and the white car behind it is in a normal gate queue or temporary line, not disorderly parking.",ok,not_recorded_in_frozen_prediction,ok,true,true,true,true,true,true,true,true,true,true,true,true,true,true
IMG_007335,296,00_raw/ai_generated/images/20260902_ai_generated_parking_order_violation_pov_b1_397/IMG_007335.png,0,hard_negative,POV_PARKING_B1_HN01_GATE_QUEUE,hn01-gate-queue,train,0,"The scene depicts a normal gate queue with vehicles lined up behind a barrier, which is a temporary queue rather than disorderly parking.",ok,not_recorded_in_frozen_prediction,ok,true,true,true,true,true,true,true,true,true,true,true,true,true,true
IMG_007336,297,00_raw/ai_generated/images/20260902_ai_generated_parking_order_violation_pov_b1_397/IMG_007336.png,0,hard_negative,POV_PARKING_B1_HN01_GATE_QUEUE,hn01-gate-queue,train,0,"The scene shows a line of vehicles (a black pickup truck and others) queuing at a security gate, which is a normal temporary queue rather than disorderly parking. No vehicle is visibly parked outside a legal bay or intruding into a travel aisle.",ok,not_recorded_in_frozen_prediction,ok,true,true,true,true,true,true,true,true,true,true,true,true,true,true
IMG_007337,298,00_raw/ai_generated/images/20260902_ai_generated_parking_order_violation_pov_b1_397/IMG_007337.png,0,hard_negative,POV_PARKING_B1_HN01_GATE_QUEUE,hn01-gate-queue,train,0,"The scene shows a line of vehicles at a parking gate, which is a normal queue rather than disorderly parking. The vehicles are not visibly parked outside marked bays or intruding into travel aisles.",ok,not_recorded_in_frozen_prediction,ok,true,true,true,true,true,true,true,true,true,true,true,true,true,true
IMG_007338,299,00_raw/ai_generated/images/20260902_ai_generated_parking_order_violation_pov_b1_397/IMG_007338.png,0,hard_negative,POV_PARKING_B1_HN01_GATE_QUEUE,hn01-gate-queue,train,0,"The red car is positioned in a queue at a gate entrance, behind other vehicles, which constitutes a normal temporary queue rather than disorderly parking or bay intrusion.",ok,not_recorded_in_frozen_prediction,ok,true,true,true,true,true,true,true,true,true,true,true,true,true,true
IMG_007339,300,00_raw/ai_generated/images/20260902_ai_generated_parking_order_violation_pov_b1_397/IMG_007339.png,0,hard_negative,POV_PARKING_B1_HN01_GATE_QUEUE,hn01-gate-queue,train,0,All visible vehicles are parked within marked bays or in a queue area; no vehicle is shown crossing bay boundaries or intruding into travel aisles.,ok,not_recorded_in_frozen_prediction,ok,true,true,true,true,true,true,true,true,true,true,true,true,true,true
IMG_007340,301,00_raw/ai_generated/images/20260902_ai_generated_parking_order_violation_pov_b1_397/IMG_007340.png,0,hard_negative,POV_PARKING_B1_HN01_GATE_QUEUE,hn01-gate-queue,train,0,"The visible vehicles are arranged in a single-file line at a gate entrance, consistent with normal queuing behavior rather than disorderly parking. No vehicle is shown crossing bay boundaries or intruding into a travel aisle; the scene depicts an orderly gate queue.",ok,not_recorded_in_frozen_prediction,ok,true,true,true,true,true,true,true,true,true,true,true,true,true,true
IMG_007341,302,00_raw/ai_generated/images/20260902_ai_generated_parking_order_violation_pov_b1_397/IMG_007341.png,0,hard_negative,POV_PARKING_B1_HN01_GATE_QUEUE,hn01-gate-queue,train,0,"The scene shows a line of vehicles at a gated entrance, which is a normal queue for temporary entry/exit, not disorderly parking.",ok,not_recorded_in_frozen_prediction,ok,true,true,true,true,true,true,true,true,true,true,true,true,true,true
IMG_007342,303,00_raw/ai_generated/images/20260902_ai_generated_parking_order_violation_pov_b1_397/IMG_007342.png,0,hard_negative,POV_PARKING_B1_HN01_GATE_QUEUE,hn01-gate-queue,train,0,"The scene depicts a queue of vehicles at a gate entrance, which is a normal temporary queue rather than disorderly parking. The vehicles are aligned in a line and do not show clear evidence of crossing bay boundaries or intruding into travel aisles beyond what is typical for gate queuing.",ok,not_recorded_in_frozen_prediction,ok,true,true,true,true,true,true,true,true,true,true,true,true,true,true
IMG_007343,304,00_raw/ai_generated/images/20260902_ai_generated_parking_order_violation_pov_b1_397/IMG_007343.png,0,hard_negative,POV_PARKING_B1_HN01_GATE_QUEUE,hn01-gate-queue,train,0,"The scene shows a queue of vehicles at a covered entrance/gate area, which is a normal temporary queue rather than disorderly parking. The vehicles are aligned in a line and do not show clear evidence of crossing bay boundaries or intruding into travel aisles. The visible markings and context suggest a structured entry/exit point, not a parking violation.",ok,not_recorded_in_frozen_prediction,ok,true,true,true,true,true,true,true,true,true,true,true,true,true,true
IMG_007344,305,00_raw/ai_generated/images/20260902_ai_generated_parking_order_violation_pov_b1_397/IMG_007344.png,0,hard_negative,POV_PARKING_B1_HN01_GATE_QUEUE,hn01-gate-queue,train,0,"The white sedan is positioned in a lane with clear lane markings and appears to be in a queue or travel lane, not parked in a bay. The second vehicle behind it is also in the same lane. There is no visible evidence of vehicles parked outside marked bays or crossing bay boundaries. The scene resembles a normal gate queue or temporary queue rather than disorderly parking.",ok,not_recorded_in_frozen_prediction,ok,true,true,true,true,true,true,true,true,true,true,true,true,true,true
IMG_007345,306,00_raw/ai_generated/images/20260902_ai_generated_parking_order_violation_pov_b1_397/IMG_007345.png,0,hard_negative,POV_PARKING_B1_HN01_GATE_QUEUE,hn01-gate-queue,train,0,"The white sedan is positioned in a queue behind a barrier gate, which is consistent with normal temporary queuing behavior rather than disorderly parking. The second vehicle is also in line behind the first. There is no visible evidence of either vehicle crossing bay boundaries, occupying non-parking areas, or parking outside designated bays. The scene appears to be a standard gate entry/exit queue.",ok,not_recorded_in_frozen_prediction,ok,true,true,true,true,true,true,true,true,true,true,true,true,true,true
IMG_007346,307,00_raw/ai_generated/images/20260902_ai_generated_parking_order_violation_pov_b1_397/IMG_007346.png,0,hard_negative,POV_PARKING_B1_HN01_GATE_QUEUE,hn01-gate-queue,train,0,"The white car is positioned within a marked parking bay, and the black car behind it appears to be in a queue or adjacent bay; no clear boundary crossing or intrusion into a travel aisle is visible.",ok,not_recorded_in_frozen_prediction,ok,true,true,true,true,true,true,true,true,true,true,true,true,true,true
IMG_007347,308,00_raw/ai_generated/images/20260902_ai_generated_parking_order_violation_pov_b1_397/IMG_007347.png,0,hard_negative,POV_PARKING_B1_HN01_GATE_QUEUE,hn01-gate-queue,train,0,"The visible vehicles are in a single-file line at a security gate entrance, which is a standard queueing scenario for temporary passage, not parking. There is no evidence of vehicles parked outside marked bays or intruding into travel aisles.",ok,not_recorded_in_frozen_prediction,ok,true,true,true,true,true,true,true,true,true,true,true,true,true,true
IMG_007348,309,00_raw/ai_generated/images/20260902_ai_generated_parking_order_violation_pov_b1_397/IMG_007348.png,0,hard_negative,POV_PARKING_B1_HN01_GATE_QUEUE,hn01-gate-queue,train,0,"The visible vehicles are positioned in a line at a toll booth/gate entrance, which is a standard queueing scenario for temporary passage, not disorderly parking.",ok,not_recorded_in_frozen_prediction,ok,true,true,true,true,true,true,true,true,true,true,true,true,true,true
IMG_007349,310,00_raw/ai_generated/images/20260902_ai_generated_parking_order_violation_pov_b1_397/IMG_007349.png,0,hard_negative,POV_PARKING_B1_HN01_GATE_QUEUE,hn01-gate-queue,train,0,"The visible vehicles are in a line at a gate entrance, consistent with normal queuing behavior rather than disorderly parking.",ok,not_recorded_in_frozen_prediction,ok,true,true,true,true,true,true,true,true,true,true,true,true,true,true
IMG_007370,331,00_raw/ai_generated/images/20260902_ai_generated_parking_order_violation_pov_b1_397/IMG_007370.png,0,hard_negative,POV_PARKING_B1_HN04_LARGE_VEHICLE_COMPLIANT,hn04-large-vehicle-compliant,train,0,"The silver vehicle is clearly positioned within the yellow-lined parking bay, with no visible boundary crossing or intrusion into travel lanes.",ok,not_recorded_in_frozen_prediction,ok,true,true,true,true,true,true,true,true,true,true,true,true,true,true
IMG_007371,332,00_raw/ai_generated/images/20260902_ai_generated_parking_order_violation_pov_b1_397/IMG_007371.png,0,hard_negative,POV_PARKING_B1_HN04_LARGE_VEHICLE_COMPLIANT,hn04-large-vehicle-compliant,train,0,"The silver SUV is parked within a clearly marked parking bay, bounded by yellow lines on both sides, with no visible intrusion into travel lanes or crossing of bay boundaries.",ok,not_recorded_in_frozen_prediction,ok,true,true,true,true,true,true,true,true,true,true,true,true,true,true
IMG_007372,333,00_raw/ai_generated/images/20260902_ai_generated_parking_order_violation_pov_b1_397/IMG_007372.png,0,hard_negative,POV_PARKING_B1_HN04_LARGE_VEHICLE_COMPLIANT,hn04-large-vehicle-compliant,train,1,"The silver SUV is parked diagonally across the yellow lane marking, intruding into the travel lane rather than staying within a marked parking bay.",ok,not_recorded_in_frozen_prediction,ok,true,true,true,true,true,true,true,true,true,true,true,true,true,true
IMG_007373,334,00_raw/ai_generated/images/20260902_ai_generated_parking_order_violation_pov_b1_397/IMG_007373.png,0,hard_negative,POV_PARKING_B1_HN04_LARGE_VEHICLE_COMPLIANT,hn04-large-vehicle-compliant,train,0,All visible vehicles are positioned within clearly marked parking bays and show no evidence of crossing bay boundaries or intruding into travel aisles.,ok,not_recorded_in_frozen_prediction,ok,true,true,true,true,true,true,true,true,true,true,true,true,true,true
IMG_007374,335,00_raw/ai_generated/images/20260902_ai_generated_parking_order_violation_pov_b1_397/IMG_007374.png,0,hard_negative,POV_PARKING_B1_HN04_LARGE_VEHICLE_COMPLIANT,hn04-large-vehicle-compliant,train,0,"The blue SUV is clearly positioned within the white-painted parking bay lines, with no visible intrusion into travel aisles or crossing of bay boundaries.",ok,not_recorded_in_frozen_prediction,ok,true,true,true,true,true,true,true,true,true,true,true,true,true,true
IMG_007375,336,00_raw/ai_generated/images/20260902_ai_generated_parking_order_violation_pov_b1_397/IMG_007375.png,0,hard_negative,POV_PARKING_B1_HN04_LARGE_VEHICLE_COMPLIANT,hn04-large-vehicle-compliant,train,0,"The blue pickup truck is fully contained within a single marked parking bay, and the white vehicle beside it is also within its own marked bay; no vehicles are crossing boundaries or intruding into aisles.",ok,not_recorded_in_frozen_prediction,ok,true,true,true,true,true,true,true,true,true,true,true,true,true,true
IMG_007376,337,00_raw/ai_generated/images/20260902_ai_generated_parking_order_violation_pov_b1_397/IMG_007376.png,0,hard_negative,POV_PARKING_B1_HN04_LARGE_VEHICLE_COMPLIANT,hn04-large-vehicle-compliant,train,0,"The primary black vehicle is clearly positioned within the yellow-lined parking bay boundaries. The background vehicles are also parked in a line within their respective bays, showing no evidence of crossing boundaries or intruding into travel aisles.",ok,not_recorded_in_frozen_prediction,ok,true,true,true,true,true,true,true,true,true,true,true,true,true,true
IMG_007377,338,00_raw/ai_generated/images/20260902_ai_generated_parking_order_violation_pov_b1_397/IMG_007377.png,0,hard_negative,POV_PARKING_B1_HN04_LARGE_VEHICLE_COMPLIANT,hn04-large-vehicle-compliant,train,0,"The black minivan is parked within a clearly marked yellow-lined parking bay, with no visible intrusion into travel aisles or crossing of bay boundaries.",ok,not_recorded_in_frozen_prediction,ok,true,true,true,true,true,true,true,true,true,true,true,true,true,true
IMG_007378,339,00_raw/ai_generated/images/20260902_ai_generated_parking_order_violation_pov_b1_397/IMG_007378.png,0,hard_negative,POV_PARKING_B1_HN04_LARGE_VEHICLE_COMPLIANT,hn04-large-vehicle-compliant,train,0,"The gray vehicle is clearly parked within its marked bay, and the black vehicle to the right is also within its own bay; no boundary crossing or non-parking intrusion is visible.",ok,not_recorded_in_frozen_prediction,ok,true,true,true,true,true,true,true,true,true,true,true,true,true,true
IMG_007379,340,00_raw/ai_generated/images/20260902_ai_generated_parking_order_violation_pov_b1_397/IMG_007379.png,0,hard_negative,POV_PARKING_B1_HN04_LARGE_VEHICLE_COMPLIANT,hn04-large-vehicle-compliant,train,0,"The gray minivan is clearly parked within the boundaries of a marked parking bay, with white lines visible on both sides and the vehicle positioned squarely inside the designated space.",ok,not_recorded_in_frozen_prediction,ok,true,true,true,true,true,true,true,true,true,true,true,true,true,true
IMG_007390,351,00_raw/ai_generated/images/20260902_ai_generated_parking_order_violation_pov_b1_397/IMG_007390.png,0,hard_negative,POV_PARKING_B1_HN06_SHADOWS_CRACKS_CURBS_MIMIC_LINES,hn06-shadows-cracks-curbs-mimic-lines,train,0,"The white car is clearly positioned within a marked parking bay, and other visible vehicles are also within their respective bays or in a queue area.",ok,not_recorded_in_frozen_prediction,ok,true,true,true,true,true,true,true,true,true,true,true,true,true,true
IMG_007391,352,00_raw/ai_generated/images/20260902_ai_generated_parking_order_violation_pov_b1_397/IMG_007391.png,0,hard_negative,POV_PARKING_B1_HN06_SHADOWS_CRACKS_CURBS_MIMIC_LINES,hn06-shadows-cracks-curbs-mimic-lines,train,0,"The white sedan is clearly parked within the boundaries of a marked parking bay, with no visible intrusion into travel aisles or crossing of bay lines.",ok,not_recorded_in_frozen_prediction,ok,true,true,true,true,true,true,true,true,true,true,true,true,true,true
IMG_007392,353,00_raw/ai_generated/images/20260902_ai_generated_parking_order_violation_pov_b1_397/IMG_007392.png,0,hard_negative,POV_PARKING_B1_HN06_SHADOWS_CRACKS_CURBS_MIMIC_LINES,hn06-shadows-cracks-curbs-mimic-lines,train,0,"The white sedan is clearly parked within the boundaries of a marked parking bay, with yellow lines visible on both sides defining the parking space. No vehicle is seen crossing bay boundaries or intruding into travel aisles.",ok,not_recorded_in_frozen_prediction,ok,true,true,true,true,true,true,true,true,true,true,true,true,true,true
IMG_007393,354,00_raw/ai_generated/images/20260902_ai_generated_parking_order_violation_pov_b1_397/IMG_007393.png,0,hard_negative,POV_PARKING_B1_HN06_SHADOWS_CRACKS_CURBS_MIMIC_LINES,hn06-shadows-cracks-curbs-mimic-lines,train,0,"The silver sedan is positioned squarely within the white-painted parking bay lines, with no visible intrusion into travel aisles or crossing of bay boundaries.",ok,not_recorded_in_frozen_prediction,ok,true,true,true,true,true,true,true,true,true,true,true,true,true,true
IMG_007394,355,00_raw/ai_generated/images/20260902_ai_generated_parking_order_violation_pov_b1_397/IMG_007394.png,0,hard_negative,POV_PARKING_B1_HN06_SHADOWS_CRACKS_CURBS_MIMIC_LINES,hn06-shadows-cracks-curbs-mimic-lines,train,0,"The silver sedan is parked within clearly marked white bay lines, and the black SUV is also within its designated bay; no vehicles are crossing boundaries or intruding into travel aisles.",ok,not_recorded_in_frozen_prediction,ok,true,true,true,true,true,true,true,true,true,true,true,true,true,true
IMG_007395,356,00_raw/ai_generated/images/20260902_ai_generated_parking_order_violation_pov_b1_397/IMG_007395.png,0,hard_negative,POV_PARKING_B1_HN06_SHADOWS_CRACKS_CURBS_MIMIC_LINES,hn06-shadows-cracks-curbs-mimic-lines,train,0,"The silver sedan is clearly parked within the boundaries of a marked parking bay, with no visible intrusion into travel aisles or crossing of bay lines.",ok,not_recorded_in_frozen_prediction,ok,true,true,true,true,true,true,true,true,true,true,true,true,true,true
IMG_007396,357,00_raw/ai_generated/images/20260902_ai_generated_parking_order_violation_pov_b1_397/IMG_007396.png,0,hard_negative,POV_PARKING_B1_HN06_SHADOWS_CRACKS_CURBS_MIMIC_LINES,hn06-shadows-cracks-curbs-mimic-lines,train,0,"The blue SUV is parked squarely within its marked bay, and the white sedan is also within its bay; no vehicles are crossing boundaries or intruding into travel aisles.",ok,not_recorded_in_frozen_prediction,ok,true,true,true,true,true,true,true,true,true,true,true,true,true,true
IMG_007397,358,00_raw/ai_generated/images/20260902_ai_generated_parking_order_violation_pov_b1_397/IMG_007397.png,0,hard_negative,POV_PARKING_B1_HN06_SHADOWS_CRACKS_CURBS_MIMIC_LINES,hn06-shadows-cracks-curbs-mimic-lines,train,0,"The blue SUV is clearly parked within the boundaries of a marked parking bay, and the white vehicle behind it is also within its own marked bay. No vehicles are crossing bay boundaries or intruding into travel aisles.",ok,not_recorded_in_frozen_prediction,ok,true,true,true,true,true,true,true,true,true,true,true,true,true,true
IMG_007398,359,00_raw/ai_generated/images/20260902_ai_generated_parking_order_violation_pov_b1_397/IMG_007398.png,0,hard_negative,POV_PARKING_B1_HN06_SHADOWS_CRACKS_CURBS_MIMIC_LINES,hn06-shadows-cracks-curbs-mimic-lines,train,0,"The central black SUV is parked squarely within its marked bay lines, and other visible vehicles are also positioned within their respective parking spaces without crossing boundaries or entering travel aisles.",ok,not_recorded_in_frozen_prediction,ok,true,true,true,true,true,true,true,true,true,true,true,true,true,true
IMG_007399,360,00_raw/ai_generated/images/20260902_ai_generated_parking_order_violation_pov_b1_397/IMG_007399.png,0,hard_negative,POV_PARKING_B1_HN06_SHADOWS_CRACKS_CURBS_MIMIC_LINES,hn06-shadows-cracks-curbs-mimic-lines,train,0,"All visible vehicles are positioned within clearly marked parking bays, with no evidence of crossing bay boundaries or intruding into travel aisles.",ok,not_recorded_in_frozen_prediction,ok,true,true,true,true,true,true,true,true,true,true,true,true,true,true
IMG_007677,361,00_raw/ai_generated/images/20260902_ai_generated_parking_order_violation_pov_b1_397/IMG_007677.png,uncertain,uncertain,POV_PARKING_B1_U01_INSUFFICIENT_PARKING_VISUAL_EVIDENCE,u01-insufficient-parking-visual-evidence,train,0,"The single vehicle is positioned within a covered structure that appears to be a parking bay or garage area, with no visible travel aisle intrusion or boundary crossing evident from the image.",ok,not_recorded_in_frozen_prediction,ok,true,true,true,true,true,true,true,true,true,true,true,true,true,true
IMG_007678,362,00_raw/ai_generated/images/20260902_ai_generated_parking_order_violation_pov_b1_397/IMG_007678.png,uncertain,uncertain,POV_PARKING_B1_U01_INSUFFICIENT_PARKING_VISUAL_EVIDENCE,u01-insufficient-parking-visual-evidence,train,0,"The gray minivan is parked within a clearly defined parking bay under the overhang, and the white car in the background is also within its designated bay; no vehicles are crossing boundaries or intruding into travel aisles.",ok,not_recorded_in_frozen_prediction,ok,true,true,true,true,true,true,true,true,true,true,true,true,true,true
IMG_007679,363,00_raw/ai_generated/images/20260902_ai_generated_parking_order_violation_pov_b1_397/IMG_007679.png,uncertain,uncertain,POV_PARKING_B1_U01_INSUFFICIENT_PARKING_VISUAL_EVIDENCE,u01-insufficient-parking-visual-evidence,train,0,"The vehicle is parked within the visible bay structure under the overpass, with no evidence of crossing bay boundaries or intruding into travel aisles.",ok,not_recorded_in_frozen_prediction,ok,true,true,true,true,true,true,true,true,true,true,true,true,true,true
IMG_007680,364,00_raw/ai_generated/images/20260902_ai_generated_parking_order_violation_pov_b1_397/IMG_007680.png,uncertain,uncertain,POV_PARKING_B1_U01_INSUFFICIENT_PARKING_VISUAL_EVIDENCE,u01-insufficient-parking-visual-evidence,train,0,"The white van is positioned within a clearly defined parking bay, with no visible intrusion into travel aisles or crossing of bay boundaries. Background vehicles also appear parked within their respective bays. No evidence of disorderly parking or boundary crossing is present.",ok,not_recorded_in_frozen_prediction,ok,true,true,true,true,true,true,true,true,true,true,true,true,true,true
IMG_007681,365,00_raw/ai_generated/images/20260902_ai_generated_parking_order_violation_pov_b1_397/IMG_007681.png,uncertain,uncertain,POV_PARKING_B1_U01_INSUFFICIENT_PARKING_VISUAL_EVIDENCE,u01-insufficient-parking-visual-evidence,train,0,"The white van is positioned within a clearly defined parking bay, with no visible intrusion into travel aisles or crossing of bay boundaries.",ok,not_recorded_in_frozen_prediction,ok,true,true,true,true,true,true,true,true,true,true,true,true,true,true
IMG_007682,366,00_raw/ai_generated/images/20260902_ai_generated_parking_order_violation_pov_b1_397/IMG_007682.png,uncertain,uncertain,POV_PARKING_B1_U01_INSUFFICIENT_PARKING_VISUAL_EVIDENCE,u01-insufficient-parking-visual-evidence,train,0,"The white van is parked within a clearly defined concrete bay in an indoor parking structure, with no visible boundary crossing or intrusion into travel aisles.",ok,not_recorded_in_frozen_prediction,ok,true,true,true,true,true,true,true,true,true,true,true,true,true,true
IMG_007683,367,00_raw/ai_generated/images/20260902_ai_generated_parking_order_violation_pov_b1_397/IMG_007683.png,uncertain,uncertain,POV_PARKING_B1_U01_INSUFFICIENT_PARKING_VISUAL_EVIDENCE,u01-insufficient-parking-visual-evidence,train,0,"The main vehicle is positioned in the center of the paved area, but there are no visible lane markings, bay lines, or travel aisles to define a violation. The background vehicles are parked in a line along the curb, which appears to be a standard parking arrangement rather than a disorderly intrusion into a travel lane. Without visible boundary lines or clear evidence of crossing a bay, the scene does not meet the criteria for a parking order violation.",ok,not_recorded_in_frozen_prediction,ok,true,true,true,true,true,true,true,true,true,true,true,true,true,true
IMG_007684,368,00_raw/ai_generated/images/20260902_ai_generated_parking_order_violation_pov_b1_397/IMG_007684.png,uncertain,uncertain,POV_PARKING_B1_U01_INSUFFICIENT_PARKING_VISUAL_EVIDENCE,u01-insufficient-parking-visual-evidence,train,0,"The vehicle is parked within a clearly marked parking bay, aligned with the curb and not crossing any visible boundaries or intruding into a travel lane.",ok,not_recorded_in_frozen_prediction,ok,true,true,true,true,true,true,true,true,true,true,true,true,true,true
IMG_007685,369,00_raw/ai_generated/images/20260902_ai_generated_parking_order_violation_pov_b1_397/IMG_007685.png,uncertain,uncertain,POV_PARKING_B1_U01_INSUFFICIENT_PARKING_VISUAL_EVIDENCE,u01-insufficient-parking-visual-evidence,train,0,"The single visible vehicle is parked within a clearly defined parking bay along the curb, with no evidence of crossing boundaries or intruding into travel lanes.",ok,not_recorded_in_frozen_prediction,ok,true,true,true,true,true,true,true,true,true,true,true,true,true,true
IMG_007686,370,00_raw/ai_generated/images/20260902_ai_generated_parking_order_violation_pov_b1_397/IMG_007686.png,uncertain,uncertain,POV_PARKING_B1_U01_INSUFFICIENT_PARKING_VISUAL_EVIDENCE,u01-insufficient-parking-visual-evidence,train,0,The red car is positioned in a driving lane but there are no visible parking bay markings or boundaries to indicate a violation; the scene shows no clear evidence of crossing bay boundaries or intruding into a non-parking area.,ok,not_recorded_in_frozen_prediction,ok,true,true,true,true,true,true,true,true,true,true,true,true,true,true
IMG_007687,371,00_raw/ai_generated/images/20260902_ai_generated_parking_order_violation_pov_b1_397/IMG_007687.png,uncertain,uncertain,POV_PARKING_B1_U01_INSUFFICIENT_PARKING_VISUAL_EVIDENCE,u01-insufficient-parking-visual-evidence,train,0,"The red vehicle is positioned within a clearly defined parking bay, aligned with the curb and not obstructing any travel lanes or crossing bay boundaries. No other vehicles are visible in the immediate vicinity that would suggest a violation.",ok,not_recorded_in_frozen_prediction,ok,true,true,true,true,true,true,true,true,true,true,true,true,true,true
IMG_007688,372,00_raw/ai_generated/images/20260902_ai_generated_parking_order_violation_pov_b1_397/IMG_007688.png,uncertain,uncertain,POV_PARKING_B1_U01_INSUFFICIENT_PARKING_VISUAL_EVIDENCE,u01-insufficient-parking-visual-evidence,train,0,"The red car is parked within a clearly marked parking bay, and no other vehicles are visible intruding into travel aisles or crossing bay boundaries.",ok,not_recorded_in_frozen_prediction,ok,true,true,true,true,true,true,true,true,true,true,true,true,true,true
IMG_007689,373,00_raw/ai_generated/images/20260902_ai_generated_parking_order_violation_pov_b1_397/IMG_007689.png,uncertain,uncertain,POV_PARKING_B1_U01_INSUFFICIENT_PARKING_VISUAL_EVIDENCE,u01-insufficient-parking-visual-evidence,train,0,"The white vehicle is positioned in the center of a paved area with no visible parking bay markings, but there is no evidence of it crossing a boundary or intruding into a travel aisle; the scene appears to be a normal queue or open lot rather than a violation.",ok,not_recorded_in_frozen_prediction,ok,true,true,true,true,true,true,true,true,true,true,true,true,true,true
IMG_007690,374,00_raw/ai_generated/images/20260902_ai_generated_parking_order_violation_pov_b1_397/IMG_007690.png,uncertain,uncertain,POV_PARKING_B1_U01_INSUFFICIENT_PARKING_VISUAL_EVIDENCE,u01-insufficient-parking-visual-evidence,train,0,"The white vehicle is positioned within a clearly marked parking bay, aligned with the pavement markings and not crossing any boundaries or intruding into a travel aisle.",ok,not_recorded_in_frozen_prediction,ok,true,true,true,true,true,true,true,true,true,true,true,true,true,true
IMG_007691,375,00_raw/ai_generated/images/20260902_ai_generated_parking_order_violation_pov_b1_397/IMG_007691.png,uncertain,uncertain,POV_PARKING_B1_U01_INSUFFICIENT_PARKING_VISUAL_EVIDENCE,u01-insufficient-parking-visual-evidence,train,0,"The white vehicle is positioned on a paved surface with no visible parking bay markings, but there is no clear evidence of crossing a boundary, spanning multiple bays, or intruding into a travel aisle. The scene appears to be an open lot or driveway area without defined parking geometry, so no violation can be established from the image alone.",ok,not_recorded_in_frozen_prediction,ok,true,true,true,true,true,true,true,true,true,true,true,true,true,true
IMG_007707,391,00_raw/ai_generated/images/20260902_ai_generated_parking_order_violation_pov_b1_397/IMG_007707.png,uncertain,uncertain,POV_PARKING_B1_U04_NIGHT_OR_BLUR_BOUNDARY_UNREADABLE,u04-night-or-blur-boundary-unreadable,train,0,"The primary vehicle is positioned within a marked parking bay, and the secondary vehicle is also within its own bay; no boundary crossing or non-parking intrusion is visible.",ok,not_recorded_in_frozen_prediction,ok,true,true,true,true,true,true,true,true,true,true,true,true,true,true
IMG_007708,392,00_raw/ai_generated/images/20260902_ai_generated_parking_order_violation_pov_b1_397/IMG_007708.png,uncertain,uncertain,POV_PARKING_B1_U04_NIGHT_OR_BLUR_BOUNDARY_UNREADABLE,u04-night-or-blur-boundary-unreadable,train,0,"The gray pickup truck is clearly positioned within a single marked parking bay, aligned with the white boundary lines, and not crossing any bay boundaries or intruding into a travel aisle. The adjacent silver SUV is also parked within its own marked bay. No evidence of parking order violation is visible.",ok,not_recorded_in_frozen_prediction,ok,true,true,true,true,true,true,true,true,true,true,true,true,true,true
IMG_007709,393,00_raw/ai_generated/images/20260902_ai_generated_parking_order_violation_pov_b1_397/IMG_007709.png,uncertain,uncertain,POV_PARKING_B1_U04_NIGHT_OR_BLUR_BOUNDARY_UNREADABLE,u04-night-or-blur-boundary-unreadable,train,0,"The black pickup truck is positioned within the white-painted parking bay lines, with no visible intrusion into travel aisles or crossing of bay boundaries.",ok,not_recorded_in_frozen_prediction,ok,true,true,true,true,true,true,true,true,true,true,true,true,true,true
IMG_007710,394,00_raw/ai_generated/images/20260902_ai_generated_parking_order_violation_pov_b1_397/IMG_007710.png,uncertain,uncertain,POV_PARKING_B1_U04_NIGHT_OR_BLUR_BOUNDARY_UNREADABLE,u04-night-or-blur-boundary-unreadable,train,0,"The red car is positioned within a clearly marked parking bay, aligned with the lane boundaries and not crossing any visible travel aisles or bay limits. The scene shows no evidence of disorderly parking or boundary intrusion.",ok,not_recorded_in_frozen_prediction,ok,true,true,true,true,true,true,true,true,true,true,true,true,true,true
IMG_007711,395,00_raw/ai_generated/images/20260902_ai_generated_parking_order_violation_pov_b1_397/IMG_007711.png,uncertain,uncertain,POV_PARKING_B1_U04_NIGHT_OR_BLUR_BOUNDARY_UNREADABLE,u04-night-or-blur-boundary-unreadable,train,0,"The red car is clearly parked within a marked bay, and other visible vehicles are also positioned within their respective bays without crossing boundaries or intruding into travel aisles.",ok,not_recorded_in_frozen_prediction,ok,true,true,true,true,true,true,true,true,true,true,true,true,true,true
IMG_007712,396,00_raw/ai_generated/images/20260902_ai_generated_parking_order_violation_pov_b1_397/IMG_007712.png,uncertain,uncertain,POV_PARKING_B1_U05_GATE_QUEUE_OR_PARKING_AMBIGUOUS,u05-gate-queue-or-parking-ambiguous,train,0,"The white vehicle is positioned within a clearly marked parking bay, aligned with the lane boundaries and not crossing any visible travel aisles or bay lines.",ok,not_recorded_in_frozen_prediction,ok,true,true,true,true,true,true,true,true,true,true,true,true,true,true
IMG_007713,397,00_raw/ai_generated/images/20260902_ai_generated_parking_order_violation_pov_b1_397/IMG_007713.png,uncertain,uncertain,POV_PARKING_B1_U05_GATE_QUEUE_OR_PARKING_AMBIGUOUS,u05-gate-queue-or-parking-ambiguous,train,0,"The white vehicle is positioned within a clearly marked parking bay, aligned with the ground markings, and shows no evidence of crossing boundaries or intruding into travel lanes.",ok,not_recorded_in_frozen_prediction,ok,true,true,true,true,true,true,true,true,true,true,true,true,true,true
IMG_007714,398,00_raw/ai_generated/images/20260902_ai_generated_parking_order_violation_pov_b1_397/IMG_007714.png,uncertain,uncertain,POV_PARKING_B1_U05_GATE_QUEUE_OR_PARKING_AMBIGUOUS,u05-gate-queue-or-parking-ambiguous,train,0,"The white car is positioned on a paved surface that appears to be a travel lane or open area, but there are no visible marked parking bays, boundaries, or signage indicating where parking is prohibited or permitted. Without clear bay markings or a defined parking zone, it is impossible to determine if the vehicle is violating parking rules. The scene lacks sufficient visual evidence to confirm a parking order violation.",ok,not_recorded_in_frozen_prediction,ok,true,true,true,true,true,true,true,true,true,true,true,true,true,true
IMG_007715,399,00_raw/ai_generated/images/20260902_ai_generated_parking_order_violation_pov_b1_397/IMG_007715.png,uncertain,uncertain,POV_PARKING_B1_U05_GATE_QUEUE_OR_PARKING_AMBIGUOUS,u05-gate-queue-or-parking-ambiguous,train,0,"The white sedan is positioned centrally in a wide, open paved area under a structure with no visible parking bay markings or boundaries. Since there are no marked bays to cross or intrude upon, and the scene resembles a normal queue or open lot rather than a parking violation context, no violation is evident.",ok,not_recorded_in_frozen_prediction,ok,true,true,true,true,true,true,true,true,true,true,true,true,true,true
IMG_007716,400,00_raw/ai_generated/images/20260902_ai_generated_parking_order_violation_pov_b1_397/IMG_007716.png,uncertain,uncertain,POV_PARKING_B1_U05_GATE_QUEUE_OR_PARKING_AMBIGUOUS,u05-gate-queue-or-parking-ambiguous,train,0,"The white sedan is parked within a clearly defined parking bay under the overpass structure, with no visible intrusion into travel aisles or crossing of bay boundaries. The scene shows no evidence of disorderly parking or violation of parking order.",ok,not_recorded_in_frozen_prediction,ok,true,true,true,true,true,true,true,true,true,true,true,true,true,true
