path,source_type,is_parking_related,is_real_camera,camera_id,route_id,width,height,sha256,provenance,allowed_for_r1,reason
/home/yanbo/net_vlm_xunjian_dataset/00_raw/robot_direct,robot_direct,false,true,,,,,,directory_inventory:file_count=0;parking_name_hint_count=0,false,Directory-level inventory only; not a fixed parking camera ROI input.
/home/yanbo/net_vlm_xunjian_dataset/00_raw/phone_camera,phone_camera,false,true,,,,,,directory_inventory:file_count=108;parking_name_hint_count=0,false,Directory-level inventory only; not a fixed parking camera ROI input.
/home/yanbo/net_vlm_xunjian_dataset/00_raw/public_dataset,public_dataset,false,false,,,,,,directory_inventory:file_count=780;parking_name_hint_count=0,false,Directory-level inventory only; not a fixed parking camera ROI input.
/home/yanbo/net_vlm_xunjian_dataset/00_raw/ai_generated,ai_generated,true,false,,,,,,directory_inventory:file_count=7648;parking_name_hint_count=397,false,Directory-level inventory only; not a fixed parking camera ROI input.
/home/yanbo/net_vlm_xunjian_dataset/00_raw/ai_generated/images/20260902_ai_generated_parking_order_violation_pov_b1_397/IMG_007320.png,ai_generated,true,false,,,1920,1080,b37015b38be7e24bd3873e3d91ea54e8f2e713b46e6ee2b1ca13ffe12b0638e8,media.csv:media_id=IMG_007320;capture_batch=20260902_ai_generated_parking_order_violation_pov_b1_397;scenario_id=POV_PARKING_B1_HN01_GATE_QUEUE;v2_split=VAL,false,Parking media is AIGC; v2_split=VAL; no real fixed camera/route/ROI evidence. VAL/HOLDOUT media not opened.
/home/yanbo/net_vlm_xunjian_dataset/00_raw/ai_generated/images/20260902_ai_generated_parking_order_violation_pov_b1_397/IMG_007321.png,ai_generated,true,false,,,1920,1080,1a9030f5890becb4d971e63490bd597baa3ca443e82cce3e657e52c52b2f8263,media.csv:media_id=IMG_007321;capture_batch=20260902_ai_generated_parking_order_violation_pov_b1_397;scenario_id=POV_PARKING_B1_HN01_GATE_QUEUE;v2_split=DEV,AIGC_FIXTURE_ONLY,Parking media is AIGC; v2_split=DEV; no real fixed camera/route/ROI evidence. VAL/HOLDOUT media not opened.
/home/yanbo/net_vlm_xunjian_dataset/00_raw/ai_generated/images/20260902_ai_generated_parking_order_violation_pov_b1_397/IMG_007322.png,ai_generated,true,false,,,1920,1080,4637690af777a63302a78904d8d7c9ec0bbf5ed4de0bc7fd6be11a185d698dc9,media.csv:media_id=IMG_007322;capture_batch=20260902_ai_generated_parking_order_violation_pov_b1_397;scenario_id=POV_PARKING_B1_HN01_GATE_QUEUE;v2_split=DEV,AIGC_FIXTURE_ONLY,Parking media is AIGC; v2_split=DEV; no real fixed camera/route/ROI evidence. VAL/HOLDOUT media not opened.
/home/yanbo/net_vlm_xunjian_dataset/00_raw/ai_generated/images/20260902_ai_generated_parking_order_violation_pov_b1_397/IMG_007323.png,ai_generated,true,false,,,1920,1080,9c6c0c08f5fd467e91ec69c821666ba76dbb4b20b61a731b8299d30722fa540d,media.csv:media_id=IMG_007323;capture_batch=20260902_ai_generated_parking_order_violation_pov_b1_397;scenario_id=POV_PARKING_B1_HN01_GATE_QUEUE;v2_split=DEV,AIGC_FIXTURE_ONLY,Parking media is AIGC; v2_split=DEV; no real fixed camera/route/ROI evidence. VAL/HOLDOUT media not opened.
/home/yanbo/net_vlm_xunjian_dataset/00_raw/ai_generated/images/20260902_ai_generated_parking_order_violation_pov_b1_397/IMG_007324.png,ai_generated,true,false,,,1920,1080,ac8ab05dad895aa89946b380b0c4ac667d91583a4062da483e770c82d9800f59,media.csv:media_id=IMG_007324;capture_batch=20260902_ai_generated_parking_order_violation_pov_b1_397;scenario_id=POV_PARKING_B1_HN01_GATE_QUEUE;v2_split=HOLDOUT,false,Parking media is AIGC; v2_split=HOLDOUT; no real fixed camera/route/ROI evidence. VAL/HOLDOUT media not opened.
/home/yanbo/net_vlm_xunjian_dataset/00_raw/ai_generated/images/20260902_ai_generated_parking_order_violation_pov_b1_397/IMG_007325.png,ai_generated,true,false,,,1920,1080,99896b2f996c96671aafff8259139e133360e154edfdb68d6bc67b45f7378853,media.csv:media_id=IMG_007325;capture_batch=20260902_ai_generated_parking_order_violation_pov_b1_397;scenario_id=POV_PARKING_B1_HN01_GATE_QUEUE;v2_split=HOLDOUT,false,Parking media is AIGC; v2_split=HOLDOUT; no real fixed camera/route/ROI evidence. VAL/HOLDOUT media not opened.
/home/yanbo/net_vlm_xunjian_dataset/00_raw/ai_generated/images/20260902_ai_generated_parking_order_violation_pov_b1_397/IMG_007326.png,ai_generated,true,false,,,1920,1080,acadd4c3f2591db383a714c3f755466bc550b3d41effafc2dc8e33238c34740c,media.csv:media_id=IMG_007326;capture_batch=20260902_ai_generated_parking_order_violation_pov_b1_397;scenario_id=POV_PARKING_B1_HN01_GATE_QUEUE;v2_split=DEV,AIGC_FIXTURE_ONLY,Parking media is AIGC; v2_split=DEV; no real fixed camera/route/ROI evidence. VAL/HOLDOUT media not opened.
/home/yanbo/net_vlm_xunjian_dataset/00_raw/ai_generated/images/20260902_ai_generated_parking_order_violation_pov_b1_397/IMG_007327.png,ai_generated,true,false,,,1920,1080,8c6a815148272f0e5e7437dc4b702e4570aa3917ebe023f284a9f5fa66d92688,media.csv:media_id=IMG_007327;capture_batch=20260902_ai_generated_parking_order_violation_pov_b1_397;scenario_id=POV_PARKING_B1_HN01_GATE_QUEUE;v2_split=DEV,AIGC_FIXTURE_ONLY,Parking media is AIGC; v2_split=DEV; no real fixed camera/route/ROI evidence. VAL/HOLDOUT media not opened.
/home/yanbo/net_vlm_xunjian_dataset/00_raw/ai_generated/images/20260902_ai_generated_parking_order_violation_pov_b1_397/IMG_007328.png,ai_generated,true,false,,,1920,1080,e21756f049ead7e77e259d9ba4ed7369db40e9ffe55a0c97e4e484923f79cc8e,media.csv:media_id=IMG_007328;capture_batch=20260902_ai_generated_parking_order_violation_pov_b1_397;scenario_id=POV_PARKING_B1_HN01_GATE_QUEUE;v2_split=DEV,AIGC_FIXTURE_ONLY,Parking media is AIGC; v2_split=DEV; no real fixed camera/route/ROI evidence. VAL/HOLDOUT media not opened.
/home/yanbo/net_vlm_xunjian_dataset/00_raw/ai_generated/images/20260902_ai_generated_parking_order_violation_pov_b1_397/IMG_007329.png,ai_generated,true,false,,,1920,1080,4c35aa30c3e6f91ff96a1e9a241f83c8b641ce8848d416c6cbea432c15a1d20c,media.csv:media_id=IMG_007329;capture_batch=20260902_ai_generated_parking_order_violation_pov_b1_397;scenario_id=POV_PARKING_B1_HN01_GATE_QUEUE;v2_split=DEV,AIGC_FIXTURE_ONLY,Parking media is AIGC; v2_split=DEV; no real fixed camera/route/ROI evidence. VAL/HOLDOUT media not opened.
/home/yanbo/net_vlm_xunjian_dataset/00_raw/ai_generated/images/20260902_ai_generated_parking_order_violation_pov_b1_397/IMG_007330.png,ai_generated,true,false,,,1920,1080,ef867c897d3753231b790a940846a860664ad5958257f3da2a0a7f2bb2510e22,media.csv:media_id=IMG_007330;capture_batch=20260902_ai_generated_parking_order_violation_pov_b1_397;scenario_id=POV_PARKING_B1_HN01_GATE_QUEUE;v2_split=HOLDOUT,false,Parking media is AIGC; v2_split=HOLDOUT; no real fixed camera/route/ROI evidence. VAL/HOLDOUT media not opened.
/home/yanbo/net_vlm_xunjian_dataset/00_raw/ai_generated/images/20260902_ai_generated_parking_order_violation_pov_b1_397/IMG_007331.png,ai_generated,true,false,,,1920,1080,0975771dd7c05b53c2950c99d48bfb4c4b5d6ebc346bca8910513caafcb37966,media.csv:media_id=IMG_007331;capture_batch=20260902_ai_generated_parking_order_violation_pov_b1_397;scenario_id=POV_PARKING_B1_HN01_GATE_QUEUE;v2_split=HOLDOUT,false,Parking media is AIGC; v2_split=HOLDOUT; no real fixed camera/route/ROI evidence. VAL/HOLDOUT media not opened.
/home/yanbo/net_vlm_xunjian_dataset/00_raw/ai_generated/images/20260902_ai_generated_parking_order_violation_pov_b1_397/IMG_007332.png,ai_generated,true,false,,,1920,1080,b66a6e967c3840611a37b7c40fff48e221521bcf6ebd98881b8dbdbf6d9fc153,media.csv:media_id=IMG_007332;capture_batch=20260902_ai_generated_parking_order_violation_pov_b1_397;scenario_id=POV_PARKING_B1_HN01_GATE_QUEUE;v2_split=HOLDOUT,false,Parking media is AIGC; v2_split=HOLDOUT; no real fixed camera/route/ROI evidence. VAL/HOLDOUT media not opened.
/home/yanbo/net_vlm_xunjian_dataset/00_raw/ai_generated/images/20260902_ai_generated_parking_order_violation_pov_b1_397/IMG_007333.png,ai_generated,true,false,,,1920,1080,8b17ebad1f53508e569e77ee1cb2be75762aded915302cda25742ff22af09eca,media.csv:media_id=IMG_007333;capture_batch=20260902_ai_generated_parking_order_violation_pov_b1_397;scenario_id=POV_PARKING_B1_HN01_GATE_QUEUE;v2_split=VAL,false,Parking media is AIGC; v2_split=VAL; no real fixed camera/route/ROI evidence. VAL/HOLDOUT media not opened.
/home/yanbo/net_vlm_xunjian_dataset/00_raw/ai_generated/images/20260902_ai_generated_parking_order_violation_pov_b1_397/IMG_007334.png,ai_generated,true,false,,,1920,1080,01298aead601e68833086750e340d126205a6b3994975e5d4307f96eeb46db5b,media.csv:media_id=IMG_007334;capture_batch=20260902_ai_generated_parking_order_violation_pov_b1_397;scenario_id=POV_PARKING_B1_HN01_GATE_QUEUE;v2_split=DEV,AIGC_FIXTURE_ONLY,Parking media is AIGC; v2_split=DEV; no real fixed camera/route/ROI evidence. VAL/HOLDOUT media not opened.
/home/yanbo/net_vlm_xunjian_dataset/00_raw/ai_generated/images/20260902_ai_generated_parking_order_violation_pov_b1_397/IMG_007335.png,ai_generated,true,false,,,1920,1080,f73e208308694a8649951e4af0e9d1e7bac401c2d84f45c29abb93f839ba4a3d,media.csv:media_id=IMG_007335;capture_batch=20260902_ai_generated_parking_order_violation_pov_b1_397;scenario_id=POV_PARKING_B1_HN01_GATE_QUEUE;v2_split=DEV,AIGC_FIXTURE_ONLY,Parking media is AIGC; v2_split=DEV; no real fixed camera/route/ROI evidence. VAL/HOLDOUT media not opened.
/home/yanbo/net_vlm_xunjian_dataset/00_raw/ai_generated/images/20260902_ai_generated_parking_order_violation_pov_b1_397/IMG_007336.png,ai_generated,true,false,,,1920,1080,584062c5c64113d51731b58b8b9a8bb2ba67b54c040d92100dd0bc213776d2da,media.csv:media_id=IMG_007336;capture_batch=20260902_ai_generated_parking_order_violation_pov_b1_397;scenario_id=POV_PARKING_B1_HN01_GATE_QUEUE;v2_split=DEV,AIGC_FIXTURE_ONLY,Parking media is AIGC; v2_split=DEV; no real fixed camera/route/ROI evidence. VAL/HOLDOUT media not opened.
/home/yanbo/net_vlm_xunjian_dataset/00_raw/ai_generated/images/20260902_ai_generated_parking_order_violation_pov_b1_397/IMG_007337.png,ai_generated,true,false,,,1920,1080,18fac90cca01f0d47ecb2b49ca4be90825e42961de9d137f8afa7e30a3eb4744,media.csv:media_id=IMG_007337;capture_batch=20260902_ai_generated_parking_order_violation_pov_b1_397;scenario_id=POV_PARKING_B1_HN01_GATE_QUEUE;v2_split=DEV,AIGC_FIXTURE_ONLY,Parking media is AIGC; v2_split=DEV; no real fixed camera/route/ROI evidence. VAL/HOLDOUT media not opened.
/home/yanbo/net_vlm_xunjian_dataset/00_raw/ai_generated/images/20260902_ai_generated_parking_order_violation_pov_b1_397/IMG_007338.png,ai_generated,true,false,,,1920,1080,7d66894dfe71178cc7addf312440b5202ddb5fca399d31623cc71bbb85ea5d8d,media.csv:media_id=IMG_007338;capture_batch=20260902_ai_generated_parking_order_violation_pov_b1_397;scenario_id=POV_PARKING_B1_HN01_GATE_QUEUE;v2_split=VAL,false,Parking media is AIGC; v2_split=VAL; no real fixed camera/route/ROI evidence. VAL/HOLDOUT media not opened.
/home/yanbo/net_vlm_xunjian_dataset/00_raw/ai_generated/images/20260902_ai_generated_parking_order_violation_pov_b1_397/IMG_007339.png,ai_generated,true,false,,,1920,1080,f75d25a8eeda8e9453c989ac5c69f937ae9fe7ffbd867df0536abd4700d5533e,media.csv:media_id=IMG_007339;capture_batch=20260902_ai_generated_parking_order_violation_pov_b1_397;scenario_id=POV_PARKING_B1_HN01_GATE_QUEUE;v2_split=VAL,false,Parking media is AIGC; v2_split=VAL; no real fixed camera/route/ROI evidence. VAL/HOLDOUT media not opened.
/home/yanbo/net_vlm_xunjian_dataset/00_raw/ai_generated/images/20260902_ai_generated_parking_order_violation_pov_b1_397/IMG_007340.png,ai_generated,true,false,,,1920,1080,64d2fbe4e310ae8115b2255e71585daebbed954bde03d8f46d6654c53105aa29,media.csv:media_id=IMG_007340;capture_batch=20260902_ai_generated_parking_order_violation_pov_b1_397;scenario_id=POV_PARKING_B1_HN01_GATE_QUEUE;v2_split=DEV,AIGC_FIXTURE_ONLY,Parking media is AIGC; v2_split=DEV; no real fixed camera/route/ROI evidence. VAL/HOLDOUT media not opened.
/home/yanbo/net_vlm_xunjian_dataset/00_raw/ai_generated/images/20260902_ai_generated_parking_order_violation_pov_b1_397/IMG_007341.png,ai_generated,true,false,,,1920,1080,3b25f76b665c447369972ed9429b62c4dd199ae608fd78fa801ce5b484909c2a,media.csv:media_id=IMG_007341;capture_batch=20260902_ai_generated_parking_order_violation_pov_b1_397;scenario_id=POV_PARKING_B1_HN01_GATE_QUEUE;v2_split=VAL,false,Parking media is AIGC; v2_split=VAL; no real fixed camera/route/ROI evidence. VAL/HOLDOUT media not opened.
/home/yanbo/net_vlm_xunjian_dataset/00_raw/ai_generated/images/20260902_ai_generated_parking_order_violation_pov_b1_397/IMG_007342.png,ai_generated,true,false,,,1920,1080,5013e74edf5d0873384f2e3ac89e745a05fa17ae7743da0aff97481b3aef8a20,media.csv:media_id=IMG_007342;capture_batch=20260902_ai_generated_parking_order_violation_pov_b1_397;scenario_id=POV_PARKING_B1_HN01_GATE_QUEUE;v2_split=VAL,false,Parking media is AIGC; v2_split=VAL; no real fixed camera/route/ROI evidence. VAL/HOLDOUT media not opened.
/home/yanbo/net_vlm_xunjian_dataset/00_raw/ai_generated/images/20260902_ai_generated_parking_order_violation_pov_b1_397/IMG_007343.png,ai_generated,true,false,,,1920,1080,17d41508f03896e6be2979d8d0fab41ddac4db4764d47332e0460a5e8953b848,media.csv:media_id=IMG_007343;capture_batch=20260902_ai_generated_parking_order_violation_pov_b1_397;scenario_id=POV_PARKING_B1_HN01_GATE_QUEUE;v2_split=DEV,AIGC_FIXTURE_ONLY,Parking media is AIGC; v2_split=DEV; no real fixed camera/route/ROI evidence. VAL/HOLDOUT media not opened.
/home/yanbo/net_vlm_xunjian_dataset/00_raw/ai_generated/images/20260902_ai_generated_parking_order_violation_pov_b1_397/IMG_007344.png,ai_generated,true,false,,,1920,1080,5529597cd994f92f974ce2e6d007b1ad1e01415efc2b134eee54964c4f34a3ae,media.csv:media_id=IMG_007344;capture_batch=20260902_ai_generated_parking_order_violation_pov_b1_397;scenario_id=POV_PARKING_B1_HN01_GATE_QUEUE;v2_split=DEV,AIGC_FIXTURE_ONLY,Parking media is AIGC; v2_split=DEV; no real fixed camera/route/ROI evidence. VAL/HOLDOUT media not opened.
/home/yanbo/net_vlm_xunjian_dataset/00_raw/ai_generated/images/20260902_ai_generated_parking_order_violation_pov_b1_397/IMG_007345.png,ai_generated,true,false,,,1920,1080,444949a5bb1ef4f274d25fcc0804048b37eaff9452c2cba40e4b599d10f05dfa,media.csv:media_id=IMG_007345;capture_batch=20260902_ai_generated_parking_order_violation_pov_b1_397;scenario_id=POV_PARKING_B1_HN01_GATE_QUEUE;v2_split=HOLDOUT,false,Parking media is AIGC; v2_split=HOLDOUT; no real fixed camera/route/ROI evidence. VAL/HOLDOUT media not opened.
/home/yanbo/net_vlm_xunjian_dataset/00_raw/ai_generated/images/20260902_ai_generated_parking_order_violation_pov_b1_397/IMG_007346.png,ai_generated,true,false,,,1920,1080,2c36b5d0457dc0b06def434329cf8b10d6c10ec9026ce0f00bcf8452a5e04eca,media.csv:media_id=IMG_007346;capture_batch=20260902_ai_generated_parking_order_violation_pov_b1_397;scenario_id=POV_PARKING_B1_HN01_GATE_QUEUE;v2_split=DEV,AIGC_FIXTURE_ONLY,Parking media is AIGC; v2_split=DEV; no real fixed camera/route/ROI evidence. VAL/HOLDOUT media not opened.
/home/yanbo/net_vlm_xunjian_dataset/00_raw/ai_generated/images/20260902_ai_generated_parking_order_violation_pov_b1_397/IMG_007347.png,ai_generated,true,false,,,1920,1080,ef43e925f58c64765fd71b67d4621f91656afed05f4c84dc32cb0cf0b0462477,media.csv:media_id=IMG_007347;capture_batch=20260902_ai_generated_parking_order_violation_pov_b1_397;scenario_id=POV_PARKING_B1_HN01_GATE_QUEUE;v2_split=DEV,AIGC_FIXTURE_ONLY,Parking media is AIGC; v2_split=DEV; no real fixed camera/route/ROI evidence. VAL/HOLDOUT media not opened.
/home/yanbo/net_vlm_xunjian_dataset/00_raw/ai_generated/images/20260902_ai_generated_parking_order_violation_pov_b1_397/IMG_007348.png,ai_generated,true,false,,,1920,1080,811995a29ace32e6446ea2fa97bd9835db5b19c706746e280a47fa084a1ea155,media.csv:media_id=IMG_007348;capture_batch=20260902_ai_generated_parking_order_violation_pov_b1_397;scenario_id=POV_PARKING_B1_HN01_GATE_QUEUE;v2_split=DEV,AIGC_FIXTURE_ONLY,Parking media is AIGC; v2_split=DEV; no real fixed camera/route/ROI evidence. VAL/HOLDOUT media not opened.
/home/yanbo/net_vlm_xunjian_dataset/00_raw/ai_generated/images/20260902_ai_generated_parking_order_violation_pov_b1_397/IMG_007349.png,ai_generated,true,false,,,1920,1080,cc200060330faa0697ca33f1781fb3e190cd13dda00e63dff2cbb91f3ffecf01,media.csv:media_id=IMG_007349;capture_batch=20260902_ai_generated_parking_order_violation_pov_b1_397;scenario_id=POV_PARKING_B1_HN01_GATE_QUEUE;v2_split=DEV,AIGC_FIXTURE_ONLY,Parking media is AIGC; v2_split=DEV; no real fixed camera/route/ROI evidence. VAL/HOLDOUT media not opened.
/home/yanbo/net_vlm_xunjian_dataset/00_raw/ai_generated/images/20260902_ai_generated_parking_order_violation_pov_b1_397/IMG_007350.png,ai_generated,true,false,,,1920,1080,0672e381842b11cab5742c519c87268fe09f29ffd958853831362eeb430087f3,media.csv:media_id=IMG_007350;capture_batch=20260902_ai_generated_parking_order_violation_pov_b1_397;scenario_id=POV_PARKING_B1_HN02_FADED_LINES_BUT_CONFIRMABLY_INSIDE;v2_split=DEV,AIGC_FIXTURE_ONLY,Parking media is AIGC; v2_split=DEV; no real fixed camera/route/ROI evidence. VAL/HOLDOUT media not opened.
/home/yanbo/net_vlm_xunjian_dataset/00_raw/ai_generated/images/20260902_ai_generated_parking_order_violation_pov_b1_397/IMG_007351.png,ai_generated,true,false,,,1920,1080,07d06203442a2dff61c3182c8ee93f1fcd3e5b657392acda2ee8d0721159c245,media.csv:media_id=IMG_007351;capture_batch=20260902_ai_generated_parking_order_violation_pov_b1_397;scenario_id=POV_PARKING_B1_HN02_FADED_LINES_BUT_CONFIRMABLY_INSIDE;v2_split=VAL,false,Parking media is AIGC; v2_split=VAL; no real fixed camera/route/ROI evidence. VAL/HOLDOUT media not opened.
/home/yanbo/net_vlm_xunjian_dataset/00_raw/ai_generated/images/20260902_ai_generated_parking_order_violation_pov_b1_397/IMG_007352.png,ai_generated,true,false,,,1920,1080,43950a74e9a68142514fd4ea1ce8974c8502bc2ee6e23e0de584206c235409b1,media.csv:media_id=IMG_007352;capture_batch=20260902_ai_generated_parking_order_violation_pov_b1_397;scenario_id=POV_PARKING_B1_HN02_FADED_LINES_BUT_CONFIRMABLY_INSIDE;v2_split=VAL,false,Parking media is AIGC; v2_split=VAL; no real fixed camera/route/ROI evidence. VAL/HOLDOUT media not opened.
/home/yanbo/net_vlm_xunjian_dataset/00_raw/ai_generated/images/20260902_ai_generated_parking_order_violation_pov_b1_397/IMG_007353.png,ai_generated,true,false,,,1920,1080,9c59016df2ab71e0472fc92e1884ce1eaabc0492faf2912102ada72a42f3eb75,media.csv:media_id=IMG_007353;capture_batch=20260902_ai_generated_parking_order_violation_pov_b1_397;scenario_id=POV_PARKING_B1_HN02_FADED_LINES_BUT_CONFIRMABLY_INSIDE;v2_split=HOLDOUT,false,Parking media is AIGC; v2_split=HOLDOUT; no real fixed camera/route/ROI evidence. VAL/HOLDOUT media not opened.
/home/yanbo/net_vlm_xunjian_dataset/00_raw/ai_generated/images/20260902_ai_generated_parking_order_violation_pov_b1_397/IMG_007354.png,ai_generated,true,false,,,1920,1080,a8688c9c1fb67525739440f7aa807d334a19e396e1e02bd23d926351452d5ca5,media.csv:media_id=IMG_007354;capture_batch=20260902_ai_generated_parking_order_violation_pov_b1_397;scenario_id=POV_PARKING_B1_HN02_FADED_LINES_BUT_CONFIRMABLY_INSIDE;v2_split=DEV,AIGC_FIXTURE_ONLY,Parking media is AIGC; v2_split=DEV; no real fixed camera/route/ROI evidence. VAL/HOLDOUT media not opened.
/home/yanbo/net_vlm_xunjian_dataset/00_raw/ai_generated/images/20260902_ai_generated_parking_order_violation_pov_b1_397/IMG_007355.png,ai_generated,true,false,,,1920,1080,23f8e8a546fe249ab5d2e02b29fe104a5131ae0e4ce80667a61b73897dad9d93,media.csv:media_id=IMG_007355;capture_batch=20260902_ai_generated_parking_order_violation_pov_b1_397;scenario_id=POV_PARKING_B1_HN02_FADED_LINES_BUT_CONFIRMABLY_INSIDE;v2_split=DEV,AIGC_FIXTURE_ONLY,Parking media is AIGC; v2_split=DEV; no real fixed camera/route/ROI evidence. VAL/HOLDOUT media not opened.
/home/yanbo/net_vlm_xunjian_dataset/00_raw/ai_generated/images/20260902_ai_generated_parking_order_violation_pov_b1_397/IMG_007356.png,ai_generated,true,false,,,1920,1080,b635cbc9e4d781374f788f1e33c1b381a357a634d6d5333ab6bed82fe2cc1ce9,media.csv:media_id=IMG_007356;capture_batch=20260902_ai_generated_parking_order_violation_pov_b1_397;scenario_id=POV_PARKING_B1_HN02_FADED_LINES_BUT_CONFIRMABLY_INSIDE;v2_split=HOLDOUT,false,Parking media is AIGC; v2_split=HOLDOUT; no real fixed camera/route/ROI evidence. VAL/HOLDOUT media not opened.
/home/yanbo/net_vlm_xunjian_dataset/00_raw/ai_generated/images/20260902_ai_generated_parking_order_violation_pov_b1_397/IMG_007357.png,ai_generated,true,false,,,1920,1080,cabd973ba6d16b666800001f6a9140755ba40f94024976cd2285dfec53a18c78,media.csv:media_id=IMG_007357;capture_batch=20260902_ai_generated_parking_order_violation_pov_b1_397;scenario_id=POV_PARKING_B1_HN02_FADED_LINES_BUT_CONFIRMABLY_INSIDE;v2_split=DEV,AIGC_FIXTURE_ONLY,Parking media is AIGC; v2_split=DEV; no real fixed camera/route/ROI evidence. VAL/HOLDOUT media not opened.
/home/yanbo/net_vlm_xunjian_dataset/00_raw/ai_generated/images/20260902_ai_generated_parking_order_violation_pov_b1_397/IMG_007358.png,ai_generated,true,false,,,1920,1080,eaf775ddde4273d5e4eb08d1dee3f0b4991ac9a393d6118d4b84c1b989e2f85e,media.csv:media_id=IMG_007358;capture_batch=20260902_ai_generated_parking_order_violation_pov_b1_397;scenario_id=POV_PARKING_B1_HN02_FADED_LINES_BUT_CONFIRMABLY_INSIDE;v2_split=DEV,AIGC_FIXTURE_ONLY,Parking media is AIGC; v2_split=DEV; no real fixed camera/route/ROI evidence. VAL/HOLDOUT media not opened.
/home/yanbo/net_vlm_xunjian_dataset/00_raw/ai_generated/images/20260902_ai_generated_parking_order_violation_pov_b1_397/IMG_007359.png,ai_generated,true,false,,,1920,1080,0f858350645bfb2da417651c472e17674c7e73c3c3fc5e7beb11ad38569e2cb7,media.csv:media_id=IMG_007359;capture_batch=20260902_ai_generated_parking_order_violation_pov_b1_397;scenario_id=POV_PARKING_B1_HN02_FADED_LINES_BUT_CONFIRMABLY_INSIDE;v2_split=DEV,AIGC_FIXTURE_ONLY,Parking media is AIGC; v2_split=DEV; no real fixed camera/route/ROI evidence. VAL/HOLDOUT media not opened.
/home/yanbo/net_vlm_xunjian_dataset/00_raw/ai_generated/images/20260902_ai_generated_parking_order_violation_pov_b1_397/IMG_007360.png,ai_generated,true,false,,,1920,1080,3674b9ed6b9e649845f7425d4a0ae172234b0e4097a75bb03592cb08ec60fc38,media.csv:media_id=IMG_007360;capture_batch=20260902_ai_generated_parking_order_violation_pov_b1_397;scenario_id=POV_PARKING_B1_HN03_PERSPECTIVE_LOOKS_LIKE_CROSSING;v2_split=DEV,AIGC_FIXTURE_ONLY,Parking media is AIGC; v2_split=DEV; no real fixed camera/route/ROI evidence. VAL/HOLDOUT media not opened.
/home/yanbo/net_vlm_xunjian_dataset/00_raw/ai_generated/images/20260902_ai_generated_parking_order_violation_pov_b1_397/IMG_007361.png,ai_generated,true,false,,,1920,1080,dac89cc4e5fe23b0cfce2ba0ea50484551bf9d03fae59a3d57e70a2f140b36c5,media.csv:media_id=IMG_007361;capture_batch=20260902_ai_generated_parking_order_violation_pov_b1_397;scenario_id=POV_PARKING_B1_HN03_PERSPECTIVE_LOOKS_LIKE_CROSSING;v2_split=DEV,AIGC_FIXTURE_ONLY,Parking media is AIGC; v2_split=DEV; no real fixed camera/route/ROI evidence. VAL/HOLDOUT media not opened.
/home/yanbo/net_vlm_xunjian_dataset/00_raw/ai_generated/images/20260902_ai_generated_parking_order_violation_pov_b1_397/IMG_007362.png,ai_generated,true,false,,,1920,1080,b33b9edcb63cdc555f412bf2b2565d8e59f1addadd3b07b054632672529cf42a,media.csv:media_id=IMG_007362;capture_batch=20260902_ai_generated_parking_order_violation_pov_b1_397;scenario_id=POV_PARKING_B1_HN03_PERSPECTIVE_LOOKS_LIKE_CROSSING;v2_split=VAL,false,Parking media is AIGC; v2_split=VAL; no real fixed camera/route/ROI evidence. VAL/HOLDOUT media not opened.
/home/yanbo/net_vlm_xunjian_dataset/00_raw/ai_generated/images/20260902_ai_generated_parking_order_violation_pov_b1_397/IMG_007363.png,ai_generated,true,false,,,1920,1080,d63fdddba84ce8d8777fcce99e1b0f1e51b1b1e89c3598e6b31bad019187df29,media.csv:media_id=IMG_007363;capture_batch=20260902_ai_generated_parking_order_violation_pov_b1_397;scenario_id=POV_PARKING_B1_HN03_PERSPECTIVE_LOOKS_LIKE_CROSSING;v2_split=DEV,AIGC_FIXTURE_ONLY,Parking media is AIGC; v2_split=DEV; no real fixed camera/route/ROI evidence. VAL/HOLDOUT media not opened.
/home/yanbo/net_vlm_xunjian_dataset/00_raw/ai_generated/images/20260902_ai_generated_parking_order_violation_pov_b1_397/IMG_007364.png,ai_generated,true,false,,,1920,1080,b123821fecdc6f735d4f830cfeac154a9eb2087c90deee2b54b710bcbadd9aad,media.csv:media_id=IMG_007364;capture_batch=20260902_ai_generated_parking_order_violation_pov_b1_397;scenario_id=POV_PARKING_B1_HN03_PERSPECTIVE_LOOKS_LIKE_CROSSING;v2_split=DEV,AIGC_FIXTURE_ONLY,Parking media is AIGC; v2_split=DEV; no real fixed camera/route/ROI evidence. VAL/HOLDOUT media not opened.
/home/yanbo/net_vlm_xunjian_dataset/00_raw/ai_generated/images/20260902_ai_generated_parking_order_violation_pov_b1_397/IMG_007365.png,ai_generated,true,false,,,1920,1080,822a005649efe9075c28718f8dc4c3e5d8b2c72b1ab00e94a1c16d8e8657f2ce,media.csv:media_id=IMG_007365;capture_batch=20260902_ai_generated_parking_order_violation_pov_b1_397;scenario_id=POV_PARKING_B1_HN03_PERSPECTIVE_LOOKS_LIKE_CROSSING;v2_split=HOLDOUT,false,Parking media is AIGC; v2_split=HOLDOUT; no real fixed camera/route/ROI evidence. VAL/HOLDOUT media not opened.
/home/yanbo/net_vlm_xunjian_dataset/00_raw/ai_generated/images/20260902_ai_generated_parking_order_violation_pov_b1_397/IMG_007366.png,ai_generated,true,false,,,1920,1080,593d8263187ce69bbf907e1d7bb14d028b7d586c5be1af698ee48a55bd8193a1,media.csv:media_id=IMG_007366;capture_batch=20260902_ai_generated_parking_order_violation_pov_b1_397;scenario_id=POV_PARKING_B1_HN03_PERSPECTIVE_LOOKS_LIKE_CROSSING;v2_split=DEV,AIGC_FIXTURE_ONLY,Parking media is AIGC; v2_split=DEV; no real fixed camera/route/ROI evidence. VAL/HOLDOUT media not opened.
/home/yanbo/net_vlm_xunjian_dataset/00_raw/ai_generated/images/20260902_ai_generated_parking_order_violation_pov_b1_397/IMG_007367.png,ai_generated,true,false,,,1920,1080,db175b1e91bb6ccdd9597c6619674a1e777b07946d35c5c4255e3649a64cc52e,media.csv:media_id=IMG_007367;capture_batch=20260902_ai_generated_parking_order_violation_pov_b1_397;scenario_id=POV_PARKING_B1_HN03_PERSPECTIVE_LOOKS_LIKE_CROSSING;v2_split=DEV,AIGC_FIXTURE_ONLY,Parking media is AIGC; v2_split=DEV; no real fixed camera/route/ROI evidence. VAL/HOLDOUT media not opened.
/home/yanbo/net_vlm_xunjian_dataset/00_raw/ai_generated/images/20260902_ai_generated_parking_order_violation_pov_b1_397/IMG_007368.png,ai_generated,true,false,,,1920,1080,49902e9eb73f0b904fe2018dbdd82e5496d8c5c321a2c720e4d7bcea6e1ac0dd,media.csv:media_id=IMG_007368;capture_batch=20260902_ai_generated_parking_order_violation_pov_b1_397;scenario_id=POV_PARKING_B1_HN03_PERSPECTIVE_LOOKS_LIKE_CROSSING;v2_split=VAL,false,Parking media is AIGC; v2_split=VAL; no real fixed camera/route/ROI evidence. VAL/HOLDOUT media not opened.
/home/yanbo/net_vlm_xunjian_dataset/00_raw/ai_generated/images/20260902_ai_generated_parking_order_violation_pov_b1_397/IMG_007369.png,ai_generated,true,false,,,1920,1080,e523ec2e210ca46691fed92afb720fa27cfea3a17cc5c38099e93184c967d9ce,media.csv:media_id=IMG_007369;capture_batch=20260902_ai_generated_parking_order_violation_pov_b1_397;scenario_id=POV_PARKING_B1_HN03_PERSPECTIVE_LOOKS_LIKE_CROSSING;v2_split=HOLDOUT,false,Parking media is AIGC; v2_split=HOLDOUT; no real fixed camera/route/ROI evidence. VAL/HOLDOUT media not opened.
/home/yanbo/net_vlm_xunjian_dataset/00_raw/ai_generated/images/20260902_ai_generated_parking_order_violation_pov_b1_397/IMG_007370.png,ai_generated,true,false,,,1920,1080,567bae0c556243c5c6176adcafdceb373c161fa47b582c2fd2dafeaff108e47c,media.csv:media_id=IMG_007370;capture_batch=20260902_ai_generated_parking_order_violation_pov_b1_397;scenario_id=POV_PARKING_B1_HN04_LARGE_VEHICLE_COMPLIANT;v2_split=DEV,AIGC_FIXTURE_ONLY,Parking media is AIGC; v2_split=DEV; no real fixed camera/route/ROI evidence. VAL/HOLDOUT media not opened.
/home/yanbo/net_vlm_xunjian_dataset/00_raw/ai_generated/images/20260902_ai_generated_parking_order_violation_pov_b1_397/IMG_007371.png,ai_generated,true,false,,,1920,1080,4492d4bc0bd671b7f9cc6211b4b8af4c9432769cfef3acfab6895d4991997f02,media.csv:media_id=IMG_007371;capture_batch=20260902_ai_generated_parking_order_violation_pov_b1_397;scenario_id=POV_PARKING_B1_HN04_LARGE_VEHICLE_COMPLIANT;v2_split=DEV,AIGC_FIXTURE_ONLY,Parking media is AIGC; v2_split=DEV; no real fixed camera/route/ROI evidence. VAL/HOLDOUT media not opened.
/home/yanbo/net_vlm_xunjian_dataset/00_raw/ai_generated/images/20260902_ai_generated_parking_order_violation_pov_b1_397/IMG_007372.png,ai_generated,true,false,,,1920,1080,6f7b3febfc0eee2c35220b77a32724e894fa8c39657623668bc1dac76707293c,media.csv:media_id=IMG_007372;capture_batch=20260902_ai_generated_parking_order_violation_pov_b1_397;scenario_id=POV_PARKING_B1_HN04_LARGE_VEHICLE_COMPLIANT;v2_split=HOLDOUT,false,Parking media is AIGC; v2_split=HOLDOUT; no real fixed camera/route/ROI evidence. VAL/HOLDOUT media not opened.
/home/yanbo/net_vlm_xunjian_dataset/00_raw/ai_generated/images/20260902_ai_generated_parking_order_violation_pov_b1_397/IMG_007373.png,ai_generated,true,false,,,1920,1080,361f7a966583ee2a2c725b48ed94b189825fc339c253681e5f37789ecdda0177,media.csv:media_id=IMG_007373;capture_batch=20260902_ai_generated_parking_order_violation_pov_b1_397;scenario_id=POV_PARKING_B1_HN04_LARGE_VEHICLE_COMPLIANT;v2_split=HOLDOUT,false,Parking media is AIGC; v2_split=HOLDOUT; no real fixed camera/route/ROI evidence. VAL/HOLDOUT media not opened.
/home/yanbo/net_vlm_xunjian_dataset/00_raw/ai_generated/images/20260902_ai_generated_parking_order_violation_pov_b1_397/IMG_007374.png,ai_generated,true,false,,,1920,1080,c369b4fcc2fb3905a50f84157acad67f599709a39b497c2592005f22898db7b4,media.csv:media_id=IMG_007374;capture_batch=20260902_ai_generated_parking_order_violation_pov_b1_397;scenario_id=POV_PARKING_B1_HN04_LARGE_VEHICLE_COMPLIANT;v2_split=DEV,AIGC_FIXTURE_ONLY,Parking media is AIGC; v2_split=DEV; no real fixed camera/route/ROI evidence. VAL/HOLDOUT media not opened.
/home/yanbo/net_vlm_xunjian_dataset/00_raw/ai_generated/images/20260902_ai_generated_parking_order_violation_pov_b1_397/IMG_007375.png,ai_generated,true,false,,,1920,1080,7d86413201ae0750997ed6e6cda7ed8581fdfd581b62d2eb184c60b5cf2514fd,media.csv:media_id=IMG_007375;capture_batch=20260902_ai_generated_parking_order_violation_pov_b1_397;scenario_id=POV_PARKING_B1_HN04_LARGE_VEHICLE_COMPLIANT;v2_split=VAL,false,Parking media is AIGC; v2_split=VAL; no real fixed camera/route/ROI evidence. VAL/HOLDOUT media not opened.
/home/yanbo/net_vlm_xunjian_dataset/00_raw/ai_generated/images/20260902_ai_generated_parking_order_violation_pov_b1_397/IMG_007376.png,ai_generated,true,false,,,1920,1080,ca827918de8d22c0cd591284451d6fc435086c824b0a17cac917152375f24cc5,media.csv:media_id=IMG_007376;capture_batch=20260902_ai_generated_parking_order_violation_pov_b1_397;scenario_id=POV_PARKING_B1_HN04_LARGE_VEHICLE_COMPLIANT;v2_split=DEV,AIGC_FIXTURE_ONLY,Parking media is AIGC; v2_split=DEV; no real fixed camera/route/ROI evidence. VAL/HOLDOUT media not opened.
/home/yanbo/net_vlm_xunjian_dataset/00_raw/ai_generated/images/20260902_ai_generated_parking_order_violation_pov_b1_397/IMG_007377.png,ai_generated,true,false,,,1920,1080,021fad0e257f476152c3cbb12b778c1330235dc5245568fac23b3e14c2e1f2af,media.csv:media_id=IMG_007377;capture_batch=20260902_ai_generated_parking_order_violation_pov_b1_397;scenario_id=POV_PARKING_B1_HN04_LARGE_VEHICLE_COMPLIANT;v2_split=DEV,AIGC_FIXTURE_ONLY,Parking media is AIGC; v2_split=DEV; no real fixed camera/route/ROI evidence. VAL/HOLDOUT media not opened.
/home/yanbo/net_vlm_xunjian_dataset/00_raw/ai_generated/images/20260902_ai_generated_parking_order_violation_pov_b1_397/IMG_007378.png,ai_generated,true,false,,,1920,1080,b446c4d7d253aac202f0964fa646dab91969d690870ee31c9600f447f61297ae,media.csv:media_id=IMG_007378;capture_batch=20260902_ai_generated_parking_order_violation_pov_b1_397;scenario_id=POV_PARKING_B1_HN04_LARGE_VEHICLE_COMPLIANT;v2_split=VAL,false,Parking media is AIGC; v2_split=VAL; no real fixed camera/route/ROI evidence. VAL/HOLDOUT media not opened.
/home/yanbo/net_vlm_xunjian_dataset/00_raw/ai_generated/images/20260902_ai_generated_parking_order_violation_pov_b1_397/IMG_007379.png,ai_generated,true,false,,,1920,1080,115d7f60d1099d93d6cbb63f7136361142d3f7a60a35fb0fc66a35a8b9060004,media.csv:media_id=IMG_007379;capture_batch=20260902_ai_generated_parking_order_violation_pov_b1_397;scenario_id=POV_PARKING_B1_HN04_LARGE_VEHICLE_COMPLIANT;v2_split=DEV,AIGC_FIXTURE_ONLY,Parking media is AIGC; v2_split=DEV; no real fixed camera/route/ROI evidence. VAL/HOLDOUT media not opened.
/home/yanbo/net_vlm_xunjian_dataset/00_raw/ai_generated/images/20260902_ai_generated_parking_order_violation_pov_b1_397/IMG_007380.png,ai_generated,true,false,,,1920,1080,796a96685119d4504eebb65b701679b510c99cafdfca0c0297546a0ea288cbf5,media.csv:media_id=IMG_007380;capture_batch=20260902_ai_generated_parking_order_violation_pov_b1_397;scenario_id=POV_PARKING_B1_HN05_ADJACENT_VEHICLE_OCCLUDES_LINES;v2_split=HOLDOUT,false,Parking media is AIGC; v2_split=HOLDOUT; no real fixed camera/route/ROI evidence. VAL/HOLDOUT media not opened.
/home/yanbo/net_vlm_xunjian_dataset/00_raw/ai_generated/images/20260902_ai_generated_parking_order_violation_pov_b1_397/IMG_007381.png,ai_generated,true,false,,,1920,1080,cd140c76c83fb748706b01bbe32f1052d1aaa6fc99086483515fc90766c6cbc3,media.csv:media_id=IMG_007381;capture_batch=20260902_ai_generated_parking_order_violation_pov_b1_397;scenario_id=POV_PARKING_B1_HN05_ADJACENT_VEHICLE_OCCLUDES_LINES;v2_split=HOLDOUT,false,Parking media is AIGC; v2_split=HOLDOUT; no real fixed camera/route/ROI evidence. VAL/HOLDOUT media not opened.
/home/yanbo/net_vlm_xunjian_dataset/00_raw/ai_generated/images/20260902_ai_generated_parking_order_violation_pov_b1_397/IMG_007382.png,ai_generated,true,false,,,1920,1080,a04f451c3ac6f726c360d2e033a907b3adc20eda0572c98b43462c6de77461e5,media.csv:media_id=IMG_007382;capture_batch=20260902_ai_generated_parking_order_violation_pov_b1_397;scenario_id=POV_PARKING_B1_HN05_ADJACENT_VEHICLE_OCCLUDES_LINES;v2_split=VAL,false,Parking media is AIGC; v2_split=VAL; no real fixed camera/route/ROI evidence. VAL/HOLDOUT media not opened.
/home/yanbo/net_vlm_xunjian_dataset/00_raw/ai_generated/images/20260902_ai_generated_parking_order_violation_pov_b1_397/IMG_007383.png,ai_generated,true,false,,,1920,1080,60d8fbd08871c3a8f245f19f2db5292d597d5ef6fd4714a2b2a9b0e3aae284c1,media.csv:media_id=IMG_007383;capture_batch=20260902_ai_generated_parking_order_violation_pov_b1_397;scenario_id=POV_PARKING_B1_HN05_ADJACENT_VEHICLE_OCCLUDES_LINES;v2_split=DEV,AIGC_FIXTURE_ONLY,Parking media is AIGC; v2_split=DEV; no real fixed camera/route/ROI evidence. VAL/HOLDOUT media not opened.
/home/yanbo/net_vlm_xunjian_dataset/00_raw/ai_generated/images/20260902_ai_generated_parking_order_violation_pov_b1_397/IMG_007384.png,ai_generated,true,false,,,1920,1080,61cbf5bbb92418936367bf624ef14082d27221510971acfd950d5fa4c775e825,media.csv:media_id=IMG_007384;capture_batch=20260902_ai_generated_parking_order_violation_pov_b1_397;scenario_id=POV_PARKING_B1_HN05_ADJACENT_VEHICLE_OCCLUDES_LINES;v2_split=DEV,AIGC_FIXTURE_ONLY,Parking media is AIGC; v2_split=DEV; no real fixed camera/route/ROI evidence. VAL/HOLDOUT media not opened.
/home/yanbo/net_vlm_xunjian_dataset/00_raw/ai_generated/images/20260902_ai_generated_parking_order_violation_pov_b1_397/IMG_007385.png,ai_generated,true,false,,,1920,1080,482f3cd56cf7d237c064dfc2fa622c5898c1b955ebe497bd4f1cac6c1b1b60b4,media.csv:media_id=IMG_007385;capture_batch=20260902_ai_generated_parking_order_violation_pov_b1_397;scenario_id=POV_PARKING_B1_HN05_ADJACENT_VEHICLE_OCCLUDES_LINES;v2_split=DEV,AIGC_FIXTURE_ONLY,Parking media is AIGC; v2_split=DEV; no real fixed camera/route/ROI evidence. VAL/HOLDOUT media not opened.
/home/yanbo/net_vlm_xunjian_dataset/00_raw/ai_generated/images/20260902_ai_generated_parking_order_violation_pov_b1_397/IMG_007386.png,ai_generated,true,false,,,1920,1080,9995229a09dfd3bc9370a7e4976a7e7c95b3ff9815c214d39d172e848e77be2e,media.csv:media_id=IMG_007386;capture_batch=20260902_ai_generated_parking_order_violation_pov_b1_397;scenario_id=POV_PARKING_B1_HN05_ADJACENT_VEHICLE_OCCLUDES_LINES;v2_split=VAL,false,Parking media is AIGC; v2_split=VAL; no real fixed camera/route/ROI evidence. VAL/HOLDOUT media not opened.
/home/yanbo/net_vlm_xunjian_dataset/00_raw/ai_generated/images/20260902_ai_generated_parking_order_violation_pov_b1_397/IMG_007387.png,ai_generated,true,false,,,1920,1080,3d7af2dd16e3c80712898605dc1af8d3b352f2dea87631ddd195fa829166d796,media.csv:media_id=IMG_007387;capture_batch=20260902_ai_generated_parking_order_violation_pov_b1_397;scenario_id=POV_PARKING_B1_HN05_ADJACENT_VEHICLE_OCCLUDES_LINES;v2_split=DEV,AIGC_FIXTURE_ONLY,Parking media is AIGC; v2_split=DEV; no real fixed camera/route/ROI evidence. VAL/HOLDOUT media not opened.
/home/yanbo/net_vlm_xunjian_dataset/00_raw/ai_generated/images/20260902_ai_generated_parking_order_violation_pov_b1_397/IMG_007388.png,ai_generated,true,false,,,1920,1080,82be2f1f59d729364c06da6c80690079ec3bff55bdc911269ea28e51eb43c531,media.csv:media_id=IMG_007388;capture_batch=20260902_ai_generated_parking_order_violation_pov_b1_397;scenario_id=POV_PARKING_B1_HN05_ADJACENT_VEHICLE_OCCLUDES_LINES;v2_split=DEV,AIGC_FIXTURE_ONLY,Parking media is AIGC; v2_split=DEV; no real fixed camera/route/ROI evidence. VAL/HOLDOUT media not opened.
/home/yanbo/net_vlm_xunjian_dataset/00_raw/ai_generated/images/20260902_ai_generated_parking_order_violation_pov_b1_397/IMG_007389.png,ai_generated,true,false,,,1920,1080,ae4e9a93f86c14ce1e99bcfab9d46c1fbe3eb0f50e75254a37f7d03be374c9fc,media.csv:media_id=IMG_007389;capture_batch=20260902_ai_generated_parking_order_violation_pov_b1_397;scenario_id=POV_PARKING_B1_HN05_ADJACENT_VEHICLE_OCCLUDES_LINES;v2_split=DEV,AIGC_FIXTURE_ONLY,Parking media is AIGC; v2_split=DEV; no real fixed camera/route/ROI evidence. VAL/HOLDOUT media not opened.
/home/yanbo/net_vlm_xunjian_dataset/00_raw/ai_generated/images/20260902_ai_generated_parking_order_violation_pov_b1_397/IMG_007390.png,ai_generated,true,false,,,1920,1080,9a44bdd551c0a406ec6b5cf35bb0e087d7f65eb18b94eba4674a265deb8e4f40,media.csv:media_id=IMG_007390;capture_batch=20260902_ai_generated_parking_order_violation_pov_b1_397;scenario_id=POV_PARKING_B1_HN06_SHADOWS_CRACKS_CURBS_MIMIC_LINES;v2_split=HOLDOUT,false,Parking media is AIGC; v2_split=HOLDOUT; no real fixed camera/route/ROI evidence. VAL/HOLDOUT media not opened.
/home/yanbo/net_vlm_xunjian_dataset/00_raw/ai_generated/images/20260902_ai_generated_parking_order_violation_pov_b1_397/IMG_007391.png,ai_generated,true,false,,,1920,1080,0ce594a0007b3331bbf288fc927335b63679a360791bb17de1540de00dca2b14,media.csv:media_id=IMG_007391;capture_batch=20260902_ai_generated_parking_order_violation_pov_b1_397;scenario_id=POV_PARKING_B1_HN06_SHADOWS_CRACKS_CURBS_MIMIC_LINES;v2_split=VAL,false,Parking media is AIGC; v2_split=VAL; no real fixed camera/route/ROI evidence. VAL/HOLDOUT media not opened.
/home/yanbo/net_vlm_xunjian_dataset/00_raw/ai_generated/images/20260902_ai_generated_parking_order_violation_pov_b1_397/IMG_007392.png,ai_generated,true,false,,,1920,1080,09f6d8c971bcafdb24b6dd32111a4ef16ea4a68175d113c31dc3d2a71382cf56,media.csv:media_id=IMG_007392;capture_batch=20260902_ai_generated_parking_order_violation_pov_b1_397;scenario_id=POV_PARKING_B1_HN06_SHADOWS_CRACKS_CURBS_MIMIC_LINES;v2_split=DEV,AIGC_FIXTURE_ONLY,Parking media is AIGC; v2_split=DEV; no real fixed camera/route/ROI evidence. VAL/HOLDOUT media not opened.
/home/yanbo/net_vlm_xunjian_dataset/00_raw/ai_generated/images/20260902_ai_generated_parking_order_violation_pov_b1_397/IMG_007393.png,ai_generated,true,false,,,1920,1080,8e98b0e2945a024316dbdcd0a03e37a0fcfa1e738866eb807616f0c40079bde2,media.csv:media_id=IMG_007393;capture_batch=20260902_ai_generated_parking_order_violation_pov_b1_397;scenario_id=POV_PARKING_B1_HN06_SHADOWS_CRACKS_CURBS_MIMIC_LINES;v2_split=DEV,AIGC_FIXTURE_ONLY,Parking media is AIGC; v2_split=DEV; no real fixed camera/route/ROI evidence. VAL/HOLDOUT media not opened.
/home/yanbo/net_vlm_xunjian_dataset/00_raw/ai_generated/images/20260902_ai_generated_parking_order_violation_pov_b1_397/IMG_007394.png,ai_generated,true,false,,,1920,1080,b1222e58238bff25a9daefa7676c1f723c39903d5f820c7c17649a415754d34b,media.csv:media_id=IMG_007394;capture_batch=20260902_ai_generated_parking_order_violation_pov_b1_397;scenario_id=POV_PARKING_B1_HN06_SHADOWS_CRACKS_CURBS_MIMIC_LINES;v2_split=DEV,AIGC_FIXTURE_ONLY,Parking media is AIGC; v2_split=DEV; no real fixed camera/route/ROI evidence. VAL/HOLDOUT media not opened.
/home/yanbo/net_vlm_xunjian_dataset/00_raw/ai_generated/images/20260902_ai_generated_parking_order_violation_pov_b1_397/IMG_007395.png,ai_generated,true,false,,,1920,1080,1d7738f4d02df20e7addc940bcb1957e8e284faaf3266be6925a6f971be78aee,media.csv:media_id=IMG_007395;capture_batch=20260902_ai_generated_parking_order_violation_pov_b1_397;scenario_id=POV_PARKING_B1_HN06_SHADOWS_CRACKS_CURBS_MIMIC_LINES;v2_split=VAL,false,Parking media is AIGC; v2_split=VAL; no real fixed camera/route/ROI evidence. VAL/HOLDOUT media not opened.
/home/yanbo/net_vlm_xunjian_dataset/00_raw/ai_generated/images/20260902_ai_generated_parking_order_violation_pov_b1_397/IMG_007396.png,ai_generated,true,false,,,1920,1080,644abcee17bedddc5b57b7e2f6241d7bdcafd6870043073405879da1936fa2c4,media.csv:media_id=IMG_007396;capture_batch=20260902_ai_generated_parking_order_violation_pov_b1_397;scenario_id=POV_PARKING_B1_HN06_SHADOWS_CRACKS_CURBS_MIMIC_LINES;v2_split=DEV,AIGC_FIXTURE_ONLY,Parking media is AIGC; v2_split=DEV; no real fixed camera/route/ROI evidence. VAL/HOLDOUT media not opened.
/home/yanbo/net_vlm_xunjian_dataset/00_raw/ai_generated/images/20260902_ai_generated_parking_order_violation_pov_b1_397/IMG_007397.png,ai_generated,true,false,,,1920,1080,cbbc4a2ec266a774d09455e1511e71b9f1ba203a0762ea6dcee93105c5efb4ef,media.csv:media_id=IMG_007397;capture_batch=20260902_ai_generated_parking_order_violation_pov_b1_397;scenario_id=POV_PARKING_B1_HN06_SHADOWS_CRACKS_CURBS_MIMIC_LINES;v2_split=DEV,AIGC_FIXTURE_ONLY,Parking media is AIGC; v2_split=DEV; no real fixed camera/route/ROI evidence. VAL/HOLDOUT media not opened.
/home/yanbo/net_vlm_xunjian_dataset/00_raw/ai_generated/images/20260902_ai_generated_parking_order_violation_pov_b1_397/IMG_007398.png,ai_generated,true,false,,,1920,1080,c4d71736baf071afac1ae831fa0c035d4516171d34e5145618b04ae2b575ca08,media.csv:media_id=IMG_007398;capture_batch=20260902_ai_generated_parking_order_violation_pov_b1_397;scenario_id=POV_PARKING_B1_HN06_SHADOWS_CRACKS_CURBS_MIMIC_LINES;v2_split=HOLDOUT,false,Parking media is AIGC; v2_split=HOLDOUT; no real fixed camera/route/ROI evidence. VAL/HOLDOUT media not opened.
/home/yanbo/net_vlm_xunjian_dataset/00_raw/ai_generated/images/20260902_ai_generated_parking_order_violation_pov_b1_397/IMG_007399.png,ai_generated,true,false,,,1920,1080,e95af0c29b4f154acac78c0e00d00b04f2f95050f2f4dd67e3648205a4acdd96,media.csv:media_id=IMG_007399;capture_batch=20260902_ai_generated_parking_order_violation_pov_b1_397;scenario_id=POV_PARKING_B1_HN06_SHADOWS_CRACKS_CURBS_MIMIC_LINES;v2_split=DEV,AIGC_FIXTURE_ONLY,Parking media is AIGC; v2_split=DEV; no real fixed camera/route/ROI evidence. VAL/HOLDOUT media not opened.
/home/yanbo/net_vlm_xunjian_dataset/00_raw/ai_generated/images/20260902_ai_generated_parking_order_violation_pov_b1_397/IMG_007400.png,ai_generated,true,false,,,1920,1080,7f3de5c6d827c4067654c3198fd1428125e8d47442919b155f33202f47efdb85,media.csv:media_id=IMG_007400;capture_batch=20260902_ai_generated_parking_order_violation_pov_b1_397;scenario_id=POV_PARKING_B1_N01_STANDARD_INSIDE_BAY;v2_split=DEV,AIGC_FIXTURE_ONLY,Parking media is AIGC; v2_split=DEV; no real fixed camera/route/ROI evidence. VAL/HOLDOUT media not opened.
/home/yanbo/net_vlm_xunjian_dataset/00_raw/ai_generated/images/20260902_ai_generated_parking_order_violation_pov_b1_397/IMG_007401.png,ai_generated,true,false,,,1920,1080,45342b5cb0677a3138f80ecaba27629feb72ef0bac1c55eb5ad4e1bf4f4ae01e,media.csv:media_id=IMG_007401;capture_batch=20260902_ai_generated_parking_order_violation_pov_b1_397;scenario_id=POV_PARKING_B1_N01_STANDARD_INSIDE_BAY;v2_split=VAL,false,Parking media is AIGC; v2_split=VAL; no real fixed camera/route/ROI evidence. VAL/HOLDOUT media not opened.
/home/yanbo/net_vlm_xunjian_dataset/00_raw/ai_generated/images/20260902_ai_generated_parking_order_violation_pov_b1_397/IMG_007402.png,ai_generated,true,false,,,1920,1080,4c8d02f45fec31a9676e7cea79ffb758886f6168d0cb60e091b860ad230d395a,media.csv:media_id=IMG_007402;capture_batch=20260902_ai_generated_parking_order_violation_pov_b1_397;scenario_id=POV_PARKING_B1_N01_STANDARD_INSIDE_BAY;v2_split=HOLDOUT,false,Parking media is AIGC; v2_split=HOLDOUT; no real fixed camera/route/ROI evidence. VAL/HOLDOUT media not opened.
/home/yanbo/net_vlm_xunjian_dataset/00_raw/ai_generated/images/20260902_ai_generated_parking_order_violation_pov_b1_397/IMG_007403.png,ai_generated,true,false,,,1920,1080,a2d6c7ab1c437ce0dd12c6293ead4c79690bd0b8efc5876aac7f7d33b5022699,media.csv:media_id=IMG_007403;capture_batch=20260902_ai_generated_parking_order_violation_pov_b1_397;scenario_id=POV_PARKING_B1_N01_STANDARD_INSIDE_BAY;v2_split=HOLDOUT,false,Parking media is AIGC; v2_split=HOLDOUT; no real fixed camera/route/ROI evidence. VAL/HOLDOUT media not opened.
/home/yanbo/net_vlm_xunjian_dataset/00_raw/ai_generated/images/20260902_ai_generated_parking_order_violation_pov_b1_397/IMG_007404.png,ai_generated,true,false,,,1920,1080,fd620718986af31c5d6919dcdac1b8afacf698dc1b3e72a1bf1755d7e1186959,media.csv:media_id=IMG_007404;capture_batch=20260902_ai_generated_parking_order_violation_pov_b1_397;scenario_id=POV_PARKING_B1_N01_STANDARD_INSIDE_BAY;v2_split=DEV,AIGC_FIXTURE_ONLY,Parking media is AIGC; v2_split=DEV; no real fixed camera/route/ROI evidence. VAL/HOLDOUT media not opened.
/home/yanbo/net_vlm_xunjian_dataset/00_raw/ai_generated/images/20260902_ai_generated_parking_order_violation_pov_b1_397/IMG_007405.png,ai_generated,true,false,,,1920,1080,b35e008ae423a47a7ee5d2d61fc6aeea77f15be5c1fea62fa4fe74fdd8c5a905,media.csv:media_id=IMG_007405;capture_batch=20260902_ai_generated_parking_order_violation_pov_b1_397;scenario_id=POV_PARKING_B1_N01_STANDARD_INSIDE_BAY;v2_split=DEV,AIGC_FIXTURE_ONLY,Parking media is AIGC; v2_split=DEV; no real fixed camera/route/ROI evidence. VAL/HOLDOUT media not opened.
/home/yanbo/net_vlm_xunjian_dataset/00_raw/ai_generated/images/20260902_ai_generated_parking_order_violation_pov_b1_397/IMG_007406.png,ai_generated,true,false,,,1920,1080,29ec4c3b22cff64f0ae2d6aa0c995a7c7d5715b9645e48d0f1dc1fad83077cd3,media.csv:media_id=IMG_007406;capture_batch=20260902_ai_generated_parking_order_violation_pov_b1_397;scenario_id=POV_PARKING_B1_N01_STANDARD_INSIDE_BAY;v2_split=DEV,AIGC_FIXTURE_ONLY,Parking media is AIGC; v2_split=DEV; no real fixed camera/route/ROI evidence. VAL/HOLDOUT media not opened.
/home/yanbo/net_vlm_xunjian_dataset/00_raw/ai_generated/images/20260902_ai_generated_parking_order_violation_pov_b1_397/IMG_007407.png,ai_generated,true,false,,,1920,1080,6c7f543efc3bac384192ea80dc354ef5c2d686fee20dc396b2da07e6303f1313,media.csv:media_id=IMG_007407;capture_batch=20260902_ai_generated_parking_order_violation_pov_b1_397;scenario_id=POV_PARKING_B1_N01_STANDARD_INSIDE_BAY;v2_split=DEV,AIGC_FIXTURE_ONLY,Parking media is AIGC; v2_split=DEV; no real fixed camera/route/ROI evidence. VAL/HOLDOUT media not opened.
/home/yanbo/net_vlm_xunjian_dataset/00_raw/ai_generated/images/20260902_ai_generated_parking_order_violation_pov_b1_397/IMG_007408.png,ai_generated,true,false,,,1920,1080,b5d797c12a9f7c7e91423ead73307c8f2c925479b945a374b391eaf158c23446,media.csv:media_id=IMG_007408;capture_batch=20260902_ai_generated_parking_order_violation_pov_b1_397;scenario_id=POV_PARKING_B1_N01_STANDARD_INSIDE_BAY;v2_split=HOLDOUT,false,Parking media is AIGC; v2_split=HOLDOUT; no real fixed camera/route/ROI evidence. VAL/HOLDOUT media not opened.
/home/yanbo/net_vlm_xunjian_dataset/00_raw/ai_generated/images/20260902_ai_generated_parking_order_violation_pov_b1_397/IMG_007409.png,ai_generated,true,false,,,1920,1080,d977930f49315480a10fca850bfeec78ede8891ffaae03d4f66f1e384f161232,media.csv:media_id=IMG_007409;capture_batch=20260902_ai_generated_parking_order_violation_pov_b1_397;scenario_id=POV_PARKING_B1_N01_STANDARD_INSIDE_BAY;v2_split=VAL,false,Parking media is AIGC; v2_split=VAL; no real fixed camera/route/ROI evidence. VAL/HOLDOUT media not opened.
/home/yanbo/net_vlm_xunjian_dataset/00_raw/ai_generated/images/20260902_ai_generated_parking_order_violation_pov_b1_397/IMG_007410.png,ai_generated,true,false,,,1920,1080,a15dd870ed18c2f7dd2b55b48fa7002727bbad6211c082185cd13ae4703f1c67,media.csv:media_id=IMG_007410;capture_batch=20260902_ai_generated_parking_order_violation_pov_b1_397;scenario_id=POV_PARKING_B1_N01_STANDARD_INSIDE_BAY;v2_split=DEV,AIGC_FIXTURE_ONLY,Parking media is AIGC; v2_split=DEV; no real fixed camera/route/ROI evidence. VAL/HOLDOUT media not opened.
/home/yanbo/net_vlm_xunjian_dataset/00_raw/ai_generated/images/20260902_ai_generated_parking_order_violation_pov_b1_397/IMG_007411.png,ai_generated,true,false,,,1920,1080,9c874375dfbdc973a62be948d13a36dba7e286fb7bd8e4a0d1f6e1282767cf3a,media.csv:media_id=IMG_007411;capture_batch=20260902_ai_generated_parking_order_violation_pov_b1_397;scenario_id=POV_PARKING_B1_N01_STANDARD_INSIDE_BAY;v2_split=VAL,false,Parking media is AIGC; v2_split=VAL; no real fixed camera/route/ROI evidence. VAL/HOLDOUT media not opened.
/home/yanbo/net_vlm_xunjian_dataset/00_raw/ai_generated/images/20260902_ai_generated_parking_order_violation_pov_b1_397/IMG_007412.png,ai_generated,true,false,,,1920,1080,43d2a9243e399caae8e2b2e320e24b779b8538584182bb3c24d5f307377f7b9f,media.csv:media_id=IMG_007412;capture_batch=20260902_ai_generated_parking_order_violation_pov_b1_397;scenario_id=POV_PARKING_B1_N01_STANDARD_INSIDE_BAY;v2_split=HOLDOUT,false,Parking media is AIGC; v2_split=HOLDOUT; no real fixed camera/route/ROI evidence. VAL/HOLDOUT media not opened.
/home/yanbo/net_vlm_xunjian_dataset/00_raw/ai_generated/images/20260902_ai_generated_parking_order_violation_pov_b1_397/IMG_007413.png,ai_generated,true,false,,,1920,1080,964cb2b1c0aa78e862c2463199ceb11e2c5d71d150972a4c8ad8fbcaa21c3c93,media.csv:media_id=IMG_007413;capture_batch=20260902_ai_generated_parking_order_violation_pov_b1_397;scenario_id=POV_PARKING_B1_N01_STANDARD_INSIDE_BAY;v2_split=DEV,AIGC_FIXTURE_ONLY,Parking media is AIGC; v2_split=DEV; no real fixed camera/route/ROI evidence. VAL/HOLDOUT media not opened.
/home/yanbo/net_vlm_xunjian_dataset/00_raw/ai_generated/images/20260902_ai_generated_parking_order_violation_pov_b1_397/IMG_007414.png,ai_generated,true,false,,,1920,1080,74853e04c5b4f56f62c5ddc3c6c551ac35f4635791395c011c58250737c55d98,media.csv:media_id=IMG_007414;capture_batch=20260902_ai_generated_parking_order_violation_pov_b1_397;scenario_id=POV_PARKING_B1_N01_STANDARD_INSIDE_BAY;v2_split=VAL,false,Parking media is AIGC; v2_split=VAL; no real fixed camera/route/ROI evidence. VAL/HOLDOUT media not opened.
/home/yanbo/net_vlm_xunjian_dataset/00_raw/ai_generated/images/20260902_ai_generated_parking_order_violation_pov_b1_397/IMG_007415.png,ai_generated,true,false,,,1920,1080,ba77818233dad6511976c38724ba8279b88d6cb9386dc095f6f63a783f9fb234,media.csv:media_id=IMG_007415;capture_batch=20260902_ai_generated_parking_order_violation_pov_b1_397;scenario_id=POV_PARKING_B1_N01_STANDARD_INSIDE_BAY;v2_split=DEV,AIGC_FIXTURE_ONLY,Parking media is AIGC; v2_split=DEV; no real fixed camera/route/ROI evidence. VAL/HOLDOUT media not opened.
/home/yanbo/net_vlm_xunjian_dataset/00_raw/ai_generated/images/20260902_ai_generated_parking_order_violation_pov_b1_397/IMG_007416.png,ai_generated,true,false,,,1920,1080,3de4711cf3f912f8d82de7470cb705ae3dcf86da8eb554adb3862a0c1f16b0d2,media.csv:media_id=IMG_007416;capture_batch=20260902_ai_generated_parking_order_violation_pov_b1_397;scenario_id=POV_PARKING_B1_N01_STANDARD_INSIDE_BAY;v2_split=DEV,AIGC_FIXTURE_ONLY,Parking media is AIGC; v2_split=DEV; no real fixed camera/route/ROI evidence. VAL/HOLDOUT media not opened.
/home/yanbo/net_vlm_xunjian_dataset/00_raw/ai_generated/images/20260902_ai_generated_parking_order_violation_pov_b1_397/IMG_007417.png,ai_generated,true,false,,,1920,1080,526c4f582dc4677d143ee9873c493204d768f976f56cf7844cf23d54f78d5f46,media.csv:media_id=IMG_007417;capture_batch=20260902_ai_generated_parking_order_violation_pov_b1_397;scenario_id=POV_PARKING_B1_N01_STANDARD_INSIDE_BAY;v2_split=DEV,AIGC_FIXTURE_ONLY,Parking media is AIGC; v2_split=DEV; no real fixed camera/route/ROI evidence. VAL/HOLDOUT media not opened.
/home/yanbo/net_vlm_xunjian_dataset/00_raw/ai_generated/images/20260902_ai_generated_parking_order_violation_pov_b1_397/IMG_007418.png,ai_generated,true,false,,,1920,1080,2f2bc385e033d3b7c384904132df908132fb62a0c5407cc8ab374b5536b0615e,media.csv:media_id=IMG_007418;capture_batch=20260902_ai_generated_parking_order_violation_pov_b1_397;scenario_id=POV_PARKING_B1_N01_STANDARD_INSIDE_BAY;v2_split=VAL,false,Parking media is AIGC; v2_split=VAL; no real fixed camera/route/ROI evidence. VAL/HOLDOUT media not opened.
/home/yanbo/net_vlm_xunjian_dataset/00_raw/ai_generated/images/20260902_ai_generated_parking_order_violation_pov_b1_397/IMG_007419.png,ai_generated,true,false,,,1920,1080,22057e8528147972427eacf883bfab5c029865ea712228a2f6626c3805722cba,media.csv:media_id=IMG_007419;capture_batch=20260902_ai_generated_parking_order_violation_pov_b1_397;scenario_id=POV_PARKING_B1_N01_STANDARD_INSIDE_BAY;v2_split=DEV,AIGC_FIXTURE_ONLY,Parking media is AIGC; v2_split=DEV; no real fixed camera/route/ROI evidence. VAL/HOLDOUT media not opened.
/home/yanbo/net_vlm_xunjian_dataset/00_raw/ai_generated/images/20260902_ai_generated_parking_order_violation_pov_b1_397/IMG_007420.png,ai_generated,true,false,,,1920,1080,21d01200396aaf286d278ecce76cc3e0396d424950b71a7d3cb8ad275f199738,media.csv:media_id=IMG_007420;capture_batch=20260902_ai_generated_parking_order_violation_pov_b1_397;scenario_id=POV_PARKING_B1_N01_STANDARD_INSIDE_BAY;v2_split=HOLDOUT,false,Parking media is AIGC; v2_split=HOLDOUT; no real fixed camera/route/ROI evidence. VAL/HOLDOUT media not opened.
/home/yanbo/net_vlm_xunjian_dataset/00_raw/ai_generated/images/20260902_ai_generated_parking_order_violation_pov_b1_397/IMG_007421.png,ai_generated,true,false,,,1920,1080,5f8625423cc6bc8ba417126244478f4f670d6d6e012a0bf4134825949425cebb,media.csv:media_id=IMG_007421;capture_batch=20260902_ai_generated_parking_order_violation_pov_b1_397;scenario_id=POV_PARKING_B1_N01_STANDARD_INSIDE_BAY;v2_split=DEV,AIGC_FIXTURE_ONLY,Parking media is AIGC; v2_split=DEV; no real fixed camera/route/ROI evidence. VAL/HOLDOUT media not opened.
/home/yanbo/net_vlm_xunjian_dataset/00_raw/ai_generated/images/20260902_ai_generated_parking_order_violation_pov_b1_397/IMG_007422.png,ai_generated,true,false,,,1920,1080,736a8db5db257327cc6096edb10767c3e075188284022fe92108ee14e468aed4,media.csv:media_id=IMG_007422;capture_batch=20260902_ai_generated_parking_order_violation_pov_b1_397;scenario_id=POV_PARKING_B1_N01_STANDARD_INSIDE_BAY;v2_split=DEV,AIGC_FIXTURE_ONLY,Parking media is AIGC; v2_split=DEV; no real fixed camera/route/ROI evidence. VAL/HOLDOUT media not opened.
/home/yanbo/net_vlm_xunjian_dataset/00_raw/ai_generated/images/20260902_ai_generated_parking_order_violation_pov_b1_397/IMG_007423.png,ai_generated,true,false,,,1920,1080,ed8cfc97489a4302d06e64c7b1008603b5fc9d9fcb2e7a12131cb1d35979a643,media.csv:media_id=IMG_007423;capture_batch=20260902_ai_generated_parking_order_violation_pov_b1_397;scenario_id=POV_PARKING_B1_N01_STANDARD_INSIDE_BAY;v2_split=VAL,false,Parking media is AIGC; v2_split=VAL; no real fixed camera/route/ROI evidence. VAL/HOLDOUT media not opened.
/home/yanbo/net_vlm_xunjian_dataset/00_raw/ai_generated/images/20260902_ai_generated_parking_order_violation_pov_b1_397/IMG_007424.png,ai_generated,true,false,,,1920,1080,df8524d07ca72eeb0ec383fc86cc23f3cca87b5cbceba1305f9abad3dc4f8d50,media.csv:media_id=IMG_007424;capture_batch=20260902_ai_generated_parking_order_violation_pov_b1_397;scenario_id=POV_PARKING_B1_N01_STANDARD_INSIDE_BAY;v2_split=DEV,AIGC_FIXTURE_ONLY,Parking media is AIGC; v2_split=DEV; no real fixed camera/route/ROI evidence. VAL/HOLDOUT media not opened.
/home/yanbo/net_vlm_xunjian_dataset/00_raw/ai_generated/images/20260902_ai_generated_parking_order_violation_pov_b1_397/IMG_007425.png,ai_generated,true,false,,,1920,1080,76812f06edf5e1ac60c11bbec63e9ecc66186ce805ccb42639352654016799a2,media.csv:media_id=IMG_007425;capture_batch=20260902_ai_generated_parking_order_violation_pov_b1_397;scenario_id=POV_PARKING_B1_N01_STANDARD_INSIDE_BAY;v2_split=DEV,AIGC_FIXTURE_ONLY,Parking media is AIGC; v2_split=DEV; no real fixed camera/route/ROI evidence. VAL/HOLDOUT media not opened.
/home/yanbo/net_vlm_xunjian_dataset/00_raw/ai_generated/images/20260902_ai_generated_parking_order_violation_pov_b1_397/IMG_007426.png,ai_generated,true,false,,,1920,1080,e4bb255312f3d10d4e0c47763220d4f5c9758f20a5e6c81e9e2a352fcfa95883,media.csv:media_id=IMG_007426;capture_batch=20260902_ai_generated_parking_order_violation_pov_b1_397;scenario_id=POV_PARKING_B1_N01_STANDARD_INSIDE_BAY;v2_split=HOLDOUT,false,Parking media is AIGC; v2_split=HOLDOUT; no real fixed camera/route/ROI evidence. VAL/HOLDOUT media not opened.
/home/yanbo/net_vlm_xunjian_dataset/00_raw/ai_generated/images/20260902_ai_generated_parking_order_violation_pov_b1_397/IMG_007427.png,ai_generated,true,false,,,1920,1080,d281e6f348b58dcee682bba3e59178d1549b4993715008b3c513b58c07467fc1,media.csv:media_id=IMG_007427;capture_batch=20260902_ai_generated_parking_order_violation_pov_b1_397;scenario_id=POV_PARKING_B1_N01_STANDARD_INSIDE_BAY;v2_split=DEV,AIGC_FIXTURE_ONLY,Parking media is AIGC; v2_split=DEV; no real fixed camera/route/ROI evidence. VAL/HOLDOUT media not opened.
/home/yanbo/net_vlm_xunjian_dataset/00_raw/ai_generated/images/20260902_ai_generated_parking_order_violation_pov_b1_397/IMG_007428.png,ai_generated,true,false,,,1920,1080,b137d0b13f111b6ef733e7f324ec62206ba6b93a1f94d72f76f4d186f9475376,media.csv:media_id=IMG_007428;capture_batch=20260902_ai_generated_parking_order_violation_pov_b1_397;scenario_id=POV_PARKING_B1_N01_STANDARD_INSIDE_BAY;v2_split=DEV,AIGC_FIXTURE_ONLY,Parking media is AIGC; v2_split=DEV; no real fixed camera/route/ROI evidence. VAL/HOLDOUT media not opened.
/home/yanbo/net_vlm_xunjian_dataset/00_raw/ai_generated/images/20260902_ai_generated_parking_order_violation_pov_b1_397/IMG_007429.png,ai_generated,true,false,,,1920,1080,fd91a82c1e3107317fb53bba0612e4a0696c247cb423aaec106ac538f65f57e2,media.csv:media_id=IMG_007429;capture_batch=20260902_ai_generated_parking_order_violation_pov_b1_397;scenario_id=POV_PARKING_B1_N01_STANDARD_INSIDE_BAY;v2_split=DEV,AIGC_FIXTURE_ONLY,Parking media is AIGC; v2_split=DEV; no real fixed camera/route/ROI evidence. VAL/HOLDOUT media not opened.
/home/yanbo/net_vlm_xunjian_dataset/00_raw/ai_generated/images/20260902_ai_generated_parking_order_violation_pov_b1_397/IMG_007430.png,ai_generated,true,false,,,1920,1080,9c96d5b38480a64143b7712c98cda01a4a1524623de4f343525028b2ccf72e04,media.csv:media_id=IMG_007430;capture_batch=20260902_ai_generated_parking_order_violation_pov_b1_397;scenario_id=POV_PARKING_B1_N02_CLOSE_TO_LINE_BUT_INSIDE;v2_split=HOLDOUT,false,Parking media is AIGC; v2_split=HOLDOUT; no real fixed camera/route/ROI evidence. VAL/HOLDOUT media not opened.
/home/yanbo/net_vlm_xunjian_dataset/00_raw/ai_generated/images/20260902_ai_generated_parking_order_violation_pov_b1_397/IMG_007431.png,ai_generated,true,false,,,1920,1080,12a266ff8e68ef3ac08a0ed7ed218aeda5573d9e8062c6d31b751109d4b85774,media.csv:media_id=IMG_007431;capture_batch=20260902_ai_generated_parking_order_violation_pov_b1_397;scenario_id=POV_PARKING_B1_N02_CLOSE_TO_LINE_BUT_INSIDE;v2_split=VAL,false,Parking media is AIGC; v2_split=VAL; no real fixed camera/route/ROI evidence. VAL/HOLDOUT media not opened.
/home/yanbo/net_vlm_xunjian_dataset/00_raw/ai_generated/images/20260902_ai_generated_parking_order_violation_pov_b1_397/IMG_007432.png,ai_generated,true,false,,,1920,1080,7fbdf3b19317df2b2bbd4e6bab8233b95be0465c102cadfd42402fe1826db413,media.csv:media_id=IMG_007432;capture_batch=20260902_ai_generated_parking_order_violation_pov_b1_397;scenario_id=POV_PARKING_B1_N02_CLOSE_TO_LINE_BUT_INSIDE;v2_split=VAL,false,Parking media is AIGC; v2_split=VAL; no real fixed camera/route/ROI evidence. VAL/HOLDOUT media not opened.
/home/yanbo/net_vlm_xunjian_dataset/00_raw/ai_generated/images/20260902_ai_generated_parking_order_violation_pov_b1_397/IMG_007433.png,ai_generated,true,false,,,1920,1080,fe27c8d6c0d9cfdcba4731469fba5b69473e539303c8a574778da7d5ec654da7,media.csv:media_id=IMG_007433;capture_batch=20260902_ai_generated_parking_order_violation_pov_b1_397;scenario_id=POV_PARKING_B1_N02_CLOSE_TO_LINE_BUT_INSIDE;v2_split=DEV,AIGC_FIXTURE_ONLY,Parking media is AIGC; v2_split=DEV; no real fixed camera/route/ROI evidence. VAL/HOLDOUT media not opened.
/home/yanbo/net_vlm_xunjian_dataset/00_raw/ai_generated/images/20260902_ai_generated_parking_order_violation_pov_b1_397/IMG_007434.png,ai_generated,true,false,,,1920,1080,93dd939223de70108af0443626c0300c4679d768b35b03eab61a3028f01b0b51,media.csv:media_id=IMG_007434;capture_batch=20260902_ai_generated_parking_order_violation_pov_b1_397;scenario_id=POV_PARKING_B1_N02_CLOSE_TO_LINE_BUT_INSIDE;v2_split=DEV,AIGC_FIXTURE_ONLY,Parking media is AIGC; v2_split=DEV; no real fixed camera/route/ROI evidence. VAL/HOLDOUT media not opened.
/home/yanbo/net_vlm_xunjian_dataset/00_raw/ai_generated/images/20260902_ai_generated_parking_order_violation_pov_b1_397/IMG_007435.png,ai_generated,true,false,,,1920,1080,cddfdcb5f1820caf15f7f727e9f73b9a436da73f8b957ed5939e82be872ac0cd,media.csv:media_id=IMG_007435;capture_batch=20260902_ai_generated_parking_order_violation_pov_b1_397;scenario_id=POV_PARKING_B1_N02_CLOSE_TO_LINE_BUT_INSIDE;v2_split=DEV,AIGC_FIXTURE_ONLY,Parking media is AIGC; v2_split=DEV; no real fixed camera/route/ROI evidence. VAL/HOLDOUT media not opened.
/home/yanbo/net_vlm_xunjian_dataset/00_raw/ai_generated/images/20260902_ai_generated_parking_order_violation_pov_b1_397/IMG_007436.png,ai_generated,true,false,,,1920,1080,d8c0377533185c5d9741d2eef6331658b774033b30e409d24a1c0be26a5c89ec,media.csv:media_id=IMG_007436;capture_batch=20260902_ai_generated_parking_order_violation_pov_b1_397;scenario_id=POV_PARKING_B1_N02_CLOSE_TO_LINE_BUT_INSIDE;v2_split=VAL,false,Parking media is AIGC; v2_split=VAL; no real fixed camera/route/ROI evidence. VAL/HOLDOUT media not opened.
/home/yanbo/net_vlm_xunjian_dataset/00_raw/ai_generated/images/20260902_ai_generated_parking_order_violation_pov_b1_397/IMG_007437.png,ai_generated,true,false,,,1920,1080,3a637b79547a92bb435dd72e3d2ab99539a5b2d7d4d40965598dc7ae9e23e249,media.csv:media_id=IMG_007437;capture_batch=20260902_ai_generated_parking_order_violation_pov_b1_397;scenario_id=POV_PARKING_B1_N02_CLOSE_TO_LINE_BUT_INSIDE;v2_split=DEV,AIGC_FIXTURE_ONLY,Parking media is AIGC; v2_split=DEV; no real fixed camera/route/ROI evidence. VAL/HOLDOUT media not opened.
/home/yanbo/net_vlm_xunjian_dataset/00_raw/ai_generated/images/20260902_ai_generated_parking_order_violation_pov_b1_397/IMG_007438.png,ai_generated,true,false,,,1920,1080,9d6bba41476bd4a27ae843b7e7b21bd62715a1b3a221e9d527498c95f8ad5c5d,media.csv:media_id=IMG_007438;capture_batch=20260902_ai_generated_parking_order_violation_pov_b1_397;scenario_id=POV_PARKING_B1_N02_CLOSE_TO_LINE_BUT_INSIDE;v2_split=VAL,false,Parking media is AIGC; v2_split=VAL; no real fixed camera/route/ROI evidence. VAL/HOLDOUT media not opened.
/home/yanbo/net_vlm_xunjian_dataset/00_raw/ai_generated/images/20260902_ai_generated_parking_order_violation_pov_b1_397/IMG_007439.png,ai_generated,true,false,,,1920,1080,835f06485702c981bd83883595d6a804413fc90061427930bd1b0a25cab79c53,media.csv:media_id=IMG_007439;capture_batch=20260902_ai_generated_parking_order_violation_pov_b1_397;scenario_id=POV_PARKING_B1_N02_CLOSE_TO_LINE_BUT_INSIDE;v2_split=DEV,AIGC_FIXTURE_ONLY,Parking media is AIGC; v2_split=DEV; no real fixed camera/route/ROI evidence. VAL/HOLDOUT media not opened.
/home/yanbo/net_vlm_xunjian_dataset/00_raw/ai_generated/images/20260902_ai_generated_parking_order_violation_pov_b1_397/IMG_007440.png,ai_generated,true,false,,,1920,1080,e586ae3cb1f17ce460ce333a010827741c1b0936c52935bf47b172129443186a,media.csv:media_id=IMG_007440;capture_batch=20260902_ai_generated_parking_order_violation_pov_b1_397;scenario_id=POV_PARKING_B1_N02_CLOSE_TO_LINE_BUT_INSIDE;v2_split=DEV,AIGC_FIXTURE_ONLY,Parking media is AIGC; v2_split=DEV; no real fixed camera/route/ROI evidence. VAL/HOLDOUT media not opened.
/home/yanbo/net_vlm_xunjian_dataset/00_raw/ai_generated/images/20260902_ai_generated_parking_order_violation_pov_b1_397/IMG_007441.png,ai_generated,true,false,,,1920,1080,de3ddd394963052848852c12cc05224abd0587bef061f56c9d9fc25fa12803b5,media.csv:media_id=IMG_007441;capture_batch=20260902_ai_generated_parking_order_violation_pov_b1_397;scenario_id=POV_PARKING_B1_N02_CLOSE_TO_LINE_BUT_INSIDE;v2_split=DEV,AIGC_FIXTURE_ONLY,Parking media is AIGC; v2_split=DEV; no real fixed camera/route/ROI evidence. VAL/HOLDOUT media not opened.
/home/yanbo/net_vlm_xunjian_dataset/00_raw/ai_generated/images/20260902_ai_generated_parking_order_violation_pov_b1_397/IMG_007442.png,ai_generated,true,false,,,1920,1080,cf9599d0f02cc07b21557505cde20cf5c9ae7cafb02c72e70c4e13411f2f7d9f,media.csv:media_id=IMG_007442;capture_batch=20260902_ai_generated_parking_order_violation_pov_b1_397;scenario_id=POV_PARKING_B1_N02_CLOSE_TO_LINE_BUT_INSIDE;v2_split=DEV,AIGC_FIXTURE_ONLY,Parking media is AIGC; v2_split=DEV; no real fixed camera/route/ROI evidence. VAL/HOLDOUT media not opened.
/home/yanbo/net_vlm_xunjian_dataset/00_raw/ai_generated/images/20260902_ai_generated_parking_order_violation_pov_b1_397/IMG_007443.png,ai_generated,true,false,,,1920,1080,de0658b1669b1b96d661a97dab333d9e92e010c3866fed5709f3659b099e61b5,media.csv:media_id=IMG_007443;capture_batch=20260902_ai_generated_parking_order_violation_pov_b1_397;scenario_id=POV_PARKING_B1_N02_CLOSE_TO_LINE_BUT_INSIDE;v2_split=VAL,false,Parking media is AIGC; v2_split=VAL; no real fixed camera/route/ROI evidence. VAL/HOLDOUT media not opened.
/home/yanbo/net_vlm_xunjian_dataset/00_raw/ai_generated/images/20260902_ai_generated_parking_order_violation_pov_b1_397/IMG_007444.png,ai_generated,true,false,,,1920,1080,9ea5080d4cd9cfe109f9fb1b3f312cdf1b85bc7552e8d3035df54336212133d9,media.csv:media_id=IMG_007444;capture_batch=20260902_ai_generated_parking_order_violation_pov_b1_397;scenario_id=POV_PARKING_B1_N02_CLOSE_TO_LINE_BUT_INSIDE;v2_split=DEV,AIGC_FIXTURE_ONLY,Parking media is AIGC; v2_split=DEV; no real fixed camera/route/ROI evidence. VAL/HOLDOUT media not opened.
/home/yanbo/net_vlm_xunjian_dataset/00_raw/ai_generated/images/20260902_ai_generated_parking_order_violation_pov_b1_397/IMG_007445.png,ai_generated,true,false,,,1920,1080,e2488304c57c05fbeb2bec2ee0ba020cc4af5b8c577da633a862d5593d40a598,media.csv:media_id=IMG_007445;capture_batch=20260902_ai_generated_parking_order_violation_pov_b1_397;scenario_id=POV_PARKING_B1_N02_CLOSE_TO_LINE_BUT_INSIDE;v2_split=DEV,AIGC_FIXTURE_ONLY,Parking media is AIGC; v2_split=DEV; no real fixed camera/route/ROI evidence. VAL/HOLDOUT media not opened.
/home/yanbo/net_vlm_xunjian_dataset/00_raw/ai_generated/images/20260902_ai_generated_parking_order_violation_pov_b1_397/IMG_007446.png,ai_generated,true,false,,,1920,1080,c2cfddc197039dca12b375eeeeda2d13fa5d17adfd43ebabcb883f11bb8f3b53,media.csv:media_id=IMG_007446;capture_batch=20260902_ai_generated_parking_order_violation_pov_b1_397;scenario_id=POV_PARKING_B1_N02_CLOSE_TO_LINE_BUT_INSIDE;v2_split=DEV,AIGC_FIXTURE_ONLY,Parking media is AIGC; v2_split=DEV; no real fixed camera/route/ROI evidence. VAL/HOLDOUT media not opened.
/home/yanbo/net_vlm_xunjian_dataset/00_raw/ai_generated/images/20260902_ai_generated_parking_order_violation_pov_b1_397/IMG_007447.png,ai_generated,true,false,,,1920,1080,92eb767f556842b1ee61dc1e440a26a1a60f6a2edf892e72e4a29c9838117e0b,media.csv:media_id=IMG_007447;capture_batch=20260902_ai_generated_parking_order_violation_pov_b1_397;scenario_id=POV_PARKING_B1_N02_CLOSE_TO_LINE_BUT_INSIDE;v2_split=HOLDOUT,false,Parking media is AIGC; v2_split=HOLDOUT; no real fixed camera/route/ROI evidence. VAL/HOLDOUT media not opened.
/home/yanbo/net_vlm_xunjian_dataset/00_raw/ai_generated/images/20260902_ai_generated_parking_order_violation_pov_b1_397/IMG_007448.png,ai_generated,true,false,,,1920,1080,27c1665d9965bc76ea486a6e716c598da19604e3d412b34f7523f23f82f2b392,media.csv:media_id=IMG_007448;capture_batch=20260902_ai_generated_parking_order_violation_pov_b1_397;scenario_id=POV_PARKING_B1_N02_CLOSE_TO_LINE_BUT_INSIDE;v2_split=HOLDOUT,false,Parking media is AIGC; v2_split=HOLDOUT; no real fixed camera/route/ROI evidence. VAL/HOLDOUT media not opened.
/home/yanbo/net_vlm_xunjian_dataset/00_raw/ai_generated/images/20260902_ai_generated_parking_order_violation_pov_b1_397/IMG_007449.png,ai_generated,true,false,,,1920,1080,e82782bc39ef9899001bd720d28c4535d6c62e07d6ede16d23b9669968689367,media.csv:media_id=IMG_007449;capture_batch=20260902_ai_generated_parking_order_violation_pov_b1_397;scenario_id=POV_PARKING_B1_N02_CLOSE_TO_LINE_BUT_INSIDE;v2_split=DEV,AIGC_FIXTURE_ONLY,Parking media is AIGC; v2_split=DEV; no real fixed camera/route/ROI evidence. VAL/HOLDOUT media not opened.
/home/yanbo/net_vlm_xunjian_dataset/00_raw/ai_generated/images/20260902_ai_generated_parking_order_violation_pov_b1_397/IMG_007450.png,ai_generated,true,false,,,1920,1080,dfcabcaf60309258982b2f14a2079537b4c0d67d831f2d2bd838649f9c4cbfca,media.csv:media_id=IMG_007450;capture_batch=20260902_ai_generated_parking_order_violation_pov_b1_397;scenario_id=POV_PARKING_B1_N02_CLOSE_TO_LINE_BUT_INSIDE;v2_split=DEV,AIGC_FIXTURE_ONLY,Parking media is AIGC; v2_split=DEV; no real fixed camera/route/ROI evidence. VAL/HOLDOUT media not opened.
/home/yanbo/net_vlm_xunjian_dataset/00_raw/ai_generated/images/20260902_ai_generated_parking_order_violation_pov_b1_397/IMG_007451.png,ai_generated,true,false,,,1920,1080,f895fd5f9d83232f4e929e529c8d3a2d3eff103aa6cd29fd27614a88796ffd9d,media.csv:media_id=IMG_007451;capture_batch=20260902_ai_generated_parking_order_violation_pov_b1_397;scenario_id=POV_PARKING_B1_N02_CLOSE_TO_LINE_BUT_INSIDE;v2_split=HOLDOUT,false,Parking media is AIGC; v2_split=HOLDOUT; no real fixed camera/route/ROI evidence. VAL/HOLDOUT media not opened.
/home/yanbo/net_vlm_xunjian_dataset/00_raw/ai_generated/images/20260902_ai_generated_parking_order_violation_pov_b1_397/IMG_007452.png,ai_generated,true,false,,,1920,1080,8cec4bebad215390b56fe9e6e5c35287e589043ed992daf9fb50a180b6ee7ca7,media.csv:media_id=IMG_007452;capture_batch=20260902_ai_generated_parking_order_violation_pov_b1_397;scenario_id=POV_PARKING_B1_N02_CLOSE_TO_LINE_BUT_INSIDE;v2_split=HOLDOUT,false,Parking media is AIGC; v2_split=HOLDOUT; no real fixed camera/route/ROI evidence. VAL/HOLDOUT media not opened.
/home/yanbo/net_vlm_xunjian_dataset/00_raw/ai_generated/images/20260902_ai_generated_parking_order_violation_pov_b1_397/IMG_007453.png,ai_generated,true,false,,,1920,1080,8cd0d7dbbfacc8107b3c0b0245ce596d043193825b3be2e639fac4f2886f4a32,media.csv:media_id=IMG_007453;capture_batch=20260902_ai_generated_parking_order_violation_pov_b1_397;scenario_id=POV_PARKING_B1_N02_CLOSE_TO_LINE_BUT_INSIDE;v2_split=DEV,AIGC_FIXTURE_ONLY,Parking media is AIGC; v2_split=DEV; no real fixed camera/route/ROI evidence. VAL/HOLDOUT media not opened.
/home/yanbo/net_vlm_xunjian_dataset/00_raw/ai_generated/images/20260902_ai_generated_parking_order_violation_pov_b1_397/IMG_007454.png,ai_generated,true,false,,,1920,1080,31294814f4739ced23a5ed9eaf077869a62bc156987fdae30ca326c04393b233,media.csv:media_id=IMG_007454;capture_batch=20260902_ai_generated_parking_order_violation_pov_b1_397;scenario_id=POV_PARKING_B1_N02_CLOSE_TO_LINE_BUT_INSIDE;v2_split=DEV,AIGC_FIXTURE_ONLY,Parking media is AIGC; v2_split=DEV; no real fixed camera/route/ROI evidence. VAL/HOLDOUT media not opened.
/home/yanbo/net_vlm_xunjian_dataset/00_raw/ai_generated/images/20260902_ai_generated_parking_order_violation_pov_b1_397/IMG_007455.png,ai_generated,true,false,,,1920,1080,7c90b74b6df0fd3434c820c4803ea024860a81c84e42517027043157326fc5df,media.csv:media_id=IMG_007455;capture_batch=20260902_ai_generated_parking_order_violation_pov_b1_397;scenario_id=POV_PARKING_B1_N03_DIAGONAL_BAY_CORRECT;v2_split=DEV,AIGC_FIXTURE_ONLY,Parking media is AIGC; v2_split=DEV; no real fixed camera/route/ROI evidence. VAL/HOLDOUT media not opened.
/home/yanbo/net_vlm_xunjian_dataset/00_raw/ai_generated/images/20260902_ai_generated_parking_order_violation_pov_b1_397/IMG_007456.png,ai_generated,true,false,,,1920,1080,5eadba2bdd3b559941e3418bf1b3c2801ea86f5c3b47911aa9ec2ad3a152ba66,media.csv:media_id=IMG_007456;capture_batch=20260902_ai_generated_parking_order_violation_pov_b1_397;scenario_id=POV_PARKING_B1_N03_DIAGONAL_BAY_CORRECT;v2_split=VAL,false,Parking media is AIGC; v2_split=VAL; no real fixed camera/route/ROI evidence. VAL/HOLDOUT media not opened.
/home/yanbo/net_vlm_xunjian_dataset/00_raw/ai_generated/images/20260902_ai_generated_parking_order_violation_pov_b1_397/IMG_007457.png,ai_generated,true,false,,,1920,1080,1b745feece129bbc2798c74d73ba20316c25da3d00927816f9e53a35acbf266c,media.csv:media_id=IMG_007457;capture_batch=20260902_ai_generated_parking_order_violation_pov_b1_397;scenario_id=POV_PARKING_B1_N03_DIAGONAL_BAY_CORRECT;v2_split=DEV,AIGC_FIXTURE_ONLY,Parking media is AIGC; v2_split=DEV; no real fixed camera/route/ROI evidence. VAL/HOLDOUT media not opened.
/home/yanbo/net_vlm_xunjian_dataset/00_raw/ai_generated/images/20260902_ai_generated_parking_order_violation_pov_b1_397/IMG_007458.png,ai_generated,true,false,,,1920,1080,2f6dd8c7f7b1dc80c0b1199d9644fd34b108952e096f9c7858f76927a34e7927,media.csv:media_id=IMG_007458;capture_batch=20260902_ai_generated_parking_order_violation_pov_b1_397;scenario_id=POV_PARKING_B1_N03_DIAGONAL_BAY_CORRECT;v2_split=HOLDOUT,false,Parking media is AIGC; v2_split=HOLDOUT; no real fixed camera/route/ROI evidence. VAL/HOLDOUT media not opened.
/home/yanbo/net_vlm_xunjian_dataset/00_raw/ai_generated/images/20260902_ai_generated_parking_order_violation_pov_b1_397/IMG_007459.png,ai_generated,true,false,,,1920,1080,19459a59927d35caaeb247bb37d8f472f63c0beecd405ef7d87111fc22de55c0,media.csv:media_id=IMG_007459;capture_batch=20260902_ai_generated_parking_order_violation_pov_b1_397;scenario_id=POV_PARKING_B1_N03_DIAGONAL_BAY_CORRECT;v2_split=VAL,false,Parking media is AIGC; v2_split=VAL; no real fixed camera/route/ROI evidence. VAL/HOLDOUT media not opened.
/home/yanbo/net_vlm_xunjian_dataset/00_raw/ai_generated/images/20260902_ai_generated_parking_order_violation_pov_b1_397/IMG_007460.png,ai_generated,true,false,,,1920,1080,3a0d96710923323d6a4c6a0b0dff53f415ddba191f0df7235c71761bddaf63c5,media.csv:media_id=IMG_007460;capture_batch=20260902_ai_generated_parking_order_violation_pov_b1_397;scenario_id=POV_PARKING_B1_N03_DIAGONAL_BAY_CORRECT;v2_split=DEV,AIGC_FIXTURE_ONLY,Parking media is AIGC; v2_split=DEV; no real fixed camera/route/ROI evidence. VAL/HOLDOUT media not opened.
/home/yanbo/net_vlm_xunjian_dataset/00_raw/ai_generated/images/20260902_ai_generated_parking_order_violation_pov_b1_397/IMG_007461.png,ai_generated,true,false,,,1920,1080,55ac15f83c52cd7d980acf073b3da3b7411e41706527b92767a3a6b91edb5f20,media.csv:media_id=IMG_007461;capture_batch=20260902_ai_generated_parking_order_violation_pov_b1_397;scenario_id=POV_PARKING_B1_N03_DIAGONAL_BAY_CORRECT;v2_split=VAL,false,Parking media is AIGC; v2_split=VAL; no real fixed camera/route/ROI evidence. VAL/HOLDOUT media not opened.
/home/yanbo/net_vlm_xunjian_dataset/00_raw/ai_generated/images/20260902_ai_generated_parking_order_violation_pov_b1_397/IMG_007462.png,ai_generated,true,false,,,1920,1080,57b5c019085ffa8fdab1a502bca7dc47a9316763e6e20b4e110888978e362729,media.csv:media_id=IMG_007462;capture_batch=20260902_ai_generated_parking_order_violation_pov_b1_397;scenario_id=POV_PARKING_B1_N03_DIAGONAL_BAY_CORRECT;v2_split=HOLDOUT,false,Parking media is AIGC; v2_split=HOLDOUT; no real fixed camera/route/ROI evidence. VAL/HOLDOUT media not opened.
/home/yanbo/net_vlm_xunjian_dataset/00_raw/ai_generated/images/20260902_ai_generated_parking_order_violation_pov_b1_397/IMG_007463.png,ai_generated,true,false,,,1920,1080,f4732bbb047872c395ede807cdb02d9291f777c00e963f7ccb7dc04f17a86e2a,media.csv:media_id=IMG_007463;capture_batch=20260902_ai_generated_parking_order_violation_pov_b1_397;scenario_id=POV_PARKING_B1_N03_DIAGONAL_BAY_CORRECT;v2_split=DEV,AIGC_FIXTURE_ONLY,Parking media is AIGC; v2_split=DEV; no real fixed camera/route/ROI evidence. VAL/HOLDOUT media not opened.
/home/yanbo/net_vlm_xunjian_dataset/00_raw/ai_generated/images/20260902_ai_generated_parking_order_violation_pov_b1_397/IMG_007464.png,ai_generated,true,false,,,1920,1080,8cf423ea5d5be88789429980f50c0ef31ea0aad8a4d4dede698bbd3cb8fde18d,media.csv:media_id=IMG_007464;capture_batch=20260902_ai_generated_parking_order_violation_pov_b1_397;scenario_id=POV_PARKING_B1_N03_DIAGONAL_BAY_CORRECT;v2_split=HOLDOUT,false,Parking media is AIGC; v2_split=HOLDOUT; no real fixed camera/route/ROI evidence. VAL/HOLDOUT media not opened.
/home/yanbo/net_vlm_xunjian_dataset/00_raw/ai_generated/images/20260902_ai_generated_parking_order_violation_pov_b1_397/IMG_007465.png,ai_generated,true,false,,,1920,1080,0173b785c086015179eebb31f75d19c6523d350e10c2924111c615bdc3566010,media.csv:media_id=IMG_007465;capture_batch=20260902_ai_generated_parking_order_violation_pov_b1_397;scenario_id=POV_PARKING_B1_N03_DIAGONAL_BAY_CORRECT;v2_split=DEV,AIGC_FIXTURE_ONLY,Parking media is AIGC; v2_split=DEV; no real fixed camera/route/ROI evidence. VAL/HOLDOUT media not opened.
/home/yanbo/net_vlm_xunjian_dataset/00_raw/ai_generated/images/20260902_ai_generated_parking_order_violation_pov_b1_397/IMG_007466.png,ai_generated,true,false,,,1920,1080,b62a4b780aced11b27672adced6410251f142e0075012f4bbf8e56bd72061a11,media.csv:media_id=IMG_007466;capture_batch=20260902_ai_generated_parking_order_violation_pov_b1_397;scenario_id=POV_PARKING_B1_N03_DIAGONAL_BAY_CORRECT;v2_split=DEV,AIGC_FIXTURE_ONLY,Parking media is AIGC; v2_split=DEV; no real fixed camera/route/ROI evidence. VAL/HOLDOUT media not opened.
/home/yanbo/net_vlm_xunjian_dataset/00_raw/ai_generated/images/20260902_ai_generated_parking_order_violation_pov_b1_397/IMG_007467.png,ai_generated,true,false,,,1920,1080,3a4435403ec5ba2d2d0dc3af9c40e09c59ef776827982d073d8c18cc7b1124a2,media.csv:media_id=IMG_007467;capture_batch=20260902_ai_generated_parking_order_violation_pov_b1_397;scenario_id=POV_PARKING_B1_N03_DIAGONAL_BAY_CORRECT;v2_split=DEV,AIGC_FIXTURE_ONLY,Parking media is AIGC; v2_split=DEV; no real fixed camera/route/ROI evidence. VAL/HOLDOUT media not opened.
/home/yanbo/net_vlm_xunjian_dataset/00_raw/ai_generated/images/20260902_ai_generated_parking_order_violation_pov_b1_397/IMG_007468.png,ai_generated,true,false,,,1920,1080,016eda9b6a37bcc9a31bcb6722e7f6e4ad5c9c574070912ffaf38d9955eca657,media.csv:media_id=IMG_007468;capture_batch=20260902_ai_generated_parking_order_violation_pov_b1_397;scenario_id=POV_PARKING_B1_N03_DIAGONAL_BAY_CORRECT;v2_split=DEV,AIGC_FIXTURE_ONLY,Parking media is AIGC; v2_split=DEV; no real fixed camera/route/ROI evidence. VAL/HOLDOUT media not opened.
/home/yanbo/net_vlm_xunjian_dataset/00_raw/ai_generated/images/20260902_ai_generated_parking_order_violation_pov_b1_397/IMG_007469.png,ai_generated,true,false,,,1920,1080,3b5cd1696737529e5b49516fdef7163677c51d9c09d2dff844ec0fde1ccdb2cc,media.csv:media_id=IMG_007469;capture_batch=20260902_ai_generated_parking_order_violation_pov_b1_397;scenario_id=POV_PARKING_B1_N03_DIAGONAL_BAY_CORRECT;v2_split=DEV,AIGC_FIXTURE_ONLY,Parking media is AIGC; v2_split=DEV; no real fixed camera/route/ROI evidence. VAL/HOLDOUT media not opened.
/home/yanbo/net_vlm_xunjian_dataset/00_raw/ai_generated/images/20260902_ai_generated_parking_order_violation_pov_b1_397/IMG_007470.png,ai_generated,true,false,,,1920,1080,ffd96edec5b541b57c022e406a9df1206de9cd11f497f97b921590a4cb147d7a,media.csv:media_id=IMG_007470;capture_batch=20260902_ai_generated_parking_order_violation_pov_b1_397;scenario_id=POV_PARKING_B1_N04_PARALLEL_BAY_CORRECT;v2_split=DEV,AIGC_FIXTURE_ONLY,Parking media is AIGC; v2_split=DEV; no real fixed camera/route/ROI evidence. VAL/HOLDOUT media not opened.
/home/yanbo/net_vlm_xunjian_dataset/00_raw/ai_generated/images/20260902_ai_generated_parking_order_violation_pov_b1_397/IMG_007471.png,ai_generated,true,false,,,1920,1080,ac059b56b948ac0ce6268be123d237d90538e61de18d38979bebc673ad59cc32,media.csv:media_id=IMG_007471;capture_batch=20260902_ai_generated_parking_order_violation_pov_b1_397;scenario_id=POV_PARKING_B1_N04_PARALLEL_BAY_CORRECT;v2_split=DEV,AIGC_FIXTURE_ONLY,Parking media is AIGC; v2_split=DEV; no real fixed camera/route/ROI evidence. VAL/HOLDOUT media not opened.
/home/yanbo/net_vlm_xunjian_dataset/00_raw/ai_generated/images/20260902_ai_generated_parking_order_violation_pov_b1_397/IMG_007472.png,ai_generated,true,false,,,1920,1080,d6b1c1741a2716126fb5fbb0d7b295acd8cfab464f4844d24faf4c2e13c9935d,media.csv:media_id=IMG_007472;capture_batch=20260902_ai_generated_parking_order_violation_pov_b1_397;scenario_id=POV_PARKING_B1_N04_PARALLEL_BAY_CORRECT;v2_split=VAL,false,Parking media is AIGC; v2_split=VAL; no real fixed camera/route/ROI evidence. VAL/HOLDOUT media not opened.
/home/yanbo/net_vlm_xunjian_dataset/00_raw/ai_generated/images/20260902_ai_generated_parking_order_violation_pov_b1_397/IMG_007473.png,ai_generated,true,false,,,1920,1080,6963503e93bc2af92aec117f79c47f050d7734bc32ab0900c816caebebcda90a,media.csv:media_id=IMG_007473;capture_batch=20260902_ai_generated_parking_order_violation_pov_b1_397;scenario_id=POV_PARKING_B1_N04_PARALLEL_BAY_CORRECT;v2_split=DEV,AIGC_FIXTURE_ONLY,Parking media is AIGC; v2_split=DEV; no real fixed camera/route/ROI evidence. VAL/HOLDOUT media not opened.
/home/yanbo/net_vlm_xunjian_dataset/00_raw/ai_generated/images/20260902_ai_generated_parking_order_violation_pov_b1_397/IMG_007474.png,ai_generated,true,false,,,1920,1080,e58b328a4a52ecc2064f6f4bad4305e22066c00c40a6faba21d4fa1ea7620390,media.csv:media_id=IMG_007474;capture_batch=20260902_ai_generated_parking_order_violation_pov_b1_397;scenario_id=POV_PARKING_B1_N04_PARALLEL_BAY_CORRECT;v2_split=HOLDOUT,false,Parking media is AIGC; v2_split=HOLDOUT; no real fixed camera/route/ROI evidence. VAL/HOLDOUT media not opened.
/home/yanbo/net_vlm_xunjian_dataset/00_raw/ai_generated/images/20260902_ai_generated_parking_order_violation_pov_b1_397/IMG_007475.png,ai_generated,true,false,,,1920,1080,12fd7dbf02b80b458feeca8d85f023fa1bfaae40c62e28d4ac5c6f148975063a,media.csv:media_id=IMG_007475;capture_batch=20260902_ai_generated_parking_order_violation_pov_b1_397;scenario_id=POV_PARKING_B1_N04_PARALLEL_BAY_CORRECT;v2_split=DEV,AIGC_FIXTURE_ONLY,Parking media is AIGC; v2_split=DEV; no real fixed camera/route/ROI evidence. VAL/HOLDOUT media not opened.
/home/yanbo/net_vlm_xunjian_dataset/00_raw/ai_generated/images/20260902_ai_generated_parking_order_violation_pov_b1_397/IMG_007476.png,ai_generated,true,false,,,1920,1080,b513ba70194283db96a6c897f4d67a09789ea4893b94072702c6bdf38f7bd26d,media.csv:media_id=IMG_007476;capture_batch=20260902_ai_generated_parking_order_violation_pov_b1_397;scenario_id=POV_PARKING_B1_N04_PARALLEL_BAY_CORRECT;v2_split=VAL,false,Parking media is AIGC; v2_split=VAL; no real fixed camera/route/ROI evidence. VAL/HOLDOUT media not opened.
/home/yanbo/net_vlm_xunjian_dataset/00_raw/ai_generated/images/20260902_ai_generated_parking_order_violation_pov_b1_397/IMG_007477.png,ai_generated,true,false,,,1920,1080,b7b0ec6c5da39a2c3881d794a1e28efe7977b10ee2ac04417c1c59ae30347d08,media.csv:media_id=IMG_007477;capture_batch=20260902_ai_generated_parking_order_violation_pov_b1_397;scenario_id=POV_PARKING_B1_N04_PARALLEL_BAY_CORRECT;v2_split=DEV,AIGC_FIXTURE_ONLY,Parking media is AIGC; v2_split=DEV; no real fixed camera/route/ROI evidence. VAL/HOLDOUT media not opened.
/home/yanbo/net_vlm_xunjian_dataset/00_raw/ai_generated/images/20260902_ai_generated_parking_order_violation_pov_b1_397/IMG_007478.png,ai_generated,true,false,,,1920,1080,840bcd3d87904bb688ac8f22053fe7aaaf290fca69f4a76a8eaa0aa95d43783c,media.csv:media_id=IMG_007478;capture_batch=20260902_ai_generated_parking_order_violation_pov_b1_397;scenario_id=POV_PARKING_B1_N04_PARALLEL_BAY_CORRECT;v2_split=HOLDOUT,false,Parking media is AIGC; v2_split=HOLDOUT; no real fixed camera/route/ROI evidence. VAL/HOLDOUT media not opened.
/home/yanbo/net_vlm_xunjian_dataset/00_raw/ai_generated/images/20260902_ai_generated_parking_order_violation_pov_b1_397/IMG_007479.png,ai_generated,true,false,,,1920,1080,163293445dc411a5ef535fa6293fd4a203761de6a2dbaddcae2a90db43894425,media.csv:media_id=IMG_007479;capture_batch=20260902_ai_generated_parking_order_violation_pov_b1_397;scenario_id=POV_PARKING_B1_N04_PARALLEL_BAY_CORRECT;v2_split=DEV,AIGC_FIXTURE_ONLY,Parking media is AIGC; v2_split=DEV; no real fixed camera/route/ROI evidence. VAL/HOLDOUT media not opened.
/home/yanbo/net_vlm_xunjian_dataset/00_raw/ai_generated/images/20260902_ai_generated_parking_order_violation_pov_b1_397/IMG_007480.png,ai_generated,true,false,,,1920,1080,6661b6d76b99e8c6816eaed0de046f9db84359d70da9dbb6035d9c442a4b60a3,media.csv:media_id=IMG_007480;capture_batch=20260902_ai_generated_parking_order_violation_pov_b1_397;scenario_id=POV_PARKING_B1_N04_PARALLEL_BAY_CORRECT;v2_split=DEV,AIGC_FIXTURE_ONLY,Parking media is AIGC; v2_split=DEV; no real fixed camera/route/ROI evidence. VAL/HOLDOUT media not opened.
/home/yanbo/net_vlm_xunjian_dataset/00_raw/ai_generated/images/20260902_ai_generated_parking_order_violation_pov_b1_397/IMG_007481.png,ai_generated,true,false,,,1920,1080,402465f6c50956a489270d7214155e5651feae5f6a1ba0324096f8528792a918,media.csv:media_id=IMG_007481;capture_batch=20260902_ai_generated_parking_order_violation_pov_b1_397;scenario_id=POV_PARKING_B1_N04_PARALLEL_BAY_CORRECT;v2_split=VAL,false,Parking media is AIGC; v2_split=VAL; no real fixed camera/route/ROI evidence. VAL/HOLDOUT media not opened.
/home/yanbo/net_vlm_xunjian_dataset/00_raw/ai_generated/images/20260902_ai_generated_parking_order_violation_pov_b1_397/IMG_007482.png,ai_generated,true,false,,,1920,1080,bcbb6a95abcc7db1c289432017fa8c43816591bf80c2b2d0878db27eb0f27501,media.csv:media_id=IMG_007482;capture_batch=20260902_ai_generated_parking_order_violation_pov_b1_397;scenario_id=POV_PARKING_B1_N04_PARALLEL_BAY_CORRECT;v2_split=DEV,AIGC_FIXTURE_ONLY,Parking media is AIGC; v2_split=DEV; no real fixed camera/route/ROI evidence. VAL/HOLDOUT media not opened.
/home/yanbo/net_vlm_xunjian_dataset/00_raw/ai_generated/images/20260902_ai_generated_parking_order_violation_pov_b1_397/IMG_007483.png,ai_generated,true,false,,,1920,1080,dddf5124ef2980ca694ac5ff14eae06e54f77818d7aa95695302667d2e17f6e1,media.csv:media_id=IMG_007483;capture_batch=20260902_ai_generated_parking_order_violation_pov_b1_397;scenario_id=POV_PARKING_B1_N04_PARALLEL_BAY_CORRECT;v2_split=HOLDOUT,false,Parking media is AIGC; v2_split=HOLDOUT; no real fixed camera/route/ROI evidence. VAL/HOLDOUT media not opened.
/home/yanbo/net_vlm_xunjian_dataset/00_raw/ai_generated/images/20260902_ai_generated_parking_order_violation_pov_b1_397/IMG_007484.png,ai_generated,true,false,,,1920,1080,3fc0877161caa1e27785b4f5924c2ab9f42ce9b4bff2c52654c21f2e30f87ac8,media.csv:media_id=IMG_007484;capture_batch=20260902_ai_generated_parking_order_violation_pov_b1_397;scenario_id=POV_PARKING_B1_N04_PARALLEL_BAY_CORRECT;v2_split=DEV,AIGC_FIXTURE_ONLY,Parking media is AIGC; v2_split=DEV; no real fixed camera/route/ROI evidence. VAL/HOLDOUT media not opened.
/home/yanbo/net_vlm_xunjian_dataset/00_raw/ai_generated/images/20260902_ai_generated_parking_order_violation_pov_b1_397/IMG_007485.png,ai_generated,true,false,,,1920,1080,38fa4004939a4b72c001048a0736c7559dc9e643924221f2e8708dc8d7f4ec3f,media.csv:media_id=IMG_007485;capture_batch=20260902_ai_generated_parking_order_violation_pov_b1_397;scenario_id=POV_PARKING_B1_N05_MULTIPLE_ALL_CORRECT;v2_split=DEV,AIGC_FIXTURE_ONLY,Parking media is AIGC; v2_split=DEV; no real fixed camera/route/ROI evidence. VAL/HOLDOUT media not opened.
/home/yanbo/net_vlm_xunjian_dataset/00_raw/ai_generated/images/20260902_ai_generated_parking_order_violation_pov_b1_397/IMG_007486.png,ai_generated,true,false,,,1920,1080,24ca95ab81b40807888c897395dbb639c1ef1b425f4592c1ca7fe75779acd573,media.csv:media_id=IMG_007486;capture_batch=20260902_ai_generated_parking_order_violation_pov_b1_397;scenario_id=POV_PARKING_B1_N05_MULTIPLE_ALL_CORRECT;v2_split=HOLDOUT,false,Parking media is AIGC; v2_split=HOLDOUT; no real fixed camera/route/ROI evidence. VAL/HOLDOUT media not opened.
/home/yanbo/net_vlm_xunjian_dataset/00_raw/ai_generated/images/20260902_ai_generated_parking_order_violation_pov_b1_397/IMG_007487.png,ai_generated,true,false,,,1920,1080,20a8b6442307a0fb11e2c54790fc4b3169189324ae0afbaf12dd7efb75de651a,media.csv:media_id=IMG_007487;capture_batch=20260902_ai_generated_parking_order_violation_pov_b1_397;scenario_id=POV_PARKING_B1_N05_MULTIPLE_ALL_CORRECT;v2_split=DEV,AIGC_FIXTURE_ONLY,Parking media is AIGC; v2_split=DEV; no real fixed camera/route/ROI evidence. VAL/HOLDOUT media not opened.
/home/yanbo/net_vlm_xunjian_dataset/00_raw/ai_generated/images/20260902_ai_generated_parking_order_violation_pov_b1_397/IMG_007488.png,ai_generated,true,false,,,1920,1080,7c2d00c9ecdca647b69307e2b1cadec63687ae60a24c41dfa8ba17587a59c134,media.csv:media_id=IMG_007488;capture_batch=20260902_ai_generated_parking_order_violation_pov_b1_397;scenario_id=POV_PARKING_B1_N05_MULTIPLE_ALL_CORRECT;v2_split=DEV,AIGC_FIXTURE_ONLY,Parking media is AIGC; v2_split=DEV; no real fixed camera/route/ROI evidence. VAL/HOLDOUT media not opened.
/home/yanbo/net_vlm_xunjian_dataset/00_raw/ai_generated/images/20260902_ai_generated_parking_order_violation_pov_b1_397/IMG_007489.png,ai_generated,true,false,,,1920,1080,496cad46c01f16ff0ccc6e46a0c04c0d59568f44fbe6190801fbeadf968f245b,media.csv:media_id=IMG_007489;capture_batch=20260902_ai_generated_parking_order_violation_pov_b1_397;scenario_id=POV_PARKING_B1_N05_MULTIPLE_ALL_CORRECT;v2_split=VAL,false,Parking media is AIGC; v2_split=VAL; no real fixed camera/route/ROI evidence. VAL/HOLDOUT media not opened.
/home/yanbo/net_vlm_xunjian_dataset/00_raw/ai_generated/images/20260902_ai_generated_parking_order_violation_pov_b1_397/IMG_007490.png,ai_generated,true,false,,,1920,1080,b19b59702332b201b9ccf66a75ab06492d26a3f636fde2d2d31615b1a0fce0f9,media.csv:media_id=IMG_007490;capture_batch=20260902_ai_generated_parking_order_violation_pov_b1_397;scenario_id=POV_PARKING_B1_N05_MULTIPLE_ALL_CORRECT;v2_split=VAL,false,Parking media is AIGC; v2_split=VAL; no real fixed camera/route/ROI evidence. VAL/HOLDOUT media not opened.
/home/yanbo/net_vlm_xunjian_dataset/00_raw/ai_generated/images/20260902_ai_generated_parking_order_violation_pov_b1_397/IMG_007491.png,ai_generated,true,false,,,1920,1080,3a0877ffd4de6879e9d413fb50a459b228208a8fa1d61ac624aba67bc1932359,media.csv:media_id=IMG_007491;capture_batch=20260902_ai_generated_parking_order_violation_pov_b1_397;scenario_id=POV_PARKING_B1_N05_MULTIPLE_ALL_CORRECT;v2_split=DEV,AIGC_FIXTURE_ONLY,Parking media is AIGC; v2_split=DEV; no real fixed camera/route/ROI evidence. VAL/HOLDOUT media not opened.
/home/yanbo/net_vlm_xunjian_dataset/00_raw/ai_generated/images/20260902_ai_generated_parking_order_violation_pov_b1_397/IMG_007492.png,ai_generated,true,false,,,1920,1080,dd83a30ed5c13b0be91bdb5b308415c64f9e5feb73a38a04bd8ed20ed4e1cd29,media.csv:media_id=IMG_007492;capture_batch=20260902_ai_generated_parking_order_violation_pov_b1_397;scenario_id=POV_PARKING_B1_N05_MULTIPLE_ALL_CORRECT;v2_split=DEV,AIGC_FIXTURE_ONLY,Parking media is AIGC; v2_split=DEV; no real fixed camera/route/ROI evidence. VAL/HOLDOUT media not opened.
/home/yanbo/net_vlm_xunjian_dataset/00_raw/ai_generated/images/20260902_ai_generated_parking_order_violation_pov_b1_397/IMG_007493.png,ai_generated,true,false,,,1920,1080,49bf94c278070c3ce6c0aa3a970bec504d09185411190cb4ee9de210419039a9,media.csv:media_id=IMG_007493;capture_batch=20260902_ai_generated_parking_order_violation_pov_b1_397;scenario_id=POV_PARKING_B1_N05_MULTIPLE_ALL_CORRECT;v2_split=HOLDOUT,false,Parking media is AIGC; v2_split=HOLDOUT; no real fixed camera/route/ROI evidence. VAL/HOLDOUT media not opened.
/home/yanbo/net_vlm_xunjian_dataset/00_raw/ai_generated/images/20260902_ai_generated_parking_order_violation_pov_b1_397/IMG_007494.png,ai_generated,true,false,,,1920,1080,93317aa39c782f821a0799506875a2b13d9284cb199d6795e5de362b79310da5,media.csv:media_id=IMG_007494;capture_batch=20260902_ai_generated_parking_order_violation_pov_b1_397;scenario_id=POV_PARKING_B1_N05_MULTIPLE_ALL_CORRECT;v2_split=DEV,AIGC_FIXTURE_ONLY,Parking media is AIGC; v2_split=DEV; no real fixed camera/route/ROI evidence. VAL/HOLDOUT media not opened.
/home/yanbo/net_vlm_xunjian_dataset/00_raw/ai_generated/images/20260902_ai_generated_parking_order_violation_pov_b1_397/IMG_007495.png,ai_generated,true,false,,,1920,1080,ffc13b5634d9bb9a306491b2e5b4423da8774797b43e263106776ef5af9f7e6c,media.csv:media_id=IMG_007495;capture_batch=20260902_ai_generated_parking_order_violation_pov_b1_397;scenario_id=POV_PARKING_B1_N05_MULTIPLE_ALL_CORRECT;v2_split=VAL,false,Parking media is AIGC; v2_split=VAL; no real fixed camera/route/ROI evidence. VAL/HOLDOUT media not opened.
/home/yanbo/net_vlm_xunjian_dataset/00_raw/ai_generated/images/20260902_ai_generated_parking_order_violation_pov_b1_397/IMG_007496.png,ai_generated,true,false,,,1920,1080,99367d57d9f3a5b0939d2c3afdf5eb4bda2dedb1e3e0347af68dfeca77753bd2,media.csv:media_id=IMG_007496;capture_batch=20260902_ai_generated_parking_order_violation_pov_b1_397;scenario_id=POV_PARKING_B1_N05_MULTIPLE_ALL_CORRECT;v2_split=HOLDOUT,false,Parking media is AIGC; v2_split=HOLDOUT; no real fixed camera/route/ROI evidence. VAL/HOLDOUT media not opened.
/home/yanbo/net_vlm_xunjian_dataset/00_raw/ai_generated/images/20260902_ai_generated_parking_order_violation_pov_b1_397/IMG_007497.png,ai_generated,true,false,,,1920,1080,c43e5d1e51411f75bbceba93eae64f233568e070f041a544c93850ccf17622c4,media.csv:media_id=IMG_007497;capture_batch=20260902_ai_generated_parking_order_violation_pov_b1_397;scenario_id=POV_PARKING_B1_N05_MULTIPLE_ALL_CORRECT;v2_split=DEV,AIGC_FIXTURE_ONLY,Parking media is AIGC; v2_split=DEV; no real fixed camera/route/ROI evidence. VAL/HOLDOUT media not opened.
/home/yanbo/net_vlm_xunjian_dataset/00_raw/ai_generated/images/20260902_ai_generated_parking_order_violation_pov_b1_397/IMG_007498.png,ai_generated,true,false,,,1920,1080,3c47623041a3e11eb662029709f8b791326300d7652936b5e96530214bb018bf,media.csv:media_id=IMG_007498;capture_batch=20260902_ai_generated_parking_order_violation_pov_b1_397;scenario_id=POV_PARKING_B1_N05_MULTIPLE_ALL_CORRECT;v2_split=DEV,AIGC_FIXTURE_ONLY,Parking media is AIGC; v2_split=DEV; no real fixed camera/route/ROI evidence. VAL/HOLDOUT media not opened.
/home/yanbo/net_vlm_xunjian_dataset/00_raw/ai_generated/images/20260902_ai_generated_parking_order_violation_pov_b1_397/IMG_007499.png,ai_generated,true,false,,,1920,1080,5481b65b8fd23cc80f33c6488e0b419e2e97ec975ef79ac74197b76eb0c111ae,media.csv:media_id=IMG_007499;capture_batch=20260902_ai_generated_parking_order_violation_pov_b1_397;scenario_id=POV_PARKING_B1_N05_MULTIPLE_ALL_CORRECT;v2_split=DEV,AIGC_FIXTURE_ONLY,Parking media is AIGC; v2_split=DEV; no real fixed camera/route/ROI evidence. VAL/HOLDOUT media not opened.
/home/yanbo/net_vlm_xunjian_dataset/00_raw/ai_generated/images/20260902_ai_generated_parking_order_violation_pov_b1_397/IMG_007500.png,ai_generated,true,false,,,1920,1080,7c11edd3ec328a6011f19b5c976356c6d9c83ef659b2da1f8fb7572eacc8c91c,media.csv:media_id=IMG_007500;capture_batch=20260902_ai_generated_parking_order_violation_pov_b1_397;scenario_id=POV_PARKING_B1_N06_SPECIAL_MARKED_SPACE_GEOMETRY_CORRECT;v2_split=DEV,AIGC_FIXTURE_ONLY,Parking media is AIGC; v2_split=DEV; no real fixed camera/route/ROI evidence. VAL/HOLDOUT media not opened.
/home/yanbo/net_vlm_xunjian_dataset/00_raw/ai_generated/images/20260902_ai_generated_parking_order_violation_pov_b1_397/IMG_007501.png,ai_generated,true,false,,,1920,1080,e5996a6ca6fab8b8a316b016f34f33b836f8be6a5258f58692266afd6c39f4b9,media.csv:media_id=IMG_007501;capture_batch=20260902_ai_generated_parking_order_violation_pov_b1_397;scenario_id=POV_PARKING_B1_N06_SPECIAL_MARKED_SPACE_GEOMETRY_CORRECT;v2_split=HOLDOUT,false,Parking media is AIGC; v2_split=HOLDOUT; no real fixed camera/route/ROI evidence. VAL/HOLDOUT media not opened.
/home/yanbo/net_vlm_xunjian_dataset/00_raw/ai_generated/images/20260902_ai_generated_parking_order_violation_pov_b1_397/IMG_007502.png,ai_generated,true,false,,,1920,1080,54a4a08a864637e04925b611a59cd4d26d0d8dbfe58017be3240557d3b87062d,media.csv:media_id=IMG_007502;capture_batch=20260902_ai_generated_parking_order_violation_pov_b1_397;scenario_id=POV_PARKING_B1_N06_SPECIAL_MARKED_SPACE_GEOMETRY_CORRECT;v2_split=HOLDOUT,false,Parking media is AIGC; v2_split=HOLDOUT; no real fixed camera/route/ROI evidence. VAL/HOLDOUT media not opened.
/home/yanbo/net_vlm_xunjian_dataset/00_raw/ai_generated/images/20260902_ai_generated_parking_order_violation_pov_b1_397/IMG_007503.png,ai_generated,true,false,,,1920,1080,bc064192e623a622812041abc75841d9e1b2a1307457c29f9e84dd3e8086c159,media.csv:media_id=IMG_007503;capture_batch=20260902_ai_generated_parking_order_violation_pov_b1_397;scenario_id=POV_PARKING_B1_N06_SPECIAL_MARKED_SPACE_GEOMETRY_CORRECT;v2_split=DEV,AIGC_FIXTURE_ONLY,Parking media is AIGC; v2_split=DEV; no real fixed camera/route/ROI evidence. VAL/HOLDOUT media not opened.
/home/yanbo/net_vlm_xunjian_dataset/00_raw/ai_generated/images/20260902_ai_generated_parking_order_violation_pov_b1_397/IMG_007504.png,ai_generated,true,false,,,1920,1080,4aee2ee570fc470f7b7827af91356c0238660fcb0cc875bd19d960120e744a28,media.csv:media_id=IMG_007504;capture_batch=20260902_ai_generated_parking_order_violation_pov_b1_397;scenario_id=POV_PARKING_B1_N06_SPECIAL_MARKED_SPACE_GEOMETRY_CORRECT;v2_split=VAL,false,Parking media is AIGC; v2_split=VAL; no real fixed camera/route/ROI evidence. VAL/HOLDOUT media not opened.
/home/yanbo/net_vlm_xunjian_dataset/00_raw/ai_generated/images/20260902_ai_generated_parking_order_violation_pov_b1_397/IMG_007505.png,ai_generated,true,false,,,1920,1080,df1b0bfe7da3ab2425f753c710b1943ffea14f821af9ca28ec659f682d8cc4bf,media.csv:media_id=IMG_007505;capture_batch=20260902_ai_generated_parking_order_violation_pov_b1_397;scenario_id=POV_PARKING_B1_N06_SPECIAL_MARKED_SPACE_GEOMETRY_CORRECT;v2_split=VAL,false,Parking media is AIGC; v2_split=VAL; no real fixed camera/route/ROI evidence. VAL/HOLDOUT media not opened.
/home/yanbo/net_vlm_xunjian_dataset/00_raw/ai_generated/images/20260902_ai_generated_parking_order_violation_pov_b1_397/IMG_007506.png,ai_generated,true,false,,,1920,1080,a33765c61611be5070d85f63662ead396b71216f5f7a3e27a23cb533d927feec,media.csv:media_id=IMG_007506;capture_batch=20260902_ai_generated_parking_order_violation_pov_b1_397;scenario_id=POV_PARKING_B1_N06_SPECIAL_MARKED_SPACE_GEOMETRY_CORRECT;v2_split=DEV,AIGC_FIXTURE_ONLY,Parking media is AIGC; v2_split=DEV; no real fixed camera/route/ROI evidence. VAL/HOLDOUT media not opened.
/home/yanbo/net_vlm_xunjian_dataset/00_raw/ai_generated/images/20260902_ai_generated_parking_order_violation_pov_b1_397/IMG_007507.png,ai_generated,true,false,,,1920,1080,93340af28888fc53595177174b482c1bb16063a61395103887b61d6316c70fa6,media.csv:media_id=IMG_007507;capture_batch=20260902_ai_generated_parking_order_violation_pov_b1_397;scenario_id=POV_PARKING_B1_N06_SPECIAL_MARKED_SPACE_GEOMETRY_CORRECT;v2_split=DEV,AIGC_FIXTURE_ONLY,Parking media is AIGC; v2_split=DEV; no real fixed camera/route/ROI evidence. VAL/HOLDOUT media not opened.
/home/yanbo/net_vlm_xunjian_dataset/00_raw/ai_generated/images/20260902_ai_generated_parking_order_violation_pov_b1_397/IMG_007508.png,ai_generated,true,false,,,1920,1080,7c131c2df9cce13cd03d4a3a1cc87d99968128034046d06c8e6c7166351a3313,media.csv:media_id=IMG_007508;capture_batch=20260902_ai_generated_parking_order_violation_pov_b1_397;scenario_id=POV_PARKING_B1_N06_SPECIAL_MARKED_SPACE_GEOMETRY_CORRECT;v2_split=DEV,AIGC_FIXTURE_ONLY,Parking media is AIGC; v2_split=DEV; no real fixed camera/route/ROI evidence. VAL/HOLDOUT media not opened.
/home/yanbo/net_vlm_xunjian_dataset/00_raw/ai_generated/images/20260902_ai_generated_parking_order_violation_pov_b1_397/IMG_007509.png,ai_generated,true,false,,,1920,1080,b5b004055550f6519fbbef45d05a69d8b7c4bae04e1be54f09126f7b0ff183b9,media.csv:media_id=IMG_007509;capture_batch=20260902_ai_generated_parking_order_violation_pov_b1_397;scenario_id=POV_PARKING_B1_N06_SPECIAL_MARKED_SPACE_GEOMETRY_CORRECT;v2_split=DEV,AIGC_FIXTURE_ONLY,Parking media is AIGC; v2_split=DEV; no real fixed camera/route/ROI evidence. VAL/HOLDOUT media not opened.
/home/yanbo/net_vlm_xunjian_dataset/00_raw/ai_generated/images/20260902_ai_generated_parking_order_violation_pov_b1_397/IMG_007510.png,ai_generated,true,false,,,1920,1080,c335a7a97ad53b315899bae23db575134fc81b2606cc210fec314cd939f8e6d5,media.csv:media_id=IMG_007510;capture_batch=20260902_ai_generated_parking_order_violation_pov_b1_397;scenario_id=POV_PARKING_B1_N06_SPECIAL_MARKED_SPACE_GEOMETRY_CORRECT;v2_split=HOLDOUT,false,Parking media is AIGC; v2_split=HOLDOUT; no real fixed camera/route/ROI evidence. VAL/HOLDOUT media not opened.
/home/yanbo/net_vlm_xunjian_dataset/00_raw/ai_generated/images/20260902_ai_generated_parking_order_violation_pov_b1_397/IMG_007511.png,ai_generated,true,false,,,1920,1080,5fbd572cfd73dfe30c90901308effd0d125a14973e5d8feb30d754ed0f931266,media.csv:media_id=IMG_007511;capture_batch=20260902_ai_generated_parking_order_violation_pov_b1_397;scenario_id=POV_PARKING_B1_N06_SPECIAL_MARKED_SPACE_GEOMETRY_CORRECT;v2_split=DEV,AIGC_FIXTURE_ONLY,Parking media is AIGC; v2_split=DEV; no real fixed camera/route/ROI evidence. VAL/HOLDOUT media not opened.
/home/yanbo/net_vlm_xunjian_dataset/00_raw/ai_generated/images/20260902_ai_generated_parking_order_violation_pov_b1_397/IMG_007512.png,ai_generated,true,false,,,1920,1080,a31ed5b33e3a9d55be3476bd08e1672c036be55ec6ff7e1fd6ebda19ddb758cd,media.csv:media_id=IMG_007512;capture_batch=20260902_ai_generated_parking_order_violation_pov_b1_397;scenario_id=POV_PARKING_B1_N06_SPECIAL_MARKED_SPACE_GEOMETRY_CORRECT;v2_split=DEV,AIGC_FIXTURE_ONLY,Parking media is AIGC; v2_split=DEV; no real fixed camera/route/ROI evidence. VAL/HOLDOUT media not opened.
/home/yanbo/net_vlm_xunjian_dataset/00_raw/ai_generated/images/20260902_ai_generated_parking_order_violation_pov_b1_397/IMG_007513.png,ai_generated,true,false,,,1920,1080,49e139dc0574bd5f19d12feedf92f6a525caba5c29ea39c3b1f26b1c202a371f,media.csv:media_id=IMG_007513;capture_batch=20260902_ai_generated_parking_order_violation_pov_b1_397;scenario_id=POV_PARKING_B1_N06_SPECIAL_MARKED_SPACE_GEOMETRY_CORRECT;v2_split=VAL,false,Parking media is AIGC; v2_split=VAL; no real fixed camera/route/ROI evidence. VAL/HOLDOUT media not opened.
/home/yanbo/net_vlm_xunjian_dataset/00_raw/ai_generated/images/20260902_ai_generated_parking_order_violation_pov_b1_397/IMG_007514.png,ai_generated,true,false,,,1920,1080,a7c7234d055f07794f467ce6ff74c329146aeb8d7d665febd51e279e8b689a72,media.csv:media_id=IMG_007514;capture_batch=20260902_ai_generated_parking_order_violation_pov_b1_397;scenario_id=POV_PARKING_B1_N06_SPECIAL_MARKED_SPACE_GEOMETRY_CORRECT;v2_split=DEV,AIGC_FIXTURE_ONLY,Parking media is AIGC; v2_split=DEV; no real fixed camera/route/ROI evidence. VAL/HOLDOUT media not opened.
/home/yanbo/net_vlm_xunjian_dataset/00_raw/ai_generated/images/20260902_ai_generated_parking_order_violation_pov_b1_397/IMG_007515.png,ai_generated,true,false,,,1920,1080,70e6d1546cb060b86ef97f460cf17a3bd50fbafbcd5810622078a2fe8677e41d,media.csv:media_id=IMG_007515;capture_batch=20260902_ai_generated_parking_order_violation_pov_b1_397;scenario_id=POV_PARKING_B1_N06_SPECIAL_MARKED_SPACE_GEOMETRY_CORRECT;v2_split=HOLDOUT,false,Parking media is AIGC; v2_split=HOLDOUT; no real fixed camera/route/ROI evidence. VAL/HOLDOUT media not opened.
/home/yanbo/net_vlm_xunjian_dataset/00_raw/ai_generated/images/20260902_ai_generated_parking_order_violation_pov_b1_397/IMG_007516.png,ai_generated,true,false,,,1920,1080,d4ddb7ed1ecba9f8e9125fa7d6994a234347606d44522513a2c5c297c3739b99,media.csv:media_id=IMG_007516;capture_batch=20260902_ai_generated_parking_order_violation_pov_b1_397;scenario_id=POV_PARKING_B1_N06_SPECIAL_MARKED_SPACE_GEOMETRY_CORRECT;v2_split=DEV,AIGC_FIXTURE_ONLY,Parking media is AIGC; v2_split=DEV; no real fixed camera/route/ROI evidence. VAL/HOLDOUT media not opened.
/home/yanbo/net_vlm_xunjian_dataset/00_raw/ai_generated/images/20260902_ai_generated_parking_order_violation_pov_b1_397/IMG_007517.png,ai_generated,true,false,,,1920,1080,48dbc1c0f40b094dc83f8f125abad5185826d68f31a83b0883495b65eb83df27,media.csv:media_id=IMG_007517;capture_batch=20260902_ai_generated_parking_order_violation_pov_b1_397;scenario_id=POV_PARKING_B1_N06_SPECIAL_MARKED_SPACE_GEOMETRY_CORRECT;v2_split=DEV,AIGC_FIXTURE_ONLY,Parking media is AIGC; v2_split=DEV; no real fixed camera/route/ROI evidence. VAL/HOLDOUT media not opened.
/home/yanbo/net_vlm_xunjian_dataset/00_raw/ai_generated/images/20260902_ai_generated_parking_order_violation_pov_b1_397/IMG_007518.png,ai_generated,true,false,,,1920,1080,d047b7886ca9f5c25beeb54aac287016121b3960c5a5dad8f29c629a4165a506,media.csv:media_id=IMG_007518;capture_batch=20260902_ai_generated_parking_order_violation_pov_b1_397;scenario_id=POV_PARKING_B1_N06_SPECIAL_MARKED_SPACE_GEOMETRY_CORRECT;v2_split=VAL,false,Parking media is AIGC; v2_split=VAL; no real fixed camera/route/ROI evidence. VAL/HOLDOUT media not opened.
/home/yanbo/net_vlm_xunjian_dataset/00_raw/ai_generated/images/20260902_ai_generated_parking_order_violation_pov_b1_397/IMG_007519.png,ai_generated,true,false,,,1920,1080,adac41f6843d4354d485af2af95b03eb574661dd7d09ab4eb3b5291c2c915f52,media.csv:media_id=IMG_007519;capture_batch=20260902_ai_generated_parking_order_violation_pov_b1_397;scenario_id=POV_PARKING_B1_N06_SPECIAL_MARKED_SPACE_GEOMETRY_CORRECT;v2_split=DEV,AIGC_FIXTURE_ONLY,Parking media is AIGC; v2_split=DEV; no real fixed camera/route/ROI evidence. VAL/HOLDOUT media not opened.
/home/yanbo/net_vlm_xunjian_dataset/00_raw/ai_generated/images/20260902_ai_generated_parking_order_violation_pov_b1_397/IMG_007520.png,ai_generated,true,false,,,1920,1080,35fd6f09cc5058905dacb3e2c3098930ece62568b7cd4693b5e308e5dc326472,media.csv:media_id=IMG_007520;capture_batch=20260902_ai_generated_parking_order_violation_pov_b1_397;scenario_id=POV_PARKING_B1_P01_OUTSIDE_LEGAL_BAY_CLEAR;v2_split=DEV,AIGC_FIXTURE_ONLY,Parking media is AIGC; v2_split=DEV; no real fixed camera/route/ROI evidence. VAL/HOLDOUT media not opened.
/home/yanbo/net_vlm_xunjian_dataset/00_raw/ai_generated/images/20260902_ai_generated_parking_order_violation_pov_b1_397/IMG_007521.png,ai_generated,true,false,,,1920,1080,0ac07929df37198dc40d070eae1572dc3dc0f3c40e6051a5fca984e999030676,media.csv:media_id=IMG_007521;capture_batch=20260902_ai_generated_parking_order_violation_pov_b1_397;scenario_id=POV_PARKING_B1_P01_OUTSIDE_LEGAL_BAY_CLEAR;v2_split=DEV,AIGC_FIXTURE_ONLY,Parking media is AIGC; v2_split=DEV; no real fixed camera/route/ROI evidence. VAL/HOLDOUT media not opened.
/home/yanbo/net_vlm_xunjian_dataset/00_raw/ai_generated/images/20260902_ai_generated_parking_order_violation_pov_b1_397/IMG_007522.png,ai_generated,true,false,,,1920,1080,ff0a602e17a29d88005ba4c34738e4109716e0a7b507ba23a1c9141c63b10e21,media.csv:media_id=IMG_007522;capture_batch=20260902_ai_generated_parking_order_violation_pov_b1_397;scenario_id=POV_PARKING_B1_P01_OUTSIDE_LEGAL_BAY_CLEAR;v2_split=HOLDOUT,false,Parking media is AIGC; v2_split=HOLDOUT; no real fixed camera/route/ROI evidence. VAL/HOLDOUT media not opened.
/home/yanbo/net_vlm_xunjian_dataset/00_raw/ai_generated/images/20260902_ai_generated_parking_order_violation_pov_b1_397/IMG_007523.png,ai_generated,true,false,,,1920,1080,f9356a8ec08462b119432041521ee95bc38aa614c8113840ea2163a9475accfe,media.csv:media_id=IMG_007523;capture_batch=20260902_ai_generated_parking_order_violation_pov_b1_397;scenario_id=POV_PARKING_B1_P01_OUTSIDE_LEGAL_BAY_CLEAR;v2_split=HOLDOUT,false,Parking media is AIGC; v2_split=HOLDOUT; no real fixed camera/route/ROI evidence. VAL/HOLDOUT media not opened.
/home/yanbo/net_vlm_xunjian_dataset/00_raw/ai_generated/images/20260902_ai_generated_parking_order_violation_pov_b1_397/IMG_007524.png,ai_generated,true,false,,,1920,1080,262716fe416364a2a3c92434537b2182f1149ccca9ca2e6ec445c234da511fb1,media.csv:media_id=IMG_007524;capture_batch=20260902_ai_generated_parking_order_violation_pov_b1_397;scenario_id=POV_PARKING_B1_P01_OUTSIDE_LEGAL_BAY_CLEAR;v2_split=DEV,AIGC_FIXTURE_ONLY,Parking media is AIGC; v2_split=DEV; no real fixed camera/route/ROI evidence. VAL/HOLDOUT media not opened.
/home/yanbo/net_vlm_xunjian_dataset/00_raw/ai_generated/images/20260902_ai_generated_parking_order_violation_pov_b1_397/IMG_007525.png,ai_generated,true,false,,,1920,1080,e58d1f33401fb0671f8aabb59abb2f97defe18496aa16b75ad2cb89ac1f302d1,media.csv:media_id=IMG_007525;capture_batch=20260902_ai_generated_parking_order_violation_pov_b1_397;scenario_id=POV_PARKING_B1_P01_OUTSIDE_LEGAL_BAY_CLEAR;v2_split=HOLDOUT,false,Parking media is AIGC; v2_split=HOLDOUT; no real fixed camera/route/ROI evidence. VAL/HOLDOUT media not opened.
/home/yanbo/net_vlm_xunjian_dataset/00_raw/ai_generated/images/20260902_ai_generated_parking_order_violation_pov_b1_397/IMG_007526.png,ai_generated,true,false,,,1920,1080,7e1acbb327a9f4577548c2ba93abcf0b17ee8b696f9987d4e81f34f1a8061d5f,media.csv:media_id=IMG_007526;capture_batch=20260902_ai_generated_parking_order_violation_pov_b1_397;scenario_id=POV_PARKING_B1_P01_OUTSIDE_LEGAL_BAY_CLEAR;v2_split=VAL,false,Parking media is AIGC; v2_split=VAL; no real fixed camera/route/ROI evidence. VAL/HOLDOUT media not opened.
/home/yanbo/net_vlm_xunjian_dataset/00_raw/ai_generated/images/20260902_ai_generated_parking_order_violation_pov_b1_397/IMG_007527.png,ai_generated,true,false,,,1920,1080,2e417531062eed85ca3d715a29639e0b2722bdc5346a948272de66c159b70e28,media.csv:media_id=IMG_007527;capture_batch=20260902_ai_generated_parking_order_violation_pov_b1_397;scenario_id=POV_PARKING_B1_P01_OUTSIDE_LEGAL_BAY_CLEAR;v2_split=DEV,AIGC_FIXTURE_ONLY,Parking media is AIGC; v2_split=DEV; no real fixed camera/route/ROI evidence. VAL/HOLDOUT media not opened.
/home/yanbo/net_vlm_xunjian_dataset/00_raw/ai_generated/images/20260902_ai_generated_parking_order_violation_pov_b1_397/IMG_007528.png,ai_generated,true,false,,,1920,1080,4b94b3c00ba8a76a41e8be8de629e5378a860ea72b646fc9f2a796cac3ee7e6d,media.csv:media_id=IMG_007528;capture_batch=20260902_ai_generated_parking_order_violation_pov_b1_397;scenario_id=POV_PARKING_B1_P01_OUTSIDE_LEGAL_BAY_CLEAR;v2_split=HOLDOUT,false,Parking media is AIGC; v2_split=HOLDOUT; no real fixed camera/route/ROI evidence. VAL/HOLDOUT media not opened.
/home/yanbo/net_vlm_xunjian_dataset/00_raw/ai_generated/images/20260902_ai_generated_parking_order_violation_pov_b1_397/IMG_007529.png,ai_generated,true,false,,,1920,1080,ce0389699c20b59dc2543bc4de4bd409bd193a120353c152ccde3a99a4770d07,media.csv:media_id=IMG_007529;capture_batch=20260902_ai_generated_parking_order_violation_pov_b1_397;scenario_id=POV_PARKING_B1_P01_OUTSIDE_LEGAL_BAY_CLEAR;v2_split=DEV,AIGC_FIXTURE_ONLY,Parking media is AIGC; v2_split=DEV; no real fixed camera/route/ROI evidence. VAL/HOLDOUT media not opened.
/home/yanbo/net_vlm_xunjian_dataset/00_raw/ai_generated/images/20260902_ai_generated_parking_order_violation_pov_b1_397/IMG_007530.png,ai_generated,true,false,,,1920,1080,b8507d3968990975963936bd9112c102ea91f8d6ee5f6860c382f3534920506f,media.csv:media_id=IMG_007530;capture_batch=20260902_ai_generated_parking_order_violation_pov_b1_397;scenario_id=POV_PARKING_B1_P01_OUTSIDE_LEGAL_BAY_CLEAR;v2_split=DEV,AIGC_FIXTURE_ONLY,Parking media is AIGC; v2_split=DEV; no real fixed camera/route/ROI evidence. VAL/HOLDOUT media not opened.
/home/yanbo/net_vlm_xunjian_dataset/00_raw/ai_generated/images/20260902_ai_generated_parking_order_violation_pov_b1_397/IMG_007531.png,ai_generated,true,false,,,1920,1080,ad38ad7ee4e9725af3c640552f17acc6c63b0aa98be7acdf90f9d8007c8cad1b,media.csv:media_id=IMG_007531;capture_batch=20260902_ai_generated_parking_order_violation_pov_b1_397;scenario_id=POV_PARKING_B1_P01_OUTSIDE_LEGAL_BAY_CLEAR;v2_split=DEV,AIGC_FIXTURE_ONLY,Parking media is AIGC; v2_split=DEV; no real fixed camera/route/ROI evidence. VAL/HOLDOUT media not opened.
/home/yanbo/net_vlm_xunjian_dataset/00_raw/ai_generated/images/20260902_ai_generated_parking_order_violation_pov_b1_397/IMG_007532.png,ai_generated,true,false,,,1920,1080,4afd38d31893fb9de8fab0cc246643a0c7019bfbbd2961f66cecabc4d6ab0f31,media.csv:media_id=IMG_007532;capture_batch=20260902_ai_generated_parking_order_violation_pov_b1_397;scenario_id=POV_PARKING_B1_P01_OUTSIDE_LEGAL_BAY_CLEAR;v2_split=VAL,false,Parking media is AIGC; v2_split=VAL; no real fixed camera/route/ROI evidence. VAL/HOLDOUT media not opened.
/home/yanbo/net_vlm_xunjian_dataset/00_raw/ai_generated/images/20260902_ai_generated_parking_order_violation_pov_b1_397/IMG_007533.png,ai_generated,true,false,,,1920,1080,b3edf02484db2aa4b758c813ee19476939beb85f20b3fabec56e017e89d3de0c,media.csv:media_id=IMG_007533;capture_batch=20260902_ai_generated_parking_order_violation_pov_b1_397;scenario_id=POV_PARKING_B1_P01_OUTSIDE_LEGAL_BAY_CLEAR;v2_split=DEV,AIGC_FIXTURE_ONLY,Parking media is AIGC; v2_split=DEV; no real fixed camera/route/ROI evidence. VAL/HOLDOUT media not opened.
/home/yanbo/net_vlm_xunjian_dataset/00_raw/ai_generated/images/20260902_ai_generated_parking_order_violation_pov_b1_397/IMG_007534.png,ai_generated,true,false,,,1920,1080,47bbb813df0ec3ddce5ccabf718efd3f8ff1525ca077bf9e3b506dbd04783656,media.csv:media_id=IMG_007534;capture_batch=20260902_ai_generated_parking_order_violation_pov_b1_397;scenario_id=POV_PARKING_B1_P01_OUTSIDE_LEGAL_BAY_CLEAR;v2_split=DEV,AIGC_FIXTURE_ONLY,Parking media is AIGC; v2_split=DEV; no real fixed camera/route/ROI evidence. VAL/HOLDOUT media not opened.
/home/yanbo/net_vlm_xunjian_dataset/00_raw/ai_generated/images/20260902_ai_generated_parking_order_violation_pov_b1_397/IMG_007535.png,ai_generated,true,false,,,1920,1080,482bb14355c7906d97f027b7b4309cc0c5dc1ebcee2645df1107d5cb418869ac,media.csv:media_id=IMG_007535;capture_batch=20260902_ai_generated_parking_order_violation_pov_b1_397;scenario_id=POV_PARKING_B1_P01_OUTSIDE_LEGAL_BAY_CLEAR;v2_split=DEV,AIGC_FIXTURE_ONLY,Parking media is AIGC; v2_split=DEV; no real fixed camera/route/ROI evidence. VAL/HOLDOUT media not opened.
/home/yanbo/net_vlm_xunjian_dataset/00_raw/ai_generated/images/20260902_ai_generated_parking_order_violation_pov_b1_397/IMG_007536.png,ai_generated,true,false,,,1920,1080,ff8320b9fa229dbe4fb3bf943b793c1800c1922365781e5ddd47404f7e84c780,media.csv:media_id=IMG_007536;capture_batch=20260902_ai_generated_parking_order_violation_pov_b1_397;scenario_id=POV_PARKING_B1_P01_OUTSIDE_LEGAL_BAY_CLEAR;v2_split=DEV,AIGC_FIXTURE_ONLY,Parking media is AIGC; v2_split=DEV; no real fixed camera/route/ROI evidence. VAL/HOLDOUT media not opened.
/home/yanbo/net_vlm_xunjian_dataset/00_raw/ai_generated/images/20260902_ai_generated_parking_order_violation_pov_b1_397/IMG_007537.png,ai_generated,true,false,,,1920,1080,8df3e7b0927ae55040e21ba4ee2d152e36e647a438e3f3df7f7b708dcbf77813,media.csv:media_id=IMG_007537;capture_batch=20260902_ai_generated_parking_order_violation_pov_b1_397;scenario_id=POV_PARKING_B1_P01_OUTSIDE_LEGAL_BAY_CLEAR;v2_split=VAL,false,Parking media is AIGC; v2_split=VAL; no real fixed camera/route/ROI evidence. VAL/HOLDOUT media not opened.
/home/yanbo/net_vlm_xunjian_dataset/00_raw/ai_generated/images/20260902_ai_generated_parking_order_violation_pov_b1_397/IMG_007538.png,ai_generated,true,false,,,1920,1080,012a5130dcb865060ed547fe250f200d13d11a61adaa6435e2544adf84248ae0,media.csv:media_id=IMG_007538;capture_batch=20260902_ai_generated_parking_order_violation_pov_b1_397;scenario_id=POV_PARKING_B1_P01_OUTSIDE_LEGAL_BAY_CLEAR;v2_split=VAL,false,Parking media is AIGC; v2_split=VAL; no real fixed camera/route/ROI evidence. VAL/HOLDOUT media not opened.
/home/yanbo/net_vlm_xunjian_dataset/00_raw/ai_generated/images/20260902_ai_generated_parking_order_violation_pov_b1_397/IMG_007539.png,ai_generated,true,false,,,1920,1080,572a3f79d72d397f89f226fe37d07c975c7b526d73b5b008d0c5795b9910e3d4,media.csv:media_id=IMG_007539;capture_batch=20260902_ai_generated_parking_order_violation_pov_b1_397;scenario_id=POV_PARKING_B1_P01_OUTSIDE_LEGAL_BAY_CLEAR;v2_split=DEV,AIGC_FIXTURE_ONLY,Parking media is AIGC; v2_split=DEV; no real fixed camera/route/ROI evidence. VAL/HOLDOUT media not opened.
/home/yanbo/net_vlm_xunjian_dataset/00_raw/ai_generated/images/20260902_ai_generated_parking_order_violation_pov_b1_397/IMG_007540.png,ai_generated,true,false,,,1920,1080,b098cc06023868902c46b0ea19b4a7a8e2fd450739d9f69a0144f037ae31643f,media.csv:media_id=IMG_007540;capture_batch=20260902_ai_generated_parking_order_violation_pov_b1_397;scenario_id=POV_PARKING_B1_P01_OUTSIDE_LEGAL_BAY_CLEAR;v2_split=VAL,false,Parking media is AIGC; v2_split=VAL; no real fixed camera/route/ROI evidence. VAL/HOLDOUT media not opened.
/home/yanbo/net_vlm_xunjian_dataset/00_raw/ai_generated/images/20260902_ai_generated_parking_order_violation_pov_b1_397/IMG_007541.png,ai_generated,true,false,,,1920,1080,59dcf300c58c78766d3446ae6b83b359a220b56659706ce7385c5053d3e471d3,media.csv:media_id=IMG_007541;capture_batch=20260902_ai_generated_parking_order_violation_pov_b1_397;scenario_id=POV_PARKING_B1_P01_OUTSIDE_LEGAL_BAY_CLEAR;v2_split=DEV,AIGC_FIXTURE_ONLY,Parking media is AIGC; v2_split=DEV; no real fixed camera/route/ROI evidence. VAL/HOLDOUT media not opened.
/home/yanbo/net_vlm_xunjian_dataset/00_raw/ai_generated/images/20260902_ai_generated_parking_order_violation_pov_b1_397/IMG_007542.png,ai_generated,true,false,,,1920,1080,627b93eb15fe18566af3499d9d1ff1b99458e8874451f36528b821f06c5388d6,media.csv:media_id=IMG_007542;capture_batch=20260902_ai_generated_parking_order_violation_pov_b1_397;scenario_id=POV_PARKING_B1_P01_OUTSIDE_LEGAL_BAY_CLEAR;v2_split=DEV,AIGC_FIXTURE_ONLY,Parking media is AIGC; v2_split=DEV; no real fixed camera/route/ROI evidence. VAL/HOLDOUT media not opened.
/home/yanbo/net_vlm_xunjian_dataset/00_raw/ai_generated/images/20260902_ai_generated_parking_order_violation_pov_b1_397/IMG_007543.png,ai_generated,true,false,,,1920,1080,fc3ed29614f9ddaa059b1c63c12195be9c938924de18bdc061c4202411daaf29,media.csv:media_id=IMG_007543;capture_batch=20260902_ai_generated_parking_order_violation_pov_b1_397;scenario_id=POV_PARKING_B1_P01_OUTSIDE_LEGAL_BAY_CLEAR;v2_split=HOLDOUT,false,Parking media is AIGC; v2_split=HOLDOUT; no real fixed camera/route/ROI evidence. VAL/HOLDOUT media not opened.
/home/yanbo/net_vlm_xunjian_dataset/00_raw/ai_generated/images/20260902_ai_generated_parking_order_violation_pov_b1_397/IMG_007544.png,ai_generated,true,false,,,1920,1080,c246c7bb7f5a5d1f1788b5b0c2abdf6dd8c0f16ea40e6bde061d4e77d3e1767e,media.csv:media_id=IMG_007544;capture_batch=20260902_ai_generated_parking_order_violation_pov_b1_397;scenario_id=POV_PARKING_B1_P01_OUTSIDE_LEGAL_BAY_CLEAR;v2_split=VAL,false,Parking media is AIGC; v2_split=VAL; no real fixed camera/route/ROI evidence. VAL/HOLDOUT media not opened.
/home/yanbo/net_vlm_xunjian_dataset/00_raw/ai_generated/images/20260902_ai_generated_parking_order_violation_pov_b1_397/IMG_007545.png,ai_generated,true,false,,,1920,1080,8672578a0fad505fac5a631781f63dfe5d5439b3ffcc42e13f35267bf4058878,media.csv:media_id=IMG_007545;capture_batch=20260902_ai_generated_parking_order_violation_pov_b1_397;scenario_id=POV_PARKING_B1_P01_OUTSIDE_LEGAL_BAY_CLEAR;v2_split=HOLDOUT,false,Parking media is AIGC; v2_split=HOLDOUT; no real fixed camera/route/ROI evidence. VAL/HOLDOUT media not opened.
/home/yanbo/net_vlm_xunjian_dataset/00_raw/ai_generated/images/20260902_ai_generated_parking_order_violation_pov_b1_397/IMG_007546.png,ai_generated,true,false,,,1920,1080,4258c9ddfdf0fa5fd4490e5e20c0ce3b07244de0f782cbaf136e32f2c52c685d,media.csv:media_id=IMG_007546;capture_batch=20260902_ai_generated_parking_order_violation_pov_b1_397;scenario_id=POV_PARKING_B1_P01_OUTSIDE_LEGAL_BAY_CLEAR;v2_split=HOLDOUT,false,Parking media is AIGC; v2_split=HOLDOUT; no real fixed camera/route/ROI evidence. VAL/HOLDOUT media not opened.
/home/yanbo/net_vlm_xunjian_dataset/00_raw/ai_generated/images/20260902_ai_generated_parking_order_violation_pov_b1_397/IMG_007547.png,ai_generated,true,false,,,1920,1080,963a1794c8c5c7ca3f54267bcd2fc6c1c7bf0f8fd32286cf4d58edf6b5d7fe32,media.csv:media_id=IMG_007547;capture_batch=20260902_ai_generated_parking_order_violation_pov_b1_397;scenario_id=POV_PARKING_B1_P01_OUTSIDE_LEGAL_BAY_CLEAR;v2_split=DEV,AIGC_FIXTURE_ONLY,Parking media is AIGC; v2_split=DEV; no real fixed camera/route/ROI evidence. VAL/HOLDOUT media not opened.
/home/yanbo/net_vlm_xunjian_dataset/00_raw/ai_generated/images/20260902_ai_generated_parking_order_violation_pov_b1_397/IMG_007548.png,ai_generated,true,false,,,1920,1080,4f17bdfd1fce16f4bd783575464ee74fabb2eb6ae988f25e84d044c3757ef010,media.csv:media_id=IMG_007548;capture_batch=20260902_ai_generated_parking_order_violation_pov_b1_397;scenario_id=POV_PARKING_B1_P01_OUTSIDE_LEGAL_BAY_CLEAR;v2_split=DEV,AIGC_FIXTURE_ONLY,Parking media is AIGC; v2_split=DEV; no real fixed camera/route/ROI evidence. VAL/HOLDOUT media not opened.
/home/yanbo/net_vlm_xunjian_dataset/00_raw/ai_generated/images/20260902_ai_generated_parking_order_violation_pov_b1_397/IMG_007549.png,ai_generated,true,false,,,1920,1080,67aa0b565d19e0960719fd675a518ee02a6870494949f5eea5cfed212ec1608c,media.csv:media_id=IMG_007549;capture_batch=20260902_ai_generated_parking_order_violation_pov_b1_397;scenario_id=POV_PARKING_B1_P01_OUTSIDE_LEGAL_BAY_CLEAR;v2_split=DEV,AIGC_FIXTURE_ONLY,Parking media is AIGC; v2_split=DEV; no real fixed camera/route/ROI evidence. VAL/HOLDOUT media not opened.
/home/yanbo/net_vlm_xunjian_dataset/00_raw/ai_generated/images/20260902_ai_generated_parking_order_violation_pov_b1_397/IMG_007550.png,ai_generated,true,false,,,1920,1080,5139a253b6d1ce8e79162844bc2560fcc29bf55dce700959e77d9e67c22eb95f,media.csv:media_id=IMG_007550;capture_batch=20260902_ai_generated_parking_order_violation_pov_b1_397;scenario_id=POV_PARKING_B1_P01_OUTSIDE_LEGAL_BAY_CLEAR;v2_split=HOLDOUT,false,Parking media is AIGC; v2_split=HOLDOUT; no real fixed camera/route/ROI evidence. VAL/HOLDOUT media not opened.
/home/yanbo/net_vlm_xunjian_dataset/00_raw/ai_generated/images/20260902_ai_generated_parking_order_violation_pov_b1_397/IMG_007551.png,ai_generated,true,false,,,1920,1080,3e649fb425db485aa2a92f42b71d46d2e1097e1060eacd886961c437d05915cc,media.csv:media_id=IMG_007551;capture_batch=20260902_ai_generated_parking_order_violation_pov_b1_397;scenario_id=POV_PARKING_B1_P01_OUTSIDE_LEGAL_BAY_CLEAR;v2_split=DEV,AIGC_FIXTURE_ONLY,Parking media is AIGC; v2_split=DEV; no real fixed camera/route/ROI evidence. VAL/HOLDOUT media not opened.
/home/yanbo/net_vlm_xunjian_dataset/00_raw/ai_generated/images/20260902_ai_generated_parking_order_violation_pov_b1_397/IMG_007552.png,ai_generated,true,false,,,1920,1080,97932a55b037ccf310ae39eb1818d85f49ed164b4f599f90ee17b61ad5073694,media.csv:media_id=IMG_007552;capture_batch=20260902_ai_generated_parking_order_violation_pov_b1_397;scenario_id=POV_PARKING_B1_P01_OUTSIDE_LEGAL_BAY_CLEAR;v2_split=DEV,AIGC_FIXTURE_ONLY,Parking media is AIGC; v2_split=DEV; no real fixed camera/route/ROI evidence. VAL/HOLDOUT media not opened.
/home/yanbo/net_vlm_xunjian_dataset/00_raw/ai_generated/images/20260902_ai_generated_parking_order_violation_pov_b1_397/IMG_007553.png,ai_generated,true,false,,,1920,1080,9efbabb42116c5404e59ea092da06ffb304eb6d4ab9da128bb146b8129384718,media.csv:media_id=IMG_007553;capture_batch=20260902_ai_generated_parking_order_violation_pov_b1_397;scenario_id=POV_PARKING_B1_P01_OUTSIDE_LEGAL_BAY_CLEAR;v2_split=VAL,false,Parking media is AIGC; v2_split=VAL; no real fixed camera/route/ROI evidence. VAL/HOLDOUT media not opened.
/home/yanbo/net_vlm_xunjian_dataset/00_raw/ai_generated/images/20260902_ai_generated_parking_order_violation_pov_b1_397/IMG_007554.png,ai_generated,true,false,,,1920,1080,34c443db5a3a90bccf980fc14a8a48f9275143c41dace05edeba2dfc7f9a3865,media.csv:media_id=IMG_007554;capture_batch=20260902_ai_generated_parking_order_violation_pov_b1_397;scenario_id=POV_PARKING_B1_P01_OUTSIDE_LEGAL_BAY_CLEAR;v2_split=DEV,AIGC_FIXTURE_ONLY,Parking media is AIGC; v2_split=DEV; no real fixed camera/route/ROI evidence. VAL/HOLDOUT media not opened.
/home/yanbo/net_vlm_xunjian_dataset/00_raw/ai_generated/images/20260902_ai_generated_parking_order_violation_pov_b1_397/IMG_007555.png,ai_generated,true,false,,,1920,1080,b879ee48ab4cae9efcd4f91acd470ae42d1564602cd9b26fe99b0648632e9c30,media.csv:media_id=IMG_007555;capture_batch=20260902_ai_generated_parking_order_violation_pov_b1_397;scenario_id=POV_PARKING_B1_P01_OUTSIDE_LEGAL_BAY_CLEAR;v2_split=DEV,AIGC_FIXTURE_ONLY,Parking media is AIGC; v2_split=DEV; no real fixed camera/route/ROI evidence. VAL/HOLDOUT media not opened.
/home/yanbo/net_vlm_xunjian_dataset/00_raw/ai_generated/images/20260902_ai_generated_parking_order_violation_pov_b1_397/IMG_007556.png,ai_generated,true,false,,,1920,1080,2d2c27149d5340b1810e71d7ee266ee662e9162fd33fe39a3b00327c6216efce,media.csv:media_id=IMG_007556;capture_batch=20260902_ai_generated_parking_order_violation_pov_b1_397;scenario_id=POV_PARKING_B1_P01_OUTSIDE_LEGAL_BAY_CLEAR;v2_split=DEV,AIGC_FIXTURE_ONLY,Parking media is AIGC; v2_split=DEV; no real fixed camera/route/ROI evidence. VAL/HOLDOUT media not opened.
/home/yanbo/net_vlm_xunjian_dataset/00_raw/ai_generated/images/20260902_ai_generated_parking_order_violation_pov_b1_397/IMG_007557.png,ai_generated,true,false,,,1920,1080,49ead178a7d141750b6346a3db635367c4b60fb3eb6bc6c38df68af4f91ed134,media.csv:media_id=IMG_007557;capture_batch=20260902_ai_generated_parking_order_violation_pov_b1_397;scenario_id=POV_PARKING_B1_P01_OUTSIDE_LEGAL_BAY_CLEAR;v2_split=VAL,false,Parking media is AIGC; v2_split=VAL; no real fixed camera/route/ROI evidence. VAL/HOLDOUT media not opened.
/home/yanbo/net_vlm_xunjian_dataset/00_raw/ai_generated/images/20260902_ai_generated_parking_order_violation_pov_b1_397/IMG_007558.png,ai_generated,true,false,,,1920,1080,1e9b4b51182591cf840782316c7ea1cfce0cea6efc94092de7325bca41124439,media.csv:media_id=IMG_007558;capture_batch=20260902_ai_generated_parking_order_violation_pov_b1_397;scenario_id=POV_PARKING_B1_P01_OUTSIDE_LEGAL_BAY_CLEAR;v2_split=DEV,AIGC_FIXTURE_ONLY,Parking media is AIGC; v2_split=DEV; no real fixed camera/route/ROI evidence. VAL/HOLDOUT media not opened.
/home/yanbo/net_vlm_xunjian_dataset/00_raw/ai_generated/images/20260902_ai_generated_parking_order_violation_pov_b1_397/IMG_007559.png,ai_generated,true,false,,,1920,1080,f2f4a8a8e9595db41a6d5815025c881c8b22b1e0d0e04ac8822528f6c4a76b7c,media.csv:media_id=IMG_007559;capture_batch=20260902_ai_generated_parking_order_violation_pov_b1_397;scenario_id=POV_PARKING_B1_P02_CROSS_SINGLE_BOUNDARY_LINE;v2_split=DEV,AIGC_FIXTURE_ONLY,Parking media is AIGC; v2_split=DEV; no real fixed camera/route/ROI evidence. VAL/HOLDOUT media not opened.
/home/yanbo/net_vlm_xunjian_dataset/00_raw/ai_generated/images/20260902_ai_generated_parking_order_violation_pov_b1_397/IMG_007560.png,ai_generated,true,false,,,1920,1080,a1709030715bf45e78216506f40ad352eeeb9c5d1f816802b697d28cbd4659ea,media.csv:media_id=IMG_007560;capture_batch=20260902_ai_generated_parking_order_violation_pov_b1_397;scenario_id=POV_PARKING_B1_P02_CROSS_SINGLE_BOUNDARY_LINE;v2_split=DEV,AIGC_FIXTURE_ONLY,Parking media is AIGC; v2_split=DEV; no real fixed camera/route/ROI evidence. VAL/HOLDOUT media not opened.
/home/yanbo/net_vlm_xunjian_dataset/00_raw/ai_generated/images/20260902_ai_generated_parking_order_violation_pov_b1_397/IMG_007561.png,ai_generated,true,false,,,1920,1080,fbf0840b5295eebd50448505300464dc7a2963b90f8b16709ec4a1b94e5a4ec5,media.csv:media_id=IMG_007561;capture_batch=20260902_ai_generated_parking_order_violation_pov_b1_397;scenario_id=POV_PARKING_B1_P02_CROSS_SINGLE_BOUNDARY_LINE;v2_split=HOLDOUT,false,Parking media is AIGC; v2_split=HOLDOUT; no real fixed camera/route/ROI evidence. VAL/HOLDOUT media not opened.
/home/yanbo/net_vlm_xunjian_dataset/00_raw/ai_generated/images/20260902_ai_generated_parking_order_violation_pov_b1_397/IMG_007562.png,ai_generated,true,false,,,1920,1080,e98d3f068c7e7ff0d6a731ab924fff48d66316d0dcaf320ea721c3ee9aefb426,media.csv:media_id=IMG_007562;capture_batch=20260902_ai_generated_parking_order_violation_pov_b1_397;scenario_id=POV_PARKING_B1_P02_CROSS_SINGLE_BOUNDARY_LINE;v2_split=DEV,AIGC_FIXTURE_ONLY,Parking media is AIGC; v2_split=DEV; no real fixed camera/route/ROI evidence. VAL/HOLDOUT media not opened.
/home/yanbo/net_vlm_xunjian_dataset/00_raw/ai_generated/images/20260902_ai_generated_parking_order_violation_pov_b1_397/IMG_007563.png,ai_generated,true,false,,,1920,1080,c8a23e574214ae421807d2fae50f3617aeedd235a07f7cbc78550a4b384bc856,media.csv:media_id=IMG_007563;capture_batch=20260902_ai_generated_parking_order_violation_pov_b1_397;scenario_id=POV_PARKING_B1_P02_CROSS_SINGLE_BOUNDARY_LINE;v2_split=VAL,false,Parking media is AIGC; v2_split=VAL; no real fixed camera/route/ROI evidence. VAL/HOLDOUT media not opened.
/home/yanbo/net_vlm_xunjian_dataset/00_raw/ai_generated/images/20260902_ai_generated_parking_order_violation_pov_b1_397/IMG_007564.png,ai_generated,true,false,,,1920,1080,fc06c9c4695ca7cc59409261cd0293f6e9b080ee97f9247bbbd0c4b14c150cda,media.csv:media_id=IMG_007564;capture_batch=20260902_ai_generated_parking_order_violation_pov_b1_397;scenario_id=POV_PARKING_B1_P02_CROSS_SINGLE_BOUNDARY_LINE;v2_split=DEV,AIGC_FIXTURE_ONLY,Parking media is AIGC; v2_split=DEV; no real fixed camera/route/ROI evidence. VAL/HOLDOUT media not opened.
/home/yanbo/net_vlm_xunjian_dataset/00_raw/ai_generated/images/20260902_ai_generated_parking_order_violation_pov_b1_397/IMG_007565.png,ai_generated,true,false,,,1920,1080,0eacb9a070bf7cbf5561242969165c0662f30e6e46f7562ac9439da3305dc26e,media.csv:media_id=IMG_007565;capture_batch=20260902_ai_generated_parking_order_violation_pov_b1_397;scenario_id=POV_PARKING_B1_P02_CROSS_SINGLE_BOUNDARY_LINE;v2_split=VAL,false,Parking media is AIGC; v2_split=VAL; no real fixed camera/route/ROI evidence. VAL/HOLDOUT media not opened.
/home/yanbo/net_vlm_xunjian_dataset/00_raw/ai_generated/images/20260902_ai_generated_parking_order_violation_pov_b1_397/IMG_007566.png,ai_generated,true,false,,,1920,1080,e04d0f3a4f8673963d759b1ba3fc278174c4f9124fc60c4ac93804fdd4d8bdcf,media.csv:media_id=IMG_007566;capture_batch=20260902_ai_generated_parking_order_violation_pov_b1_397;scenario_id=POV_PARKING_B1_P02_CROSS_SINGLE_BOUNDARY_LINE;v2_split=HOLDOUT,false,Parking media is AIGC; v2_split=HOLDOUT; no real fixed camera/route/ROI evidence. VAL/HOLDOUT media not opened.
/home/yanbo/net_vlm_xunjian_dataset/00_raw/ai_generated/images/20260902_ai_generated_parking_order_violation_pov_b1_397/IMG_007567.png,ai_generated,true,false,,,1920,1080,2979fa0ff121e30d013e8bc2d521676102a57e5f13ac6f363ef14cc4e324a5e3,media.csv:media_id=IMG_007567;capture_batch=20260902_ai_generated_parking_order_violation_pov_b1_397;scenario_id=POV_PARKING_B1_P02_CROSS_SINGLE_BOUNDARY_LINE;v2_split=VAL,false,Parking media is AIGC; v2_split=VAL; no real fixed camera/route/ROI evidence. VAL/HOLDOUT media not opened.
/home/yanbo/net_vlm_xunjian_dataset/00_raw/ai_generated/images/20260902_ai_generated_parking_order_violation_pov_b1_397/IMG_007568.png,ai_generated,true,false,,,1920,1080,e193369ca3e7ed96f96f3b91ec9b44fb9d1cf273355594f42380204426ea137c,media.csv:media_id=IMG_007568;capture_batch=20260902_ai_generated_parking_order_violation_pov_b1_397;scenario_id=POV_PARKING_B1_P02_CROSS_SINGLE_BOUNDARY_LINE;v2_split=HOLDOUT,false,Parking media is AIGC; v2_split=HOLDOUT; no real fixed camera/route/ROI evidence. VAL/HOLDOUT media not opened.
/home/yanbo/net_vlm_xunjian_dataset/00_raw/ai_generated/images/20260902_ai_generated_parking_order_violation_pov_b1_397/IMG_007569.png,ai_generated,true,false,,,1920,1080,ecfa27073d391aeeac4957a3822e2ff300811817ea8e48e2ea812c2c63a9e1a2,media.csv:media_id=IMG_007569;capture_batch=20260902_ai_generated_parking_order_violation_pov_b1_397;scenario_id=POV_PARKING_B1_P02_CROSS_SINGLE_BOUNDARY_LINE;v2_split=DEV,AIGC_FIXTURE_ONLY,Parking media is AIGC; v2_split=DEV; no real fixed camera/route/ROI evidence. VAL/HOLDOUT media not opened.
/home/yanbo/net_vlm_xunjian_dataset/00_raw/ai_generated/images/20260902_ai_generated_parking_order_violation_pov_b1_397/IMG_007570.png,ai_generated,true,false,,,1920,1080,564f57abeb11621386bd15d9a8794853f850271391be84a01e64d35f42eb0181,media.csv:media_id=IMG_007570;capture_batch=20260902_ai_generated_parking_order_violation_pov_b1_397;scenario_id=POV_PARKING_B1_P02_CROSS_SINGLE_BOUNDARY_LINE;v2_split=DEV,AIGC_FIXTURE_ONLY,Parking media is AIGC; v2_split=DEV; no real fixed camera/route/ROI evidence. VAL/HOLDOUT media not opened.
/home/yanbo/net_vlm_xunjian_dataset/00_raw/ai_generated/images/20260902_ai_generated_parking_order_violation_pov_b1_397/IMG_007571.png,ai_generated,true,false,,,1920,1080,c81db39df5a6289982e45d8e87ed41d9eb32d216e0f0483503fbf43ec81ec0da,media.csv:media_id=IMG_007571;capture_batch=20260902_ai_generated_parking_order_violation_pov_b1_397;scenario_id=POV_PARKING_B1_P02_CROSS_SINGLE_BOUNDARY_LINE;v2_split=DEV,AIGC_FIXTURE_ONLY,Parking media is AIGC; v2_split=DEV; no real fixed camera/route/ROI evidence. VAL/HOLDOUT media not opened.
/home/yanbo/net_vlm_xunjian_dataset/00_raw/ai_generated/images/20260902_ai_generated_parking_order_violation_pov_b1_397/IMG_007572.png,ai_generated,true,false,,,1920,1080,5648423dd5d4b40746fc3d24b3e72f003e1f64fef79ecfb5f2df7bb7707717d7,media.csv:media_id=IMG_007572;capture_batch=20260902_ai_generated_parking_order_violation_pov_b1_397;scenario_id=POV_PARKING_B1_P02_CROSS_SINGLE_BOUNDARY_LINE;v2_split=VAL,false,Parking media is AIGC; v2_split=VAL; no real fixed camera/route/ROI evidence. VAL/HOLDOUT media not opened.
/home/yanbo/net_vlm_xunjian_dataset/00_raw/ai_generated/images/20260902_ai_generated_parking_order_violation_pov_b1_397/IMG_007573.png,ai_generated,true,false,,,1920,1080,94a122d69ee9152d848eb7287b47c95764136fc16669b452a334cdbc1135e941,media.csv:media_id=IMG_007573;capture_batch=20260902_ai_generated_parking_order_violation_pov_b1_397;scenario_id=POV_PARKING_B1_P02_CROSS_SINGLE_BOUNDARY_LINE;v2_split=VAL,false,Parking media is AIGC; v2_split=VAL; no real fixed camera/route/ROI evidence. VAL/HOLDOUT media not opened.
/home/yanbo/net_vlm_xunjian_dataset/00_raw/ai_generated/images/20260902_ai_generated_parking_order_violation_pov_b1_397/IMG_007574.png,ai_generated,true,false,,,1920,1080,28e02888b85aa891b489e8211bb38f061b38ff272a51ccbe836082eaa40e9f14,media.csv:media_id=IMG_007574;capture_batch=20260902_ai_generated_parking_order_violation_pov_b1_397;scenario_id=POV_PARKING_B1_P02_CROSS_SINGLE_BOUNDARY_LINE;v2_split=DEV,AIGC_FIXTURE_ONLY,Parking media is AIGC; v2_split=DEV; no real fixed camera/route/ROI evidence. VAL/HOLDOUT media not opened.
/home/yanbo/net_vlm_xunjian_dataset/00_raw/ai_generated/images/20260902_ai_generated_parking_order_violation_pov_b1_397/IMG_007575.png,ai_generated,true,false,,,1920,1080,7d5b6e5a024195be279b0ebe4892043c13be040a7e28c1cbedbe5457c298e789,media.csv:media_id=IMG_007575;capture_batch=20260902_ai_generated_parking_order_violation_pov_b1_397;scenario_id=POV_PARKING_B1_P02_CROSS_SINGLE_BOUNDARY_LINE;v2_split=DEV,AIGC_FIXTURE_ONLY,Parking media is AIGC; v2_split=DEV; no real fixed camera/route/ROI evidence. VAL/HOLDOUT media not opened.
/home/yanbo/net_vlm_xunjian_dataset/00_raw/ai_generated/images/20260902_ai_generated_parking_order_violation_pov_b1_397/IMG_007576.png,ai_generated,true,false,,,1920,1080,a28e080ddb02680d63958e55fc3cca895b3e6a0d01bed541bfa62f0dc52ce903,media.csv:media_id=IMG_007576;capture_batch=20260902_ai_generated_parking_order_violation_pov_b1_397;scenario_id=POV_PARKING_B1_P02_CROSS_SINGLE_BOUNDARY_LINE;v2_split=DEV,AIGC_FIXTURE_ONLY,Parking media is AIGC; v2_split=DEV; no real fixed camera/route/ROI evidence. VAL/HOLDOUT media not opened.
/home/yanbo/net_vlm_xunjian_dataset/00_raw/ai_generated/images/20260902_ai_generated_parking_order_violation_pov_b1_397/IMG_007577.png,ai_generated,true,false,,,1920,1080,570451f6eaff7c386120fd454ecfbd856370eebac5c8c689494a2d448a35f66e,media.csv:media_id=IMG_007577;capture_batch=20260902_ai_generated_parking_order_violation_pov_b1_397;scenario_id=POV_PARKING_B1_P02_CROSS_SINGLE_BOUNDARY_LINE;v2_split=DEV,AIGC_FIXTURE_ONLY,Parking media is AIGC; v2_split=DEV; no real fixed camera/route/ROI evidence. VAL/HOLDOUT media not opened.
/home/yanbo/net_vlm_xunjian_dataset/00_raw/ai_generated/images/20260902_ai_generated_parking_order_violation_pov_b1_397/IMG_007578.png,ai_generated,true,false,,,1920,1080,49560707300efb2431c281a83de5b192bcbf7b363113b0b59f55aba896359d31,media.csv:media_id=IMG_007578;capture_batch=20260902_ai_generated_parking_order_violation_pov_b1_397;scenario_id=POV_PARKING_B1_P02_CROSS_SINGLE_BOUNDARY_LINE;v2_split=HOLDOUT,false,Parking media is AIGC; v2_split=HOLDOUT; no real fixed camera/route/ROI evidence. VAL/HOLDOUT media not opened.
/home/yanbo/net_vlm_xunjian_dataset/00_raw/ai_generated/images/20260902_ai_generated_parking_order_violation_pov_b1_397/IMG_007579.png,ai_generated,true,false,,,1920,1080,269878597c4be9d38b4fda159b6708c0575a1b3986e9033c6c0b58b45d97f73c,media.csv:media_id=IMG_007579;capture_batch=20260902_ai_generated_parking_order_violation_pov_b1_397;scenario_id=POV_PARKING_B1_P02_CROSS_SINGLE_BOUNDARY_LINE;v2_split=VAL,false,Parking media is AIGC; v2_split=VAL; no real fixed camera/route/ROI evidence. VAL/HOLDOUT media not opened.
/home/yanbo/net_vlm_xunjian_dataset/00_raw/ai_generated/images/20260902_ai_generated_parking_order_violation_pov_b1_397/IMG_007580.png,ai_generated,true,false,,,1920,1080,2cc8d12dd6b689e39766a0cf398eccec256db57af4e3d795b29fbfe14123f0a7,media.csv:media_id=IMG_007580;capture_batch=20260902_ai_generated_parking_order_violation_pov_b1_397;scenario_id=POV_PARKING_B1_P02_CROSS_SINGLE_BOUNDARY_LINE;v2_split=DEV,AIGC_FIXTURE_ONLY,Parking media is AIGC; v2_split=DEV; no real fixed camera/route/ROI evidence. VAL/HOLDOUT media not opened.
/home/yanbo/net_vlm_xunjian_dataset/00_raw/ai_generated/images/20260902_ai_generated_parking_order_violation_pov_b1_397/IMG_007581.png,ai_generated,true,false,,,1920,1080,5a70b850a8e50ec66e4d3c0de84fb9afd326680aae1e96e82f969eebce790c91,media.csv:media_id=IMG_007581;capture_batch=20260902_ai_generated_parking_order_violation_pov_b1_397;scenario_id=POV_PARKING_B1_P02_CROSS_SINGLE_BOUNDARY_LINE;v2_split=DEV,AIGC_FIXTURE_ONLY,Parking media is AIGC; v2_split=DEV; no real fixed camera/route/ROI evidence. VAL/HOLDOUT media not opened.
/home/yanbo/net_vlm_xunjian_dataset/00_raw/ai_generated/images/20260902_ai_generated_parking_order_violation_pov_b1_397/IMG_007582.png,ai_generated,true,false,,,1920,1080,e95e962fe9682105741238f4453c2639b3616da0f7e09a7d9065f51a6e0995bf,media.csv:media_id=IMG_007582;capture_batch=20260902_ai_generated_parking_order_violation_pov_b1_397;scenario_id=POV_PARKING_B1_P02_CROSS_SINGLE_BOUNDARY_LINE;v2_split=HOLDOUT,false,Parking media is AIGC; v2_split=HOLDOUT; no real fixed camera/route/ROI evidence. VAL/HOLDOUT media not opened.
/home/yanbo/net_vlm_xunjian_dataset/00_raw/ai_generated/images/20260902_ai_generated_parking_order_violation_pov_b1_397/IMG_007583.png,ai_generated,true,false,,,1920,1080,541d9de1bdf92c75bdd9d689062753ec8f49f21038963cbd62afa91428e7b5de,media.csv:media_id=IMG_007583;capture_batch=20260902_ai_generated_parking_order_violation_pov_b1_397;scenario_id=POV_PARKING_B1_P02_CROSS_SINGLE_BOUNDARY_LINE;v2_split=DEV,AIGC_FIXTURE_ONLY,Parking media is AIGC; v2_split=DEV; no real fixed camera/route/ROI evidence. VAL/HOLDOUT media not opened.
/home/yanbo/net_vlm_xunjian_dataset/00_raw/ai_generated/images/20260902_ai_generated_parking_order_violation_pov_b1_397/IMG_007584.png,ai_generated,true,false,,,1920,1080,16ca3bc8cdff89dc9f8735b5407e6929c09cdc65c98c4803795501599a1f5664,media.csv:media_id=IMG_007584;capture_batch=20260902_ai_generated_parking_order_violation_pov_b1_397;scenario_id=POV_PARKING_B1_P02_CROSS_SINGLE_BOUNDARY_LINE;v2_split=DEV,AIGC_FIXTURE_ONLY,Parking media is AIGC; v2_split=DEV; no real fixed camera/route/ROI evidence. VAL/HOLDOUT media not opened.
/home/yanbo/net_vlm_xunjian_dataset/00_raw/ai_generated/images/20260902_ai_generated_parking_order_violation_pov_b1_397/IMG_007585.png,ai_generated,true,false,,,1920,1080,09919ee92ec0b250a631597105f6b82b093a9dabf191cd11e169c900658e1507,media.csv:media_id=IMG_007585;capture_batch=20260902_ai_generated_parking_order_violation_pov_b1_397;scenario_id=POV_PARKING_B1_P02_CROSS_SINGLE_BOUNDARY_LINE;v2_split=DEV,AIGC_FIXTURE_ONLY,Parking media is AIGC; v2_split=DEV; no real fixed camera/route/ROI evidence. VAL/HOLDOUT media not opened.
/home/yanbo/net_vlm_xunjian_dataset/00_raw/ai_generated/images/20260902_ai_generated_parking_order_violation_pov_b1_397/IMG_007586.png,ai_generated,true,false,,,1920,1080,4c44a263ccbf1b0e096676c75ab0bb411ea915ecac10d753d13b1fff87fe0a55,media.csv:media_id=IMG_007586;capture_batch=20260902_ai_generated_parking_order_violation_pov_b1_397;scenario_id=POV_PARKING_B1_P02_CROSS_SINGLE_BOUNDARY_LINE;v2_split=DEV,AIGC_FIXTURE_ONLY,Parking media is AIGC; v2_split=DEV; no real fixed camera/route/ROI evidence. VAL/HOLDOUT media not opened.
/home/yanbo/net_vlm_xunjian_dataset/00_raw/ai_generated/images/20260902_ai_generated_parking_order_violation_pov_b1_397/IMG_007587.png,ai_generated,true,false,,,1920,1080,a5eabf71d9edeb0740a2ed71d633037bd5cf4d9ee9c1375fdf9c7f513837f74d,media.csv:media_id=IMG_007587;capture_batch=20260902_ai_generated_parking_order_violation_pov_b1_397;scenario_id=POV_PARKING_B1_P02_CROSS_SINGLE_BOUNDARY_LINE;v2_split=DEV,AIGC_FIXTURE_ONLY,Parking media is AIGC; v2_split=DEV; no real fixed camera/route/ROI evidence. VAL/HOLDOUT media not opened.
/home/yanbo/net_vlm_xunjian_dataset/00_raw/ai_generated/images/20260902_ai_generated_parking_order_violation_pov_b1_397/IMG_007588.png,ai_generated,true,false,,,1920,1080,cb6d9156e29a676b7ad7ce5c21862e6243aa3420defaf0a8973fcbe7e78a3998,media.csv:media_id=IMG_007588;capture_batch=20260902_ai_generated_parking_order_violation_pov_b1_397;scenario_id=POV_PARKING_B1_P02_CROSS_SINGLE_BOUNDARY_LINE;v2_split=DEV,AIGC_FIXTURE_ONLY,Parking media is AIGC; v2_split=DEV; no real fixed camera/route/ROI evidence. VAL/HOLDOUT media not opened.
/home/yanbo/net_vlm_xunjian_dataset/00_raw/ai_generated/images/20260902_ai_generated_parking_order_violation_pov_b1_397/IMG_007589.png,ai_generated,true,false,,,1920,1080,a989130fb9ba8132fbae136253c19c64115dfda6a3d54603ebfa2a697276fb00,media.csv:media_id=IMG_007589;capture_batch=20260902_ai_generated_parking_order_violation_pov_b1_397;scenario_id=POV_PARKING_B1_P02_CROSS_SINGLE_BOUNDARY_LINE;v2_split=HOLDOUT,false,Parking media is AIGC; v2_split=HOLDOUT; no real fixed camera/route/ROI evidence. VAL/HOLDOUT media not opened.
/home/yanbo/net_vlm_xunjian_dataset/00_raw/ai_generated/images/20260902_ai_generated_parking_order_violation_pov_b1_397/IMG_007590.png,ai_generated,true,false,,,1920,1080,ed0b2a74ed4a5e9e50076b06155f968cb218fc7f9474c2bbe5d50e7713bbc1e9,media.csv:media_id=IMG_007590;capture_batch=20260902_ai_generated_parking_order_violation_pov_b1_397;scenario_id=POV_PARKING_B1_P02_CROSS_SINGLE_BOUNDARY_LINE;v2_split=HOLDOUT,false,Parking media is AIGC; v2_split=HOLDOUT; no real fixed camera/route/ROI evidence. VAL/HOLDOUT media not opened.
/home/yanbo/net_vlm_xunjian_dataset/00_raw/ai_generated/images/20260902_ai_generated_parking_order_violation_pov_b1_397/IMG_007591.png,ai_generated,true,false,,,1920,1080,41916db363f1a571b84f7e6c248332ee77e664d1b98ec8579d1a60829f3b6646,media.csv:media_id=IMG_007591;capture_batch=20260902_ai_generated_parking_order_violation_pov_b1_397;scenario_id=POV_PARKING_B1_P02_CROSS_SINGLE_BOUNDARY_LINE;v2_split=VAL,false,Parking media is AIGC; v2_split=VAL; no real fixed camera/route/ROI evidence. VAL/HOLDOUT media not opened.
/home/yanbo/net_vlm_xunjian_dataset/00_raw/ai_generated/images/20260902_ai_generated_parking_order_violation_pov_b1_397/IMG_007592.png,ai_generated,true,false,,,1920,1080,d0935526710411b008da955ef21e99e752209c8fafc928bceb05fb7d55a926cd,media.csv:media_id=IMG_007592;capture_batch=20260902_ai_generated_parking_order_violation_pov_b1_397;scenario_id=POV_PARKING_B1_P02_CROSS_SINGLE_BOUNDARY_LINE;v2_split=DEV,AIGC_FIXTURE_ONLY,Parking media is AIGC; v2_split=DEV; no real fixed camera/route/ROI evidence. VAL/HOLDOUT media not opened.
/home/yanbo/net_vlm_xunjian_dataset/00_raw/ai_generated/images/20260902_ai_generated_parking_order_violation_pov_b1_397/IMG_007593.png,ai_generated,true,false,,,1920,1080,cd5e8f47b91c0c7e5051d1f9bb5e6a95ec02a197a66bfb234ef886b385d6ce63,media.csv:media_id=IMG_007593;capture_batch=20260902_ai_generated_parking_order_violation_pov_b1_397;scenario_id=POV_PARKING_B1_P02_CROSS_SINGLE_BOUNDARY_LINE;v2_split=DEV,AIGC_FIXTURE_ONLY,Parking media is AIGC; v2_split=DEV; no real fixed camera/route/ROI evidence. VAL/HOLDOUT media not opened.
/home/yanbo/net_vlm_xunjian_dataset/00_raw/ai_generated/images/20260902_ai_generated_parking_order_violation_pov_b1_397/IMG_007594.png,ai_generated,true,false,,,1920,1080,52fecb2cfdc2a375990b44ceadd6a0328e734844b7f80e0b820e966778e1d0b1,media.csv:media_id=IMG_007594;capture_batch=20260902_ai_generated_parking_order_violation_pov_b1_397;scenario_id=POV_PARKING_B1_P03_SPAN_TWO_BAYS;v2_split=DEV,AIGC_FIXTURE_ONLY,Parking media is AIGC; v2_split=DEV; no real fixed camera/route/ROI evidence. VAL/HOLDOUT media not opened.
/home/yanbo/net_vlm_xunjian_dataset/00_raw/ai_generated/images/20260902_ai_generated_parking_order_violation_pov_b1_397/IMG_007595.png,ai_generated,true,false,,,1920,1080,0ddfb6a09f8662e7595e38a59a11e263ab12ee5213023f354cbac9967695bfe1,media.csv:media_id=IMG_007595;capture_batch=20260902_ai_generated_parking_order_violation_pov_b1_397;scenario_id=POV_PARKING_B1_P03_SPAN_TWO_BAYS;v2_split=VAL,false,Parking media is AIGC; v2_split=VAL; no real fixed camera/route/ROI evidence. VAL/HOLDOUT media not opened.
/home/yanbo/net_vlm_xunjian_dataset/00_raw/ai_generated/images/20260902_ai_generated_parking_order_violation_pov_b1_397/IMG_007596.png,ai_generated,true,false,,,1920,1080,bc03f36807589c4be82b7bf696647d45a5cabcf0d4dd3cbf8799882ef02364f9,media.csv:media_id=IMG_007596;capture_batch=20260902_ai_generated_parking_order_violation_pov_b1_397;scenario_id=POV_PARKING_B1_P03_SPAN_TWO_BAYS;v2_split=VAL,false,Parking media is AIGC; v2_split=VAL; no real fixed camera/route/ROI evidence. VAL/HOLDOUT media not opened.
/home/yanbo/net_vlm_xunjian_dataset/00_raw/ai_generated/images/20260902_ai_generated_parking_order_violation_pov_b1_397/IMG_007597.png,ai_generated,true,false,,,1920,1080,94784a1913e0d6b7b680039795a0a192edb8f74a1140dbb8cf37924fd2ae8552,media.csv:media_id=IMG_007597;capture_batch=20260902_ai_generated_parking_order_violation_pov_b1_397;scenario_id=POV_PARKING_B1_P03_SPAN_TWO_BAYS;v2_split=HOLDOUT,false,Parking media is AIGC; v2_split=HOLDOUT; no real fixed camera/route/ROI evidence. VAL/HOLDOUT media not opened.
/home/yanbo/net_vlm_xunjian_dataset/00_raw/ai_generated/images/20260902_ai_generated_parking_order_violation_pov_b1_397/IMG_007598.png,ai_generated,true,false,,,1920,1080,3187844b1789cf8fd2e859424b78e02d7d817e0a8d2ac2a9954625abfc217217,media.csv:media_id=IMG_007598;capture_batch=20260902_ai_generated_parking_order_violation_pov_b1_397;scenario_id=POV_PARKING_B1_P03_SPAN_TWO_BAYS;v2_split=DEV,AIGC_FIXTURE_ONLY,Parking media is AIGC; v2_split=DEV; no real fixed camera/route/ROI evidence. VAL/HOLDOUT media not opened.
/home/yanbo/net_vlm_xunjian_dataset/00_raw/ai_generated/images/20260902_ai_generated_parking_order_violation_pov_b1_397/IMG_007599.png,ai_generated,true,false,,,1920,1080,b7394782827a2372ed408429b1a7339ece7e7f20b9430d4f004e813f883cb25b,media.csv:media_id=IMG_007599;capture_batch=20260902_ai_generated_parking_order_violation_pov_b1_397;scenario_id=POV_PARKING_B1_P03_SPAN_TWO_BAYS;v2_split=DEV,AIGC_FIXTURE_ONLY,Parking media is AIGC; v2_split=DEV; no real fixed camera/route/ROI evidence. VAL/HOLDOUT media not opened.
/home/yanbo/net_vlm_xunjian_dataset/00_raw/ai_generated/images/20260902_ai_generated_parking_order_violation_pov_b1_397/IMG_007600.png,ai_generated,true,false,,,1920,1080,147b1ce8bc187f91a764a1d6a0623ba510018a68463cfe2857bbcc3e5d3d441c,media.csv:media_id=IMG_007600;capture_batch=20260902_ai_generated_parking_order_violation_pov_b1_397;scenario_id=POV_PARKING_B1_P03_SPAN_TWO_BAYS;v2_split=VAL,false,Parking media is AIGC; v2_split=VAL; no real fixed camera/route/ROI evidence. VAL/HOLDOUT media not opened.
/home/yanbo/net_vlm_xunjian_dataset/00_raw/ai_generated/images/20260902_ai_generated_parking_order_violation_pov_b1_397/IMG_007601.png,ai_generated,true,false,,,1920,1080,635e5c52f6a69bbc108df9de7227484b8c42d9aa6b9d3b76fc996483594c806c,media.csv:media_id=IMG_007601;capture_batch=20260902_ai_generated_parking_order_violation_pov_b1_397;scenario_id=POV_PARKING_B1_P03_SPAN_TWO_BAYS;v2_split=DEV,AIGC_FIXTURE_ONLY,Parking media is AIGC; v2_split=DEV; no real fixed camera/route/ROI evidence. VAL/HOLDOUT media not opened.
/home/yanbo/net_vlm_xunjian_dataset/00_raw/ai_generated/images/20260902_ai_generated_parking_order_violation_pov_b1_397/IMG_007602.png,ai_generated,true,false,,,1920,1080,98386e15dc5ef41f7e2573e8e5048834d0a4205aa29fc88875d3601fde598d34,media.csv:media_id=IMG_007602;capture_batch=20260902_ai_generated_parking_order_violation_pov_b1_397;scenario_id=POV_PARKING_B1_P03_SPAN_TWO_BAYS;v2_split=DEV,AIGC_FIXTURE_ONLY,Parking media is AIGC; v2_split=DEV; no real fixed camera/route/ROI evidence. VAL/HOLDOUT media not opened.
/home/yanbo/net_vlm_xunjian_dataset/00_raw/ai_generated/images/20260902_ai_generated_parking_order_violation_pov_b1_397/IMG_007603.png,ai_generated,true,false,,,1920,1080,7c54e1ed5972188c181242becb7170c5f33bb966e7bca852ce209dadfe278bf4,media.csv:media_id=IMG_007603;capture_batch=20260902_ai_generated_parking_order_violation_pov_b1_397;scenario_id=POV_PARKING_B1_P03_SPAN_TWO_BAYS;v2_split=DEV,AIGC_FIXTURE_ONLY,Parking media is AIGC; v2_split=DEV; no real fixed camera/route/ROI evidence. VAL/HOLDOUT media not opened.
/home/yanbo/net_vlm_xunjian_dataset/00_raw/ai_generated/images/20260902_ai_generated_parking_order_violation_pov_b1_397/IMG_007604.png,ai_generated,true,false,,,1920,1080,f47a7280a736261000a58516cc98a8f372f6be8585e03dc6e457a119b2b979f1,media.csv:media_id=IMG_007604;capture_batch=20260902_ai_generated_parking_order_violation_pov_b1_397;scenario_id=POV_PARKING_B1_P03_SPAN_TWO_BAYS;v2_split=HOLDOUT,false,Parking media is AIGC; v2_split=HOLDOUT; no real fixed camera/route/ROI evidence. VAL/HOLDOUT media not opened.
/home/yanbo/net_vlm_xunjian_dataset/00_raw/ai_generated/images/20260902_ai_generated_parking_order_violation_pov_b1_397/IMG_007605.png,ai_generated,true,false,,,1920,1080,c1754715bfe0726147d8f5cc7b2fbdb6a626cfe80773d6d5b5907af8f2d2f8a0,media.csv:media_id=IMG_007605;capture_batch=20260902_ai_generated_parking_order_violation_pov_b1_397;scenario_id=POV_PARKING_B1_P03_SPAN_TWO_BAYS;v2_split=HOLDOUT,false,Parking media is AIGC; v2_split=HOLDOUT; no real fixed camera/route/ROI evidence. VAL/HOLDOUT media not opened.
/home/yanbo/net_vlm_xunjian_dataset/00_raw/ai_generated/images/20260902_ai_generated_parking_order_violation_pov_b1_397/IMG_007606.png,ai_generated,true,false,,,1920,1080,4c3161d0c72cc8aeffb0971eb4e719d82827cf4627386e3d07f770270aeb547e,media.csv:media_id=IMG_007606;capture_batch=20260902_ai_generated_parking_order_violation_pov_b1_397;scenario_id=POV_PARKING_B1_P03_SPAN_TWO_BAYS;v2_split=DEV,AIGC_FIXTURE_ONLY,Parking media is AIGC; v2_split=DEV; no real fixed camera/route/ROI evidence. VAL/HOLDOUT media not opened.
/home/yanbo/net_vlm_xunjian_dataset/00_raw/ai_generated/images/20260902_ai_generated_parking_order_violation_pov_b1_397/IMG_007607.png,ai_generated,true,false,,,1920,1080,9198d82b32dfc866408f596923e69bbd70c793c65b30499bff36617ae060a6af,media.csv:media_id=IMG_007607;capture_batch=20260902_ai_generated_parking_order_violation_pov_b1_397;scenario_id=POV_PARKING_B1_P03_SPAN_TWO_BAYS;v2_split=VAL,false,Parking media is AIGC; v2_split=VAL; no real fixed camera/route/ROI evidence. VAL/HOLDOUT media not opened.
/home/yanbo/net_vlm_xunjian_dataset/00_raw/ai_generated/images/20260902_ai_generated_parking_order_violation_pov_b1_397/IMG_007608.png,ai_generated,true,false,,,1920,1080,df6ffb2e8589f7942fa241c23f9e218430e62660aeac09d6575dbe50a0f14bfe,media.csv:media_id=IMG_007608;capture_batch=20260902_ai_generated_parking_order_violation_pov_b1_397;scenario_id=POV_PARKING_B1_P03_SPAN_TWO_BAYS;v2_split=DEV,AIGC_FIXTURE_ONLY,Parking media is AIGC; v2_split=DEV; no real fixed camera/route/ROI evidence. VAL/HOLDOUT media not opened.
/home/yanbo/net_vlm_xunjian_dataset/00_raw/ai_generated/images/20260902_ai_generated_parking_order_violation_pov_b1_397/IMG_007609.png,ai_generated,true,false,,,1920,1080,236d951dfc01322bc9d3b60bed45858069e40ae2fa1796feba4c08e312f9274f,media.csv:media_id=IMG_007609;capture_batch=20260902_ai_generated_parking_order_violation_pov_b1_397;scenario_id=POV_PARKING_B1_P03_SPAN_TWO_BAYS;v2_split=DEV,AIGC_FIXTURE_ONLY,Parking media is AIGC; v2_split=DEV; no real fixed camera/route/ROI evidence. VAL/HOLDOUT media not opened.
/home/yanbo/net_vlm_xunjian_dataset/00_raw/ai_generated/images/20260902_ai_generated_parking_order_violation_pov_b1_397/IMG_007610.png,ai_generated,true,false,,,1920,1080,16cf61f70daa8b8dbc7c1432b2ce9dad8e9d6bf9e68bcbd068f50e8368f872e6,media.csv:media_id=IMG_007610;capture_batch=20260902_ai_generated_parking_order_violation_pov_b1_397;scenario_id=POV_PARKING_B1_P03_SPAN_TWO_BAYS;v2_split=DEV,AIGC_FIXTURE_ONLY,Parking media is AIGC; v2_split=DEV; no real fixed camera/route/ROI evidence. VAL/HOLDOUT media not opened.
/home/yanbo/net_vlm_xunjian_dataset/00_raw/ai_generated/images/20260902_ai_generated_parking_order_violation_pov_b1_397/IMG_007611.png,ai_generated,true,false,,,1920,1080,35a5959bc49b68d1c99d3b86dd493860ee4d8ec8bbfc852d8a8ca0f9cbe56363,media.csv:media_id=IMG_007611;capture_batch=20260902_ai_generated_parking_order_violation_pov_b1_397;scenario_id=POV_PARKING_B1_P03_SPAN_TWO_BAYS;v2_split=DEV,AIGC_FIXTURE_ONLY,Parking media is AIGC; v2_split=DEV; no real fixed camera/route/ROI evidence. VAL/HOLDOUT media not opened.
/home/yanbo/net_vlm_xunjian_dataset/00_raw/ai_generated/images/20260902_ai_generated_parking_order_violation_pov_b1_397/IMG_007612.png,ai_generated,true,false,,,1920,1080,b53ab51e67c6e4ca7a8e02874469dc3c0b7563c0d08cf91ec0c0e9c0d18f0af1,media.csv:media_id=IMG_007612;capture_batch=20260902_ai_generated_parking_order_violation_pov_b1_397;scenario_id=POV_PARKING_B1_P03_SPAN_TWO_BAYS;v2_split=DEV,AIGC_FIXTURE_ONLY,Parking media is AIGC; v2_split=DEV; no real fixed camera/route/ROI evidence. VAL/HOLDOUT media not opened.
/home/yanbo/net_vlm_xunjian_dataset/00_raw/ai_generated/images/20260902_ai_generated_parking_order_violation_pov_b1_397/IMG_007613.png,ai_generated,true,false,,,1920,1080,cee5d2e3ead7b33fa83e56cf17f64e77c7d456882e83467b84fae061dc036b51,media.csv:media_id=IMG_007613;capture_batch=20260902_ai_generated_parking_order_violation_pov_b1_397;scenario_id=POV_PARKING_B1_P03_SPAN_TWO_BAYS;v2_split=VAL,false,Parking media is AIGC; v2_split=VAL; no real fixed camera/route/ROI evidence. VAL/HOLDOUT media not opened.
/home/yanbo/net_vlm_xunjian_dataset/00_raw/ai_generated/images/20260902_ai_generated_parking_order_violation_pov_b1_397/IMG_007614.png,ai_generated,true,false,,,1920,1080,cfe67b86fa6c9a46c86855b7de812fb8c9b39be7d159d078b04308888371e80d,media.csv:media_id=IMG_007614;capture_batch=20260902_ai_generated_parking_order_violation_pov_b1_397;scenario_id=POV_PARKING_B1_P03_SPAN_TWO_BAYS;v2_split=DEV,AIGC_FIXTURE_ONLY,Parking media is AIGC; v2_split=DEV; no real fixed camera/route/ROI evidence. VAL/HOLDOUT media not opened.
/home/yanbo/net_vlm_xunjian_dataset/00_raw/ai_generated/images/20260902_ai_generated_parking_order_violation_pov_b1_397/IMG_007615.png,ai_generated,true,false,,,1920,1080,5eaac191f6729fbb18f737c783ad7bb3124a9e7f06cb80f33e551e64c84e8641,media.csv:media_id=IMG_007615;capture_batch=20260902_ai_generated_parking_order_violation_pov_b1_397;scenario_id=POV_PARKING_B1_P03_SPAN_TWO_BAYS;v2_split=DEV,AIGC_FIXTURE_ONLY,Parking media is AIGC; v2_split=DEV; no real fixed camera/route/ROI evidence. VAL/HOLDOUT media not opened.
/home/yanbo/net_vlm_xunjian_dataset/00_raw/ai_generated/images/20260902_ai_generated_parking_order_violation_pov_b1_397/IMG_007616.png,ai_generated,true,false,,,1920,1080,a69fa502b5e9eb5e6ef18a7c94eb7b3c4dad756ca5ff53f40beb6b795eea4da1,media.csv:media_id=IMG_007616;capture_batch=20260902_ai_generated_parking_order_violation_pov_b1_397;scenario_id=POV_PARKING_B1_P03_SPAN_TWO_BAYS;v2_split=HOLDOUT,false,Parking media is AIGC; v2_split=HOLDOUT; no real fixed camera/route/ROI evidence. VAL/HOLDOUT media not opened.
/home/yanbo/net_vlm_xunjian_dataset/00_raw/ai_generated/images/20260902_ai_generated_parking_order_violation_pov_b1_397/IMG_007617.png,ai_generated,true,false,,,1920,1080,bb9f96e8a24c76741e99cbcfb0bb0bbec45c15a731eb4003a50a8b49fc72be18,media.csv:media_id=IMG_007617;capture_batch=20260902_ai_generated_parking_order_violation_pov_b1_397;scenario_id=POV_PARKING_B1_P03_SPAN_TWO_BAYS;v2_split=DEV,AIGC_FIXTURE_ONLY,Parking media is AIGC; v2_split=DEV; no real fixed camera/route/ROI evidence. VAL/HOLDOUT media not opened.
/home/yanbo/net_vlm_xunjian_dataset/00_raw/ai_generated/images/20260902_ai_generated_parking_order_violation_pov_b1_397/IMG_007618.png,ai_generated,true,false,,,1920,1080,6b12a21764a9da63e68da431b4bdb4b7836ab76c7d96f60b60002bf740d2491f,media.csv:media_id=IMG_007618;capture_batch=20260902_ai_generated_parking_order_violation_pov_b1_397;scenario_id=POV_PARKING_B1_P03_SPAN_TWO_BAYS;v2_split=DEV,AIGC_FIXTURE_ONLY,Parking media is AIGC; v2_split=DEV; no real fixed camera/route/ROI evidence. VAL/HOLDOUT media not opened.
/home/yanbo/net_vlm_xunjian_dataset/00_raw/ai_generated/images/20260902_ai_generated_parking_order_violation_pov_b1_397/IMG_007619.png,ai_generated,true,false,,,1920,1080,96068846cd98ccfc95d2aad4e65ee6718638ee5bd1f4ef276ea33aedae784922,media.csv:media_id=IMG_007619;capture_batch=20260902_ai_generated_parking_order_violation_pov_b1_397;scenario_id=POV_PARKING_B1_P03_SPAN_TWO_BAYS;v2_split=HOLDOUT,false,Parking media is AIGC; v2_split=HOLDOUT; no real fixed camera/route/ROI evidence. VAL/HOLDOUT media not opened.
/home/yanbo/net_vlm_xunjian_dataset/00_raw/ai_generated/images/20260902_ai_generated_parking_order_violation_pov_b1_397/IMG_007620.png,ai_generated,true,false,,,1920,1080,aa1a054f53554e3cef1dab60604b3bca6011e95d443b5f78d604cf4babcdd374,media.csv:media_id=IMG_007620;capture_batch=20260902_ai_generated_parking_order_violation_pov_b1_397;scenario_id=POV_PARKING_B1_P03_SPAN_TWO_BAYS;v2_split=DEV,AIGC_FIXTURE_ONLY,Parking media is AIGC; v2_split=DEV; no real fixed camera/route/ROI evidence. VAL/HOLDOUT media not opened.
/home/yanbo/net_vlm_xunjian_dataset/00_raw/ai_generated/images/20260902_ai_generated_parking_order_violation_pov_b1_397/IMG_007621.png,ai_generated,true,false,,,1920,1080,eb6200cb0efdaaac1b287d90fdf2a072c34eef2b48f330970cc61c1227f35846,media.csv:media_id=IMG_007621;capture_batch=20260902_ai_generated_parking_order_violation_pov_b1_397;scenario_id=POV_PARKING_B1_P03_SPAN_TWO_BAYS;v2_split=DEV,AIGC_FIXTURE_ONLY,Parking media is AIGC; v2_split=DEV; no real fixed camera/route/ROI evidence. VAL/HOLDOUT media not opened.
/home/yanbo/net_vlm_xunjian_dataset/00_raw/ai_generated/images/20260902_ai_generated_parking_order_violation_pov_b1_397/IMG_007622.png,ai_generated,true,false,,,1920,1080,53076af66f4c910fb59448cdc0738959ec7a3e718f1d5013b4421e0abc6c5b15,media.csv:media_id=IMG_007622;capture_batch=20260902_ai_generated_parking_order_violation_pov_b1_397;scenario_id=POV_PARKING_B1_P03_SPAN_TWO_BAYS;v2_split=VAL,false,Parking media is AIGC; v2_split=VAL; no real fixed camera/route/ROI evidence. VAL/HOLDOUT media not opened.
/home/yanbo/net_vlm_xunjian_dataset/00_raw/ai_generated/images/20260902_ai_generated_parking_order_violation_pov_b1_397/IMG_007623.png,ai_generated,true,false,,,1920,1080,7bf6aa850dc0520e8d02c59a3aab66a37a31bfd7f1d1eca004e3e989ba5d004b,media.csv:media_id=IMG_007623;capture_batch=20260902_ai_generated_parking_order_violation_pov_b1_397;scenario_id=POV_PARKING_B1_P03_SPAN_TWO_BAYS;v2_split=HOLDOUT,false,Parking media is AIGC; v2_split=HOLDOUT; no real fixed camera/route/ROI evidence. VAL/HOLDOUT media not opened.
/home/yanbo/net_vlm_xunjian_dataset/00_raw/ai_generated/images/20260902_ai_generated_parking_order_violation_pov_b1_397/IMG_007624.png,ai_generated,true,false,,,1920,1080,fe4a1125cb54c30c5657209dbea5bc368eeeffe7eb88d45f0d82204b00f9fb01,media.csv:media_id=IMG_007624;capture_batch=20260902_ai_generated_parking_order_violation_pov_b1_397;scenario_id=POV_PARKING_B1_P04_ANGLED_FOOTPRINT_OUTSIDE;v2_split=HOLDOUT,false,Parking media is AIGC; v2_split=HOLDOUT; no real fixed camera/route/ROI evidence. VAL/HOLDOUT media not opened.
/home/yanbo/net_vlm_xunjian_dataset/00_raw/ai_generated/images/20260902_ai_generated_parking_order_violation_pov_b1_397/IMG_007625.png,ai_generated,true,false,,,1920,1080,e7c7bd212781804936bff65cc7ed0cad0a653f2cc430b564913ce69b616d3a36,media.csv:media_id=IMG_007625;capture_batch=20260902_ai_generated_parking_order_violation_pov_b1_397;scenario_id=POV_PARKING_B1_P04_ANGLED_FOOTPRINT_OUTSIDE;v2_split=DEV,AIGC_FIXTURE_ONLY,Parking media is AIGC; v2_split=DEV; no real fixed camera/route/ROI evidence. VAL/HOLDOUT media not opened.
/home/yanbo/net_vlm_xunjian_dataset/00_raw/ai_generated/images/20260902_ai_generated_parking_order_violation_pov_b1_397/IMG_007626.png,ai_generated,true,false,,,1920,1080,aa93382d3872cf38843388e36afd0119a8d72e98e4244118048a828abba47f0a,media.csv:media_id=IMG_007626;capture_batch=20260902_ai_generated_parking_order_violation_pov_b1_397;scenario_id=POV_PARKING_B1_P04_ANGLED_FOOTPRINT_OUTSIDE;v2_split=DEV,AIGC_FIXTURE_ONLY,Parking media is AIGC; v2_split=DEV; no real fixed camera/route/ROI evidence. VAL/HOLDOUT media not opened.
/home/yanbo/net_vlm_xunjian_dataset/00_raw/ai_generated/images/20260902_ai_generated_parking_order_violation_pov_b1_397/IMG_007627.png,ai_generated,true,false,,,1920,1080,49cba4d81c65ef25e6adebf7b51ea66a5e0229d582f27a4ae33f55e48b414500,media.csv:media_id=IMG_007627;capture_batch=20260902_ai_generated_parking_order_violation_pov_b1_397;scenario_id=POV_PARKING_B1_P04_ANGLED_FOOTPRINT_OUTSIDE;v2_split=DEV,AIGC_FIXTURE_ONLY,Parking media is AIGC; v2_split=DEV; no real fixed camera/route/ROI evidence. VAL/HOLDOUT media not opened.
/home/yanbo/net_vlm_xunjian_dataset/00_raw/ai_generated/images/20260902_ai_generated_parking_order_violation_pov_b1_397/IMG_007628.png,ai_generated,true,false,,,1920,1080,d70d29a03cb7a3fe66c89380722ea1fb6fee174eed80ca387387a76af7577740,media.csv:media_id=IMG_007628;capture_batch=20260902_ai_generated_parking_order_violation_pov_b1_397;scenario_id=POV_PARKING_B1_P04_ANGLED_FOOTPRINT_OUTSIDE;v2_split=VAL,false,Parking media is AIGC; v2_split=VAL; no real fixed camera/route/ROI evidence. VAL/HOLDOUT media not opened.
/home/yanbo/net_vlm_xunjian_dataset/00_raw/ai_generated/images/20260902_ai_generated_parking_order_violation_pov_b1_397/IMG_007629.png,ai_generated,true,false,,,1920,1080,53818a58bd837a7eeb47ab89faa4ec39cc1639cc427f0d00b5a1df855feba3e6,media.csv:media_id=IMG_007629;capture_batch=20260902_ai_generated_parking_order_violation_pov_b1_397;scenario_id=POV_PARKING_B1_P04_ANGLED_FOOTPRINT_OUTSIDE;v2_split=DEV,AIGC_FIXTURE_ONLY,Parking media is AIGC; v2_split=DEV; no real fixed camera/route/ROI evidence. VAL/HOLDOUT media not opened.
/home/yanbo/net_vlm_xunjian_dataset/00_raw/ai_generated/images/20260902_ai_generated_parking_order_violation_pov_b1_397/IMG_007630.png,ai_generated,true,false,,,1920,1080,03913887613c765ce4bb7bb203098fb0e3c77ab0d4725b30b0733627df4dda75,media.csv:media_id=IMG_007630;capture_batch=20260902_ai_generated_parking_order_violation_pov_b1_397;scenario_id=POV_PARKING_B1_P04_ANGLED_FOOTPRINT_OUTSIDE;v2_split=VAL,false,Parking media is AIGC; v2_split=VAL; no real fixed camera/route/ROI evidence. VAL/HOLDOUT media not opened.
/home/yanbo/net_vlm_xunjian_dataset/00_raw/ai_generated/images/20260902_ai_generated_parking_order_violation_pov_b1_397/IMG_007631.png,ai_generated,true,false,,,1920,1080,784600ca7044bd7f92aa9156ed36f1f2c775890674a1447f9263daeca1fcdc13,media.csv:media_id=IMG_007631;capture_batch=20260902_ai_generated_parking_order_violation_pov_b1_397;scenario_id=POV_PARKING_B1_P04_ANGLED_FOOTPRINT_OUTSIDE;v2_split=DEV,AIGC_FIXTURE_ONLY,Parking media is AIGC; v2_split=DEV; no real fixed camera/route/ROI evidence. VAL/HOLDOUT media not opened.
/home/yanbo/net_vlm_xunjian_dataset/00_raw/ai_generated/images/20260902_ai_generated_parking_order_violation_pov_b1_397/IMG_007632.png,ai_generated,true,false,,,1920,1080,8d02e4293f08791f1d393e8cc019802bdd83fad732be8cd72d22d722364d306c,media.csv:media_id=IMG_007632;capture_batch=20260902_ai_generated_parking_order_violation_pov_b1_397;scenario_id=POV_PARKING_B1_P04_ANGLED_FOOTPRINT_OUTSIDE;v2_split=DEV,AIGC_FIXTURE_ONLY,Parking media is AIGC; v2_split=DEV; no real fixed camera/route/ROI evidence. VAL/HOLDOUT media not opened.
/home/yanbo/net_vlm_xunjian_dataset/00_raw/ai_generated/images/20260902_ai_generated_parking_order_violation_pov_b1_397/IMG_007633.png,ai_generated,true,false,,,1920,1080,e10f3551915ec8663fee19a9e40c0f7bdb5e4d479c02b5f0677ae1ab75898e53,media.csv:media_id=IMG_007633;capture_batch=20260902_ai_generated_parking_order_violation_pov_b1_397;scenario_id=POV_PARKING_B1_P04_ANGLED_FOOTPRINT_OUTSIDE;v2_split=DEV,AIGC_FIXTURE_ONLY,Parking media is AIGC; v2_split=DEV; no real fixed camera/route/ROI evidence. VAL/HOLDOUT media not opened.
/home/yanbo/net_vlm_xunjian_dataset/00_raw/ai_generated/images/20260902_ai_generated_parking_order_violation_pov_b1_397/IMG_007634.png,ai_generated,true,false,,,1920,1080,a78e65dd12331a2134dfdd5400b7e3b4ae70c229265bd8be27b66107f2629770,media.csv:media_id=IMG_007634;capture_batch=20260902_ai_generated_parking_order_violation_pov_b1_397;scenario_id=POV_PARKING_B1_P04_ANGLED_FOOTPRINT_OUTSIDE;v2_split=DEV,AIGC_FIXTURE_ONLY,Parking media is AIGC; v2_split=DEV; no real fixed camera/route/ROI evidence. VAL/HOLDOUT media not opened.
/home/yanbo/net_vlm_xunjian_dataset/00_raw/ai_generated/images/20260902_ai_generated_parking_order_violation_pov_b1_397/IMG_007635.png,ai_generated,true,false,,,1920,1080,28fae86953947d31b4608a02225f1ceb9e247b87ace70fb69e48403fba99eb71,media.csv:media_id=IMG_007635;capture_batch=20260902_ai_generated_parking_order_violation_pov_b1_397;scenario_id=POV_PARKING_B1_P04_ANGLED_FOOTPRINT_OUTSIDE;v2_split=DEV,AIGC_FIXTURE_ONLY,Parking media is AIGC; v2_split=DEV; no real fixed camera/route/ROI evidence. VAL/HOLDOUT media not opened.
/home/yanbo/net_vlm_xunjian_dataset/00_raw/ai_generated/images/20260902_ai_generated_parking_order_violation_pov_b1_397/IMG_007636.png,ai_generated,true,false,,,1920,1080,0112e7900c62224dc550afd0e020538a838d9e99bcbace0e6b6c152e5f744988,media.csv:media_id=IMG_007636;capture_batch=20260902_ai_generated_parking_order_violation_pov_b1_397;scenario_id=POV_PARKING_B1_P04_ANGLED_FOOTPRINT_OUTSIDE;v2_split=HOLDOUT,false,Parking media is AIGC; v2_split=HOLDOUT; no real fixed camera/route/ROI evidence. VAL/HOLDOUT media not opened.
/home/yanbo/net_vlm_xunjian_dataset/00_raw/ai_generated/images/20260902_ai_generated_parking_order_violation_pov_b1_397/IMG_007637.png,ai_generated,true,false,,,1920,1080,aaed8f87b10e95beae05ff6f909e4359fab1b60944b7725298af180943975ae2,media.csv:media_id=IMG_007637;capture_batch=20260902_ai_generated_parking_order_violation_pov_b1_397;scenario_id=POV_PARKING_B1_P04_ANGLED_FOOTPRINT_OUTSIDE;v2_split=DEV,AIGC_FIXTURE_ONLY,Parking media is AIGC; v2_split=DEV; no real fixed camera/route/ROI evidence. VAL/HOLDOUT media not opened.
/home/yanbo/net_vlm_xunjian_dataset/00_raw/ai_generated/images/20260902_ai_generated_parking_order_violation_pov_b1_397/IMG_007638.png,ai_generated,true,false,,,1920,1080,3040ce8409df35a1503df1f0b924b9f113c68b95ff51b5200567903b55172e4a,media.csv:media_id=IMG_007638;capture_batch=20260902_ai_generated_parking_order_violation_pov_b1_397;scenario_id=POV_PARKING_B1_P04_ANGLED_FOOTPRINT_OUTSIDE;v2_split=HOLDOUT,false,Parking media is AIGC; v2_split=HOLDOUT; no real fixed camera/route/ROI evidence. VAL/HOLDOUT media not opened.
/home/yanbo/net_vlm_xunjian_dataset/00_raw/ai_generated/images/20260902_ai_generated_parking_order_violation_pov_b1_397/IMG_007639.png,ai_generated,true,false,,,1920,1080,29751edc722a515f66f3eebc0ebec13ff61cd907509c089245064865004f9f7b,media.csv:media_id=IMG_007639;capture_batch=20260902_ai_generated_parking_order_violation_pov_b1_397;scenario_id=POV_PARKING_B1_P04_ANGLED_FOOTPRINT_OUTSIDE;v2_split=VAL,false,Parking media is AIGC; v2_split=VAL; no real fixed camera/route/ROI evidence. VAL/HOLDOUT media not opened.
/home/yanbo/net_vlm_xunjian_dataset/00_raw/ai_generated/images/20260902_ai_generated_parking_order_violation_pov_b1_397/IMG_007640.png,ai_generated,true,false,,,1920,1080,9b8878f47b72f63e7e5c44697c0167a1a885211e736bec3a500d2f4a41f34ca2,media.csv:media_id=IMG_007640;capture_batch=20260902_ai_generated_parking_order_violation_pov_b1_397;scenario_id=POV_PARKING_B1_P04_ANGLED_FOOTPRINT_OUTSIDE;v2_split=VAL,false,Parking media is AIGC; v2_split=VAL; no real fixed camera/route/ROI evidence. VAL/HOLDOUT media not opened.
/home/yanbo/net_vlm_xunjian_dataset/00_raw/ai_generated/images/20260902_ai_generated_parking_order_violation_pov_b1_397/IMG_007641.png,ai_generated,true,false,,,1920,1080,9d491f3d3ff3f01d8bccf586785493f25bcd52a60104c6be7f4ce496674e63bf,media.csv:media_id=IMG_007641;capture_batch=20260902_ai_generated_parking_order_violation_pov_b1_397;scenario_id=POV_PARKING_B1_P04_ANGLED_FOOTPRINT_OUTSIDE;v2_split=VAL,false,Parking media is AIGC; v2_split=VAL; no real fixed camera/route/ROI evidence. VAL/HOLDOUT media not opened.
/home/yanbo/net_vlm_xunjian_dataset/00_raw/ai_generated/images/20260902_ai_generated_parking_order_violation_pov_b1_397/IMG_007642.png,ai_generated,true,false,,,1920,1080,0e789f4a7772487609238a3cc4e05db88429834b06d22bf29b97546184e47981,media.csv:media_id=IMG_007642;capture_batch=20260902_ai_generated_parking_order_violation_pov_b1_397;scenario_id=POV_PARKING_B1_P04_ANGLED_FOOTPRINT_OUTSIDE;v2_split=DEV,AIGC_FIXTURE_ONLY,Parking media is AIGC; v2_split=DEV; no real fixed camera/route/ROI evidence. VAL/HOLDOUT media not opened.
/home/yanbo/net_vlm_xunjian_dataset/00_raw/ai_generated/images/20260902_ai_generated_parking_order_violation_pov_b1_397/IMG_007643.png,ai_generated,true,false,,,1920,1080,e7c5feaecd7038f95cd9975768ca70843082c4e1c3962e5cf4b3c3bd15327d86,media.csv:media_id=IMG_007643;capture_batch=20260902_ai_generated_parking_order_violation_pov_b1_397;scenario_id=POV_PARKING_B1_P04_ANGLED_FOOTPRINT_OUTSIDE;v2_split=DEV,AIGC_FIXTURE_ONLY,Parking media is AIGC; v2_split=DEV; no real fixed camera/route/ROI evidence. VAL/HOLDOUT media not opened.
/home/yanbo/net_vlm_xunjian_dataset/00_raw/ai_generated/images/20260902_ai_generated_parking_order_violation_pov_b1_397/IMG_007644.png,ai_generated,true,false,,,1920,1080,1059ab4a00bd615a866389b6fb68f64782dc13698d14f6bb344514f71c58b7ea,media.csv:media_id=IMG_007644;capture_batch=20260902_ai_generated_parking_order_violation_pov_b1_397;scenario_id=POV_PARKING_B1_P04_ANGLED_FOOTPRINT_OUTSIDE;v2_split=DEV,AIGC_FIXTURE_ONLY,Parking media is AIGC; v2_split=DEV; no real fixed camera/route/ROI evidence. VAL/HOLDOUT media not opened.
/home/yanbo/net_vlm_xunjian_dataset/00_raw/ai_generated/images/20260902_ai_generated_parking_order_violation_pov_b1_397/IMG_007645.png,ai_generated,true,false,,,1920,1080,17eca2f5c9c4113a83e593d398a0d4cef301c08d8b85a2ee6207f9f6d6801c51,media.csv:media_id=IMG_007645;capture_batch=20260902_ai_generated_parking_order_violation_pov_b1_397;scenario_id=POV_PARKING_B1_P04_ANGLED_FOOTPRINT_OUTSIDE;v2_split=HOLDOUT,false,Parking media is AIGC; v2_split=HOLDOUT; no real fixed camera/route/ROI evidence. VAL/HOLDOUT media not opened.
/home/yanbo/net_vlm_xunjian_dataset/00_raw/ai_generated/images/20260902_ai_generated_parking_order_violation_pov_b1_397/IMG_007646.png,ai_generated,true,false,,,1920,1080,bf555a51d60a01737ce8e94cfc3a259113a12e4aec96f89eb5b42abc8d4fd0c9,media.csv:media_id=IMG_007646;capture_batch=20260902_ai_generated_parking_order_violation_pov_b1_397;scenario_id=POV_PARKING_B1_P04_ANGLED_FOOTPRINT_OUTSIDE;v2_split=DEV,AIGC_FIXTURE_ONLY,Parking media is AIGC; v2_split=DEV; no real fixed camera/route/ROI evidence. VAL/HOLDOUT media not opened.
/home/yanbo/net_vlm_xunjian_dataset/00_raw/ai_generated/images/20260902_ai_generated_parking_order_violation_pov_b1_397/IMG_007647.png,ai_generated,true,false,,,1920,1080,acb8803cbfb955dc0a72690c938c86f7ca8a561fcce3ede8e58514f288819b02,media.csv:media_id=IMG_007647;capture_batch=20260902_ai_generated_parking_order_violation_pov_b1_397;scenario_id=POV_PARKING_B1_P05_MULTI_VEHICLE_AT_LEAST_ONE_VIOLATION;v2_split=DEV,AIGC_FIXTURE_ONLY,Parking media is AIGC; v2_split=DEV; no real fixed camera/route/ROI evidence. VAL/HOLDOUT media not opened.
/home/yanbo/net_vlm_xunjian_dataset/00_raw/ai_generated/images/20260902_ai_generated_parking_order_violation_pov_b1_397/IMG_007648.png,ai_generated,true,false,,,1920,1080,2c4bbbf931299b88f97710ca859b17807cee73231eac4a0dc32c344d57e2b415,media.csv:media_id=IMG_007648;capture_batch=20260902_ai_generated_parking_order_violation_pov_b1_397;scenario_id=POV_PARKING_B1_P05_MULTI_VEHICLE_AT_LEAST_ONE_VIOLATION;v2_split=DEV,AIGC_FIXTURE_ONLY,Parking media is AIGC; v2_split=DEV; no real fixed camera/route/ROI evidence. VAL/HOLDOUT media not opened.
/home/yanbo/net_vlm_xunjian_dataset/00_raw/ai_generated/images/20260902_ai_generated_parking_order_violation_pov_b1_397/IMG_007649.png,ai_generated,true,false,,,1920,1080,310499ed3c9550849ae6784061779b520f92c9367709d996fa98d4966d2261e8,media.csv:media_id=IMG_007649;capture_batch=20260902_ai_generated_parking_order_violation_pov_b1_397;scenario_id=POV_PARKING_B1_P05_MULTI_VEHICLE_AT_LEAST_ONE_VIOLATION;v2_split=VAL,false,Parking media is AIGC; v2_split=VAL; no real fixed camera/route/ROI evidence. VAL/HOLDOUT media not opened.
/home/yanbo/net_vlm_xunjian_dataset/00_raw/ai_generated/images/20260902_ai_generated_parking_order_violation_pov_b1_397/IMG_007650.png,ai_generated,true,false,,,1920,1080,707813ea7a7b2f00c73a07b4bda1a6467a0e6390bba6dfa883b1831d9dbd2739,media.csv:media_id=IMG_007650;capture_batch=20260902_ai_generated_parking_order_violation_pov_b1_397;scenario_id=POV_PARKING_B1_P05_MULTI_VEHICLE_AT_LEAST_ONE_VIOLATION;v2_split=DEV,AIGC_FIXTURE_ONLY,Parking media is AIGC; v2_split=DEV; no real fixed camera/route/ROI evidence. VAL/HOLDOUT media not opened.
/home/yanbo/net_vlm_xunjian_dataset/00_raw/ai_generated/images/20260902_ai_generated_parking_order_violation_pov_b1_397/IMG_007651.png,ai_generated,true,false,,,1920,1080,47d4eb825dadd64d74981785a3b057daf44143f2aa3115781da47922cbc8a7e5,media.csv:media_id=IMG_007651;capture_batch=20260902_ai_generated_parking_order_violation_pov_b1_397;scenario_id=POV_PARKING_B1_P05_MULTI_VEHICLE_AT_LEAST_ONE_VIOLATION;v2_split=HOLDOUT,false,Parking media is AIGC; v2_split=HOLDOUT; no real fixed camera/route/ROI evidence. VAL/HOLDOUT media not opened.
/home/yanbo/net_vlm_xunjian_dataset/00_raw/ai_generated/images/20260902_ai_generated_parking_order_violation_pov_b1_397/IMG_007652.png,ai_generated,true,false,,,1920,1080,051cf35297a38c1ad2ae3f3ff27c6de0d70e34101e77d06e4526557ab1c25d2c,media.csv:media_id=IMG_007652;capture_batch=20260902_ai_generated_parking_order_violation_pov_b1_397;scenario_id=POV_PARKING_B1_P05_MULTI_VEHICLE_AT_LEAST_ONE_VIOLATION;v2_split=DEV,AIGC_FIXTURE_ONLY,Parking media is AIGC; v2_split=DEV; no real fixed camera/route/ROI evidence. VAL/HOLDOUT media not opened.
/home/yanbo/net_vlm_xunjian_dataset/00_raw/ai_generated/images/20260902_ai_generated_parking_order_violation_pov_b1_397/IMG_007653.png,ai_generated,true,false,,,1920,1080,4013ad94646bf8980504bf5cd6d53caa1f838a33e7a64fe559e863b8f210db38,media.csv:media_id=IMG_007653;capture_batch=20260902_ai_generated_parking_order_violation_pov_b1_397;scenario_id=POV_PARKING_B1_P05_MULTI_VEHICLE_AT_LEAST_ONE_VIOLATION;v2_split=HOLDOUT,false,Parking media is AIGC; v2_split=HOLDOUT; no real fixed camera/route/ROI evidence. VAL/HOLDOUT media not opened.
/home/yanbo/net_vlm_xunjian_dataset/00_raw/ai_generated/images/20260902_ai_generated_parking_order_violation_pov_b1_397/IMG_007654.png,ai_generated,true,false,,,1920,1080,cb02df1970bfbfef7fc91fa5f26b649261b1a0abc993a9e7d138eeae709aed0b,media.csv:media_id=IMG_007654;capture_batch=20260902_ai_generated_parking_order_violation_pov_b1_397;scenario_id=POV_PARKING_B1_P05_MULTI_VEHICLE_AT_LEAST_ONE_VIOLATION;v2_split=DEV,AIGC_FIXTURE_ONLY,Parking media is AIGC; v2_split=DEV; no real fixed camera/route/ROI evidence. VAL/HOLDOUT media not opened.
/home/yanbo/net_vlm_xunjian_dataset/00_raw/ai_generated/images/20260902_ai_generated_parking_order_violation_pov_b1_397/IMG_007655.png,ai_generated,true,false,,,1920,1080,f2ae84613c6081fd7ad6517c3b54aee12af12e9ea22e99b023d785c59c2bbf84,media.csv:media_id=IMG_007655;capture_batch=20260902_ai_generated_parking_order_violation_pov_b1_397;scenario_id=POV_PARKING_B1_P05_MULTI_VEHICLE_AT_LEAST_ONE_VIOLATION;v2_split=DEV,AIGC_FIXTURE_ONLY,Parking media is AIGC; v2_split=DEV; no real fixed camera/route/ROI evidence. VAL/HOLDOUT media not opened.
/home/yanbo/net_vlm_xunjian_dataset/00_raw/ai_generated/images/20260902_ai_generated_parking_order_violation_pov_b1_397/IMG_007656.png,ai_generated,true,false,,,1920,1080,3490ca5ba3b4a7be56d614e5c2d17056dcf630fd3160b6e42bb27c6136473f3a,media.csv:media_id=IMG_007656;capture_batch=20260902_ai_generated_parking_order_violation_pov_b1_397;scenario_id=POV_PARKING_B1_P05_MULTI_VEHICLE_AT_LEAST_ONE_VIOLATION;v2_split=DEV,AIGC_FIXTURE_ONLY,Parking media is AIGC; v2_split=DEV; no real fixed camera/route/ROI evidence. VAL/HOLDOUT media not opened.
/home/yanbo/net_vlm_xunjian_dataset/00_raw/ai_generated/images/20260902_ai_generated_parking_order_violation_pov_b1_397/IMG_007657.png,ai_generated,true,false,,,1920,1080,2e420db62aa2008e456652b76f3554fdaa62afb939fe471a1662e1543ae8ca21,media.csv:media_id=IMG_007657;capture_batch=20260902_ai_generated_parking_order_violation_pov_b1_397;scenario_id=POV_PARKING_B1_P05_MULTI_VEHICLE_AT_LEAST_ONE_VIOLATION;v2_split=HOLDOUT,false,Parking media is AIGC; v2_split=HOLDOUT; no real fixed camera/route/ROI evidence. VAL/HOLDOUT media not opened.
/home/yanbo/net_vlm_xunjian_dataset/00_raw/ai_generated/images/20260902_ai_generated_parking_order_violation_pov_b1_397/IMG_007658.png,ai_generated,true,false,,,1920,1080,b342ab3fa54b278ed3df9f1422768a78ef039394c61b9e83f29c4ed8df3c5e92,media.csv:media_id=IMG_007658;capture_batch=20260902_ai_generated_parking_order_violation_pov_b1_397;scenario_id=POV_PARKING_B1_P05_MULTI_VEHICLE_AT_LEAST_ONE_VIOLATION;v2_split=DEV,AIGC_FIXTURE_ONLY,Parking media is AIGC; v2_split=DEV; no real fixed camera/route/ROI evidence. VAL/HOLDOUT media not opened.
/home/yanbo/net_vlm_xunjian_dataset/00_raw/ai_generated/images/20260902_ai_generated_parking_order_violation_pov_b1_397/IMG_007659.png,ai_generated,true,false,,,1920,1080,5d508341af52912d206632c94b9f5d63c601f83c6f2cbe70d93800c78ed5d59c,media.csv:media_id=IMG_007659;capture_batch=20260902_ai_generated_parking_order_violation_pov_b1_397;scenario_id=POV_PARKING_B1_P05_MULTI_VEHICLE_AT_LEAST_ONE_VIOLATION;v2_split=DEV,AIGC_FIXTURE_ONLY,Parking media is AIGC; v2_split=DEV; no real fixed camera/route/ROI evidence. VAL/HOLDOUT media not opened.
/home/yanbo/net_vlm_xunjian_dataset/00_raw/ai_generated/images/20260902_ai_generated_parking_order_violation_pov_b1_397/IMG_007660.png,ai_generated,true,false,,,1920,1080,28741c9d963fc398840356cb9879899e39b0a9f669eae247ae203c416a7e9b93,media.csv:media_id=IMG_007660;capture_batch=20260902_ai_generated_parking_order_violation_pov_b1_397;scenario_id=POV_PARKING_B1_P05_MULTI_VEHICLE_AT_LEAST_ONE_VIOLATION;v2_split=VAL,false,Parking media is AIGC; v2_split=VAL; no real fixed camera/route/ROI evidence. VAL/HOLDOUT media not opened.
/home/yanbo/net_vlm_xunjian_dataset/00_raw/ai_generated/images/20260902_ai_generated_parking_order_violation_pov_b1_397/IMG_007661.png,ai_generated,true,false,,,1920,1080,beaa3b6552e92a51eb1e0fd521dd742306700cd09b1fa722e379806b8f9c3cc0,media.csv:media_id=IMG_007661;capture_batch=20260902_ai_generated_parking_order_violation_pov_b1_397;scenario_id=POV_PARKING_B1_P05_MULTI_VEHICLE_AT_LEAST_ONE_VIOLATION;v2_split=DEV,AIGC_FIXTURE_ONLY,Parking media is AIGC; v2_split=DEV; no real fixed camera/route/ROI evidence. VAL/HOLDOUT media not opened.
/home/yanbo/net_vlm_xunjian_dataset/00_raw/ai_generated/images/20260902_ai_generated_parking_order_violation_pov_b1_397/IMG_007662.png,ai_generated,true,false,,,1920,1080,3a1547f1a5538972cf11f0076c703ad9d88591700a9290af3498a834d3b84437,media.csv:media_id=IMG_007662;capture_batch=20260902_ai_generated_parking_order_violation_pov_b1_397;scenario_id=POV_PARKING_B1_P05_MULTI_VEHICLE_AT_LEAST_ONE_VIOLATION;v2_split=VAL,false,Parking media is AIGC; v2_split=VAL; no real fixed camera/route/ROI evidence. VAL/HOLDOUT media not opened.
/home/yanbo/net_vlm_xunjian_dataset/00_raw/ai_generated/images/20260902_ai_generated_parking_order_violation_pov_b1_397/IMG_007663.png,ai_generated,true,false,,,1920,1080,3eed2e840fd7b20730d7f7010d3848aa8d53558a787a560618d847ecdbe4117d,media.csv:media_id=IMG_007663;capture_batch=20260902_ai_generated_parking_order_violation_pov_b1_397;scenario_id=POV_PARKING_B1_P05_MULTI_VEHICLE_AT_LEAST_ONE_VIOLATION;v2_split=VAL,false,Parking media is AIGC; v2_split=VAL; no real fixed camera/route/ROI evidence. VAL/HOLDOUT media not opened.
/home/yanbo/net_vlm_xunjian_dataset/00_raw/ai_generated/images/20260902_ai_generated_parking_order_violation_pov_b1_397/IMG_007664.png,ai_generated,true,false,,,1920,1080,85c36cc890c4d967ee2f83a7432a00c10149a7a1522c1f7569ed776bf178417e,media.csv:media_id=IMG_007664;capture_batch=20260902_ai_generated_parking_order_violation_pov_b1_397;scenario_id=POV_PARKING_B1_P05_MULTI_VEHICLE_AT_LEAST_ONE_VIOLATION;v2_split=DEV,AIGC_FIXTURE_ONLY,Parking media is AIGC; v2_split=DEV; no real fixed camera/route/ROI evidence. VAL/HOLDOUT media not opened.
/home/yanbo/net_vlm_xunjian_dataset/00_raw/ai_generated/images/20260902_ai_generated_parking_order_violation_pov_b1_397/IMG_007665.png,ai_generated,true,false,,,1920,1080,99acaa870bcf567c9b87e27d38c472d6eae743614657842a19deed195379630b,media.csv:media_id=IMG_007665;capture_batch=20260902_ai_generated_parking_order_violation_pov_b1_397;scenario_id=POV_PARKING_B1_P05_MULTI_VEHICLE_AT_LEAST_ONE_VIOLATION;v2_split=DEV,AIGC_FIXTURE_ONLY,Parking media is AIGC; v2_split=DEV; no real fixed camera/route/ROI evidence. VAL/HOLDOUT media not opened.
/home/yanbo/net_vlm_xunjian_dataset/00_raw/ai_generated/images/20260902_ai_generated_parking_order_violation_pov_b1_397/IMG_007666.png,ai_generated,true,false,,,1920,1080,3aeb8a3d21872dc16afdd993b57ec38ee97a8077bb59179c724bd1176d3f82f7,media.csv:media_id=IMG_007666;capture_batch=20260902_ai_generated_parking_order_violation_pov_b1_397;scenario_id=POV_PARKING_B1_P05_MULTI_VEHICLE_AT_LEAST_ONE_VIOLATION;v2_split=HOLDOUT,false,Parking media is AIGC; v2_split=HOLDOUT; no real fixed camera/route/ROI evidence. VAL/HOLDOUT media not opened.
/home/yanbo/net_vlm_xunjian_dataset/00_raw/ai_generated/images/20260902_ai_generated_parking_order_violation_pov_b1_397/IMG_007667.png,ai_generated,true,false,,,1920,1080,cf31e9555cbf7ab14050ddd69c8c6e5ce484808ba799af57987bffdff74863a6,media.csv:media_id=IMG_007667;capture_batch=20260902_ai_generated_parking_order_violation_pov_b1_397;scenario_id=POV_PARKING_B1_P06_NOSE_OR_TAIL_INTRUDES_AISLE;v2_split=DEV,AIGC_FIXTURE_ONLY,Parking media is AIGC; v2_split=DEV; no real fixed camera/route/ROI evidence. VAL/HOLDOUT media not opened.
/home/yanbo/net_vlm_xunjian_dataset/00_raw/ai_generated/images/20260902_ai_generated_parking_order_violation_pov_b1_397/IMG_007668.png,ai_generated,true,false,,,1920,1080,823a33f3c75ca265f8a1e877793ae7886f611cf4c27b7e2842322530426d45ba,media.csv:media_id=IMG_007668;capture_batch=20260902_ai_generated_parking_order_violation_pov_b1_397;scenario_id=POV_PARKING_B1_P06_NOSE_OR_TAIL_INTRUDES_AISLE;v2_split=HOLDOUT,false,Parking media is AIGC; v2_split=HOLDOUT; no real fixed camera/route/ROI evidence. VAL/HOLDOUT media not opened.
/home/yanbo/net_vlm_xunjian_dataset/00_raw/ai_generated/images/20260902_ai_generated_parking_order_violation_pov_b1_397/IMG_007669.png,ai_generated,true,false,,,1920,1080,973c4d60be96fb1f813d494319612fb45ea68b742a98818d6ec2e361ab23cbd9,media.csv:media_id=IMG_007669;capture_batch=20260902_ai_generated_parking_order_violation_pov_b1_397;scenario_id=POV_PARKING_B1_P06_NOSE_OR_TAIL_INTRUDES_AISLE;v2_split=VAL,false,Parking media is AIGC; v2_split=VAL; no real fixed camera/route/ROI evidence. VAL/HOLDOUT media not opened.
/home/yanbo/net_vlm_xunjian_dataset/00_raw/ai_generated/images/20260902_ai_generated_parking_order_violation_pov_b1_397/IMG_007670.png,ai_generated,true,false,,,1920,1080,1187fe6b255d5ee87d4f59fc5f2a683c935d5772a8873049a853e2873bc28790,media.csv:media_id=IMG_007670;capture_batch=20260902_ai_generated_parking_order_violation_pov_b1_397;scenario_id=POV_PARKING_B1_P06_NOSE_OR_TAIL_INTRUDES_AISLE;v2_split=HOLDOUT,false,Parking media is AIGC; v2_split=HOLDOUT; no real fixed camera/route/ROI evidence. VAL/HOLDOUT media not opened.
/home/yanbo/net_vlm_xunjian_dataset/00_raw/ai_generated/images/20260902_ai_generated_parking_order_violation_pov_b1_397/IMG_007671.png,ai_generated,true,false,,,1920,1080,8c0f04a6f1dcb825818c091878dd9bf1278a055de6ef88f7bd09a5ce0fb7e201,media.csv:media_id=IMG_007671;capture_batch=20260902_ai_generated_parking_order_violation_pov_b1_397;scenario_id=POV_PARKING_B1_P06_NOSE_OR_TAIL_INTRUDES_AISLE;v2_split=VAL,false,Parking media is AIGC; v2_split=VAL; no real fixed camera/route/ROI evidence. VAL/HOLDOUT media not opened.
/home/yanbo/net_vlm_xunjian_dataset/00_raw/ai_generated/images/20260902_ai_generated_parking_order_violation_pov_b1_397/IMG_007672.png,ai_generated,true,false,,,1920,1080,9725aa8099cea39db019c02b5379a87707c1942f7fd5406e29f4c999457d9b18,media.csv:media_id=IMG_007672;capture_batch=20260902_ai_generated_parking_order_violation_pov_b1_397;scenario_id=POV_PARKING_B1_P06_NOSE_OR_TAIL_INTRUDES_AISLE;v2_split=DEV,AIGC_FIXTURE_ONLY,Parking media is AIGC; v2_split=DEV; no real fixed camera/route/ROI evidence. VAL/HOLDOUT media not opened.
/home/yanbo/net_vlm_xunjian_dataset/00_raw/ai_generated/images/20260902_ai_generated_parking_order_violation_pov_b1_397/IMG_007673.png,ai_generated,true,false,,,1920,1080,e429453485e61c4e85cf969157ace0642c13ad6f110e4b309da44ff8bee507da,media.csv:media_id=IMG_007673;capture_batch=20260902_ai_generated_parking_order_violation_pov_b1_397;scenario_id=POV_PARKING_B1_P06_NOSE_OR_TAIL_INTRUDES_AISLE;v2_split=DEV,AIGC_FIXTURE_ONLY,Parking media is AIGC; v2_split=DEV; no real fixed camera/route/ROI evidence. VAL/HOLDOUT media not opened.
/home/yanbo/net_vlm_xunjian_dataset/00_raw/ai_generated/images/20260902_ai_generated_parking_order_violation_pov_b1_397/IMG_007674.png,ai_generated,true,false,,,1920,1080,c6a3eb92e09bbf95d9f5c8ec53fa31254731a8b1c6ab082c35e1a6d5b94bdba8,media.csv:media_id=IMG_007674;capture_batch=20260902_ai_generated_parking_order_violation_pov_b1_397;scenario_id=POV_PARKING_B1_P06_NOSE_OR_TAIL_INTRUDES_AISLE;v2_split=DEV,AIGC_FIXTURE_ONLY,Parking media is AIGC; v2_split=DEV; no real fixed camera/route/ROI evidence. VAL/HOLDOUT media not opened.
/home/yanbo/net_vlm_xunjian_dataset/00_raw/ai_generated/images/20260902_ai_generated_parking_order_violation_pov_b1_397/IMG_007675.png,ai_generated,true,false,,,1920,1080,d48f89c3f3cf808779ab1cbc27a9b201d1eab407ee665ea4cc09fd60481ff2fd,media.csv:media_id=IMG_007675;capture_batch=20260902_ai_generated_parking_order_violation_pov_b1_397;scenario_id=POV_PARKING_B1_P06_NOSE_OR_TAIL_INTRUDES_AISLE;v2_split=DEV,AIGC_FIXTURE_ONLY,Parking media is AIGC; v2_split=DEV; no real fixed camera/route/ROI evidence. VAL/HOLDOUT media not opened.
/home/yanbo/net_vlm_xunjian_dataset/00_raw/ai_generated/images/20260902_ai_generated_parking_order_violation_pov_b1_397/IMG_007676.png,ai_generated,true,false,,,1920,1080,c6ed50d74f14220244fdc0139f63b385b991d76db96578c2774a0f5b5d517078,media.csv:media_id=IMG_007676;capture_batch=20260902_ai_generated_parking_order_violation_pov_b1_397;scenario_id=POV_PARKING_B1_P06_NOSE_OR_TAIL_INTRUDES_AISLE;v2_split=DEV,AIGC_FIXTURE_ONLY,Parking media is AIGC; v2_split=DEV; no real fixed camera/route/ROI evidence. VAL/HOLDOUT media not opened.
/home/yanbo/net_vlm_xunjian_dataset/00_raw/ai_generated/images/20260902_ai_generated_parking_order_violation_pov_b1_397/IMG_007677.png,ai_generated,true,false,,,1920,1080,3f3dbbee559621e532eb727d4b1332cad71ae44ab7dd48c6bf78c203ef8923f7,media.csv:media_id=IMG_007677;capture_batch=20260902_ai_generated_parking_order_violation_pov_b1_397;scenario_id=POV_PARKING_B1_U01_INSUFFICIENT_PARKING_VISUAL_EVIDENCE;v2_split=DEV,AIGC_FIXTURE_ONLY,Parking media is AIGC; v2_split=DEV; no real fixed camera/route/ROI evidence. VAL/HOLDOUT media not opened.
/home/yanbo/net_vlm_xunjian_dataset/00_raw/ai_generated/images/20260902_ai_generated_parking_order_violation_pov_b1_397/IMG_007678.png,ai_generated,true,false,,,1920,1080,21a1590bbd015f63b661f1c5ac813c7d7926e7b446df2f66e8e37e0183a73fdb,media.csv:media_id=IMG_007678;capture_batch=20260902_ai_generated_parking_order_violation_pov_b1_397;scenario_id=POV_PARKING_B1_U01_INSUFFICIENT_PARKING_VISUAL_EVIDENCE;v2_split=DEV,AIGC_FIXTURE_ONLY,Parking media is AIGC; v2_split=DEV; no real fixed camera/route/ROI evidence. VAL/HOLDOUT media not opened.
/home/yanbo/net_vlm_xunjian_dataset/00_raw/ai_generated/images/20260902_ai_generated_parking_order_violation_pov_b1_397/IMG_007679.png,ai_generated,true,false,,,1920,1080,0f0b521afbfc611616c43ab716ee46614668865cafcd148d10e32e2afd8fb77f,media.csv:media_id=IMG_007679;capture_batch=20260902_ai_generated_parking_order_violation_pov_b1_397;scenario_id=POV_PARKING_B1_U01_INSUFFICIENT_PARKING_VISUAL_EVIDENCE;v2_split=VAL,false,Parking media is AIGC; v2_split=VAL; no real fixed camera/route/ROI evidence. VAL/HOLDOUT media not opened.
/home/yanbo/net_vlm_xunjian_dataset/00_raw/ai_generated/images/20260902_ai_generated_parking_order_violation_pov_b1_397/IMG_007680.png,ai_generated,true,false,,,1920,1080,f522301464cb62292286ed99499095af00f6466440e88e273592a276fc88dfc8,media.csv:media_id=IMG_007680;capture_batch=20260902_ai_generated_parking_order_violation_pov_b1_397;scenario_id=POV_PARKING_B1_U01_INSUFFICIENT_PARKING_VISUAL_EVIDENCE;v2_split=HOLDOUT,false,Parking media is AIGC; v2_split=HOLDOUT; no real fixed camera/route/ROI evidence. VAL/HOLDOUT media not opened.
/home/yanbo/net_vlm_xunjian_dataset/00_raw/ai_generated/images/20260902_ai_generated_parking_order_violation_pov_b1_397/IMG_007681.png,ai_generated,true,false,,,1920,1080,cf8847f15e3523d406ec0d3f34239efa1c31d9036214fad22d043f1a329c96c7,media.csv:media_id=IMG_007681;capture_batch=20260902_ai_generated_parking_order_violation_pov_b1_397;scenario_id=POV_PARKING_B1_U01_INSUFFICIENT_PARKING_VISUAL_EVIDENCE;v2_split=VAL,false,Parking media is AIGC; v2_split=VAL; no real fixed camera/route/ROI evidence. VAL/HOLDOUT media not opened.
/home/yanbo/net_vlm_xunjian_dataset/00_raw/ai_generated/images/20260902_ai_generated_parking_order_violation_pov_b1_397/IMG_007682.png,ai_generated,true,false,,,1920,1080,aaa558499c3e5f6497d0c5d34b9e39e023fa64ef65859c2e422b6e867f93a24c,media.csv:media_id=IMG_007682;capture_batch=20260902_ai_generated_parking_order_violation_pov_b1_397;scenario_id=POV_PARKING_B1_U01_INSUFFICIENT_PARKING_VISUAL_EVIDENCE;v2_split=DEV,AIGC_FIXTURE_ONLY,Parking media is AIGC; v2_split=DEV; no real fixed camera/route/ROI evidence. VAL/HOLDOUT media not opened.
/home/yanbo/net_vlm_xunjian_dataset/00_raw/ai_generated/images/20260902_ai_generated_parking_order_violation_pov_b1_397/IMG_007683.png,ai_generated,true,false,,,1920,1080,8229466112e3d4ed5c1a6b4934aa506730d8dac58da5ac39331eb8803d558164,media.csv:media_id=IMG_007683;capture_batch=20260902_ai_generated_parking_order_violation_pov_b1_397;scenario_id=POV_PARKING_B1_U01_INSUFFICIENT_PARKING_VISUAL_EVIDENCE;v2_split=DEV,AIGC_FIXTURE_ONLY,Parking media is AIGC; v2_split=DEV; no real fixed camera/route/ROI evidence. VAL/HOLDOUT media not opened.
/home/yanbo/net_vlm_xunjian_dataset/00_raw/ai_generated/images/20260902_ai_generated_parking_order_violation_pov_b1_397/IMG_007684.png,ai_generated,true,false,,,1920,1080,fef2749a59f5eb3e394e8b3c66ab81e3edac3aaed4a79db1ec9f29ef14815909,media.csv:media_id=IMG_007684;capture_batch=20260902_ai_generated_parking_order_violation_pov_b1_397;scenario_id=POV_PARKING_B1_U01_INSUFFICIENT_PARKING_VISUAL_EVIDENCE;v2_split=DEV,AIGC_FIXTURE_ONLY,Parking media is AIGC; v2_split=DEV; no real fixed camera/route/ROI evidence. VAL/HOLDOUT media not opened.
/home/yanbo/net_vlm_xunjian_dataset/00_raw/ai_generated/images/20260902_ai_generated_parking_order_violation_pov_b1_397/IMG_007685.png,ai_generated,true,false,,,1920,1080,b6775937538cd3b3b0fd8b751169f2b47edf3f60cff7cf8f135d2264c668044d,media.csv:media_id=IMG_007685;capture_batch=20260902_ai_generated_parking_order_violation_pov_b1_397;scenario_id=POV_PARKING_B1_U01_INSUFFICIENT_PARKING_VISUAL_EVIDENCE;v2_split=DEV,AIGC_FIXTURE_ONLY,Parking media is AIGC; v2_split=DEV; no real fixed camera/route/ROI evidence. VAL/HOLDOUT media not opened.
/home/yanbo/net_vlm_xunjian_dataset/00_raw/ai_generated/images/20260902_ai_generated_parking_order_violation_pov_b1_397/IMG_007686.png,ai_generated,true,false,,,1920,1080,06b846f992e5e9496fb1712983f2b834aef0b42043b2e5173df22314e39e0773,media.csv:media_id=IMG_007686;capture_batch=20260902_ai_generated_parking_order_violation_pov_b1_397;scenario_id=POV_PARKING_B1_U01_INSUFFICIENT_PARKING_VISUAL_EVIDENCE;v2_split=DEV,AIGC_FIXTURE_ONLY,Parking media is AIGC; v2_split=DEV; no real fixed camera/route/ROI evidence. VAL/HOLDOUT media not opened.
/home/yanbo/net_vlm_xunjian_dataset/00_raw/ai_generated/images/20260902_ai_generated_parking_order_violation_pov_b1_397/IMG_007687.png,ai_generated,true,false,,,1920,1080,a0c79e9bd415c42fb22cd2481d2180f0c5866bf4476e880bb11e5dc0e0f6a27d,media.csv:media_id=IMG_007687;capture_batch=20260902_ai_generated_parking_order_violation_pov_b1_397;scenario_id=POV_PARKING_B1_U01_INSUFFICIENT_PARKING_VISUAL_EVIDENCE;v2_split=DEV,AIGC_FIXTURE_ONLY,Parking media is AIGC; v2_split=DEV; no real fixed camera/route/ROI evidence. VAL/HOLDOUT media not opened.
/home/yanbo/net_vlm_xunjian_dataset/00_raw/ai_generated/images/20260902_ai_generated_parking_order_violation_pov_b1_397/IMG_007688.png,ai_generated,true,false,,,1920,1080,d4a670b2b5ef209beb611494a3015ddbafc0bb6fab6770e933b1194733338166,media.csv:media_id=IMG_007688;capture_batch=20260902_ai_generated_parking_order_violation_pov_b1_397;scenario_id=POV_PARKING_B1_U01_INSUFFICIENT_PARKING_VISUAL_EVIDENCE;v2_split=DEV,AIGC_FIXTURE_ONLY,Parking media is AIGC; v2_split=DEV; no real fixed camera/route/ROI evidence. VAL/HOLDOUT media not opened.
/home/yanbo/net_vlm_xunjian_dataset/00_raw/ai_generated/images/20260902_ai_generated_parking_order_violation_pov_b1_397/IMG_007689.png,ai_generated,true,false,,,1920,1080,fba06c8e7c31d158d68ab0204bf1f340939a0cb58c4b3ee990f052804f72a0a7,media.csv:media_id=IMG_007689;capture_batch=20260902_ai_generated_parking_order_violation_pov_b1_397;scenario_id=POV_PARKING_B1_U01_INSUFFICIENT_PARKING_VISUAL_EVIDENCE;v2_split=VAL,false,Parking media is AIGC; v2_split=VAL; no real fixed camera/route/ROI evidence. VAL/HOLDOUT media not opened.
/home/yanbo/net_vlm_xunjian_dataset/00_raw/ai_generated/images/20260902_ai_generated_parking_order_violation_pov_b1_397/IMG_007690.png,ai_generated,true,false,,,1920,1080,5ff88713d806c445676322841714c699575800aff583337a26bc4f8a74988910,media.csv:media_id=IMG_007690;capture_batch=20260902_ai_generated_parking_order_violation_pov_b1_397;scenario_id=POV_PARKING_B1_U01_INSUFFICIENT_PARKING_VISUAL_EVIDENCE;v2_split=HOLDOUT,false,Parking media is AIGC; v2_split=HOLDOUT; no real fixed camera/route/ROI evidence. VAL/HOLDOUT media not opened.
/home/yanbo/net_vlm_xunjian_dataset/00_raw/ai_generated/images/20260902_ai_generated_parking_order_violation_pov_b1_397/IMG_007691.png,ai_generated,true,false,,,1920,1080,35ba786d03032c9a7ea60a35ed096c86ae2b2be8b0cac92adf0790118ee01cf7,media.csv:media_id=IMG_007691;capture_batch=20260902_ai_generated_parking_order_violation_pov_b1_397;scenario_id=POV_PARKING_B1_U01_INSUFFICIENT_PARKING_VISUAL_EVIDENCE;v2_split=HOLDOUT,false,Parking media is AIGC; v2_split=HOLDOUT; no real fixed camera/route/ROI evidence. VAL/HOLDOUT media not opened.
/home/yanbo/net_vlm_xunjian_dataset/00_raw/ai_generated/images/20260902_ai_generated_parking_order_violation_pov_b1_397/IMG_007692.png,ai_generated,true,false,,,1920,1080,57661e34744042776016b742841431e6185af6983a67939ecf322987e50ceac6,media.csv:media_id=IMG_007692;capture_batch=20260902_ai_generated_parking_order_violation_pov_b1_397;scenario_id=POV_PARKING_B1_U02_MARKINGS_SEVERELY_MISSING_OR_OCCLUDED;v2_split=DEV,AIGC_FIXTURE_ONLY,Parking media is AIGC; v2_split=DEV; no real fixed camera/route/ROI evidence. VAL/HOLDOUT media not opened.
/home/yanbo/net_vlm_xunjian_dataset/00_raw/ai_generated/images/20260902_ai_generated_parking_order_violation_pov_b1_397/IMG_007693.png,ai_generated,true,false,,,1920,1080,589a7a82fbd00ddfed2d2fda0f43dd2fc012b443527962b4681459733b262d3f,media.csv:media_id=IMG_007693;capture_batch=20260902_ai_generated_parking_order_violation_pov_b1_397;scenario_id=POV_PARKING_B1_U02_MARKINGS_SEVERELY_MISSING_OR_OCCLUDED;v2_split=DEV,AIGC_FIXTURE_ONLY,Parking media is AIGC; v2_split=DEV; no real fixed camera/route/ROI evidence. VAL/HOLDOUT media not opened.
/home/yanbo/net_vlm_xunjian_dataset/00_raw/ai_generated/images/20260902_ai_generated_parking_order_violation_pov_b1_397/IMG_007694.png,ai_generated,true,false,,,1920,1080,6287d3374d5f310bab05fad89b41fefd097e43c8502cab425b878fbdb3204f7b,media.csv:media_id=IMG_007694;capture_batch=20260902_ai_generated_parking_order_violation_pov_b1_397;scenario_id=POV_PARKING_B1_U02_MARKINGS_SEVERELY_MISSING_OR_OCCLUDED;v2_split=DEV,AIGC_FIXTURE_ONLY,Parking media is AIGC; v2_split=DEV; no real fixed camera/route/ROI evidence. VAL/HOLDOUT media not opened.
/home/yanbo/net_vlm_xunjian_dataset/00_raw/ai_generated/images/20260902_ai_generated_parking_order_violation_pov_b1_397/IMG_007695.png,ai_generated,true,false,,,1920,1080,391012385732f534a142750b006592a7dd1dafcc811c511f54a99b991a3755cf,media.csv:media_id=IMG_007695;capture_batch=20260902_ai_generated_parking_order_violation_pov_b1_397;scenario_id=POV_PARKING_B1_U02_MARKINGS_SEVERELY_MISSING_OR_OCCLUDED;v2_split=DEV,AIGC_FIXTURE_ONLY,Parking media is AIGC; v2_split=DEV; no real fixed camera/route/ROI evidence. VAL/HOLDOUT media not opened.
/home/yanbo/net_vlm_xunjian_dataset/00_raw/ai_generated/images/20260902_ai_generated_parking_order_violation_pov_b1_397/IMG_007696.png,ai_generated,true,false,,,1920,1080,4e4cba98d3fdd61ac2751c50ce2f459212c6df6f05ac56e19550e320f3cbd703,media.csv:media_id=IMG_007696;capture_batch=20260902_ai_generated_parking_order_violation_pov_b1_397;scenario_id=POV_PARKING_B1_U02_MARKINGS_SEVERELY_MISSING_OR_OCCLUDED;v2_split=HOLDOUT,false,Parking media is AIGC; v2_split=HOLDOUT; no real fixed camera/route/ROI evidence. VAL/HOLDOUT media not opened.
/home/yanbo/net_vlm_xunjian_dataset/00_raw/ai_generated/images/20260902_ai_generated_parking_order_violation_pov_b1_397/IMG_007697.png,ai_generated,true,false,,,1920,1080,c82ed00f0031e4446e7c201ce3bdf2500e7977645be58af633adf6c296bb4a2c,media.csv:media_id=IMG_007697;capture_batch=20260902_ai_generated_parking_order_violation_pov_b1_397;scenario_id=POV_PARKING_B1_U02_MARKINGS_SEVERELY_MISSING_OR_OCCLUDED;v2_split=DEV,AIGC_FIXTURE_ONLY,Parking media is AIGC; v2_split=DEV; no real fixed camera/route/ROI evidence. VAL/HOLDOUT media not opened.
/home/yanbo/net_vlm_xunjian_dataset/00_raw/ai_generated/images/20260902_ai_generated_parking_order_violation_pov_b1_397/IMG_007698.png,ai_generated,true,false,,,1920,1080,2edf152b66dfdbbc0348ffd2ff49539d13f78f049b6f90c5fca107827cba14e3,media.csv:media_id=IMG_007698;capture_batch=20260902_ai_generated_parking_order_violation_pov_b1_397;scenario_id=POV_PARKING_B1_U02_MARKINGS_SEVERELY_MISSING_OR_OCCLUDED;v2_split=HOLDOUT,false,Parking media is AIGC; v2_split=HOLDOUT; no real fixed camera/route/ROI evidence. VAL/HOLDOUT media not opened.
/home/yanbo/net_vlm_xunjian_dataset/00_raw/ai_generated/images/20260902_ai_generated_parking_order_violation_pov_b1_397/IMG_007699.png,ai_generated,true,false,,,1920,1080,8db006816393db986145a6e088d3e401d9ba20088c91021a7b55c9a11f2be2cb,media.csv:media_id=IMG_007699;capture_batch=20260902_ai_generated_parking_order_violation_pov_b1_397;scenario_id=POV_PARKING_B1_U02_MARKINGS_SEVERELY_MISSING_OR_OCCLUDED;v2_split=VAL,false,Parking media is AIGC; v2_split=VAL; no real fixed camera/route/ROI evidence. VAL/HOLDOUT media not opened.
/home/yanbo/net_vlm_xunjian_dataset/00_raw/ai_generated/images/20260902_ai_generated_parking_order_violation_pov_b1_397/IMG_007700.png,ai_generated,true,false,,,1920,1080,142097accb45b37171295dcea4883fd59a6d6dd6200ec94c65276022e955568d,media.csv:media_id=IMG_007700;capture_batch=20260902_ai_generated_parking_order_violation_pov_b1_397;scenario_id=POV_PARKING_B1_U02_MARKINGS_SEVERELY_MISSING_OR_OCCLUDED;v2_split=DEV,AIGC_FIXTURE_ONLY,Parking media is AIGC; v2_split=DEV; no real fixed camera/route/ROI evidence. VAL/HOLDOUT media not opened.
/home/yanbo/net_vlm_xunjian_dataset/00_raw/ai_generated/images/20260902_ai_generated_parking_order_violation_pov_b1_397/IMG_007701.png,ai_generated,true,false,,,1920,1080,cb8d86b2aa780f8de43e7a287486e86e7a30a8f9d8fa15f21fee5bb67a61c2bb,media.csv:media_id=IMG_007701;capture_batch=20260902_ai_generated_parking_order_violation_pov_b1_397;scenario_id=POV_PARKING_B1_U02_MARKINGS_SEVERELY_MISSING_OR_OCCLUDED;v2_split=VAL,false,Parking media is AIGC; v2_split=VAL; no real fixed camera/route/ROI evidence. VAL/HOLDOUT media not opened.
/home/yanbo/net_vlm_xunjian_dataset/00_raw/ai_generated/images/20260902_ai_generated_parking_order_violation_pov_b1_397/IMG_007702.png,ai_generated,true,false,,,1920,1080,c8dc34276c63f0048a5b169d426bdbe112e190a95ab64284f30b000bd950195a,media.csv:media_id=IMG_007702;capture_batch=20260902_ai_generated_parking_order_violation_pov_b1_397;scenario_id=POV_PARKING_B1_U03_VEHICLE_CUT_BY_FRAME_EDGE;v2_split=DEV,AIGC_FIXTURE_ONLY,Parking media is AIGC; v2_split=DEV; no real fixed camera/route/ROI evidence. VAL/HOLDOUT media not opened.
/home/yanbo/net_vlm_xunjian_dataset/00_raw/ai_generated/images/20260902_ai_generated_parking_order_violation_pov_b1_397/IMG_007703.png,ai_generated,true,false,,,1920,1080,92d4b4bc2d621b8dd53587d171504928f57dfdc3355176f113a161adc3500cd5,media.csv:media_id=IMG_007703;capture_batch=20260902_ai_generated_parking_order_violation_pov_b1_397;scenario_id=POV_PARKING_B1_U03_VEHICLE_CUT_BY_FRAME_EDGE;v2_split=VAL,false,Parking media is AIGC; v2_split=VAL; no real fixed camera/route/ROI evidence. VAL/HOLDOUT media not opened.
/home/yanbo/net_vlm_xunjian_dataset/00_raw/ai_generated/images/20260902_ai_generated_parking_order_violation_pov_b1_397/IMG_007704.png,ai_generated,true,false,,,1920,1080,84728b5b12ea93b026bd9e2c8b3c7fe4f4321c435431e87edc76d1fce83900d5,media.csv:media_id=IMG_007704;capture_batch=20260902_ai_generated_parking_order_violation_pov_b1_397;scenario_id=POV_PARKING_B1_U03_VEHICLE_CUT_BY_FRAME_EDGE;v2_split=DEV,AIGC_FIXTURE_ONLY,Parking media is AIGC; v2_split=DEV; no real fixed camera/route/ROI evidence. VAL/HOLDOUT media not opened.
/home/yanbo/net_vlm_xunjian_dataset/00_raw/ai_generated/images/20260902_ai_generated_parking_order_violation_pov_b1_397/IMG_007705.png,ai_generated,true,false,,,1920,1080,53d0e4fe7c5a116d117ee6744c214376bb9367a027b7f8424ea9b7d09465419e,media.csv:media_id=IMG_007705;capture_batch=20260902_ai_generated_parking_order_violation_pov_b1_397;scenario_id=POV_PARKING_B1_U03_VEHICLE_CUT_BY_FRAME_EDGE;v2_split=HOLDOUT,false,Parking media is AIGC; v2_split=HOLDOUT; no real fixed camera/route/ROI evidence. VAL/HOLDOUT media not opened.
/home/yanbo/net_vlm_xunjian_dataset/00_raw/ai_generated/images/20260902_ai_generated_parking_order_violation_pov_b1_397/IMG_007706.png,ai_generated,true,false,,,1920,1080,babb28f796bc063ebb7ad4f57a5b51cb703e893f68a2ef6c0490ca8fc56c2a3e,media.csv:media_id=IMG_007706;capture_batch=20260902_ai_generated_parking_order_violation_pov_b1_397;scenario_id=POV_PARKING_B1_U03_VEHICLE_CUT_BY_FRAME_EDGE;v2_split=DEV,AIGC_FIXTURE_ONLY,Parking media is AIGC; v2_split=DEV; no real fixed camera/route/ROI evidence. VAL/HOLDOUT media not opened.
/home/yanbo/net_vlm_xunjian_dataset/00_raw/ai_generated/images/20260902_ai_generated_parking_order_violation_pov_b1_397/IMG_007707.png,ai_generated,true,false,,,1920,1080,6b2177600d9910901fbe57e3f0fc77cb187c02641a87a4f20217f21fcd2f88a2,media.csv:media_id=IMG_007707;capture_batch=20260902_ai_generated_parking_order_violation_pov_b1_397;scenario_id=POV_PARKING_B1_U04_NIGHT_OR_BLUR_BOUNDARY_UNREADABLE;v2_split=DEV,AIGC_FIXTURE_ONLY,Parking media is AIGC; v2_split=DEV; no real fixed camera/route/ROI evidence. VAL/HOLDOUT media not opened.
/home/yanbo/net_vlm_xunjian_dataset/00_raw/ai_generated/images/20260902_ai_generated_parking_order_violation_pov_b1_397/IMG_007708.png,ai_generated,true,false,,,1920,1080,534429dcd93d2b5d78ebe7e26b7369e78f76b7c67acd3189067c94a3580394cf,media.csv:media_id=IMG_007708;capture_batch=20260902_ai_generated_parking_order_violation_pov_b1_397;scenario_id=POV_PARKING_B1_U04_NIGHT_OR_BLUR_BOUNDARY_UNREADABLE;v2_split=HOLDOUT,false,Parking media is AIGC; v2_split=HOLDOUT; no real fixed camera/route/ROI evidence. VAL/HOLDOUT media not opened.
/home/yanbo/net_vlm_xunjian_dataset/00_raw/ai_generated/images/20260902_ai_generated_parking_order_violation_pov_b1_397/IMG_007709.png,ai_generated,true,false,,,1920,1080,e919b543d841ab0a10698ec3dc13b85b812eb2fae1f187d230de5f3d291fdb44,media.csv:media_id=IMG_007709;capture_batch=20260902_ai_generated_parking_order_violation_pov_b1_397;scenario_id=POV_PARKING_B1_U04_NIGHT_OR_BLUR_BOUNDARY_UNREADABLE;v2_split=DEV,AIGC_FIXTURE_ONLY,Parking media is AIGC; v2_split=DEV; no real fixed camera/route/ROI evidence. VAL/HOLDOUT media not opened.
/home/yanbo/net_vlm_xunjian_dataset/00_raw/ai_generated/images/20260902_ai_generated_parking_order_violation_pov_b1_397/IMG_007710.png,ai_generated,true,false,,,1920,1080,58a5900c349081e06feff1c29829f52d749e9b9b4b998176ce73d4c4c2904005,media.csv:media_id=IMG_007710;capture_batch=20260902_ai_generated_parking_order_violation_pov_b1_397;scenario_id=POV_PARKING_B1_U04_NIGHT_OR_BLUR_BOUNDARY_UNREADABLE;v2_split=DEV,AIGC_FIXTURE_ONLY,Parking media is AIGC; v2_split=DEV; no real fixed camera/route/ROI evidence. VAL/HOLDOUT media not opened.
/home/yanbo/net_vlm_xunjian_dataset/00_raw/ai_generated/images/20260902_ai_generated_parking_order_violation_pov_b1_397/IMG_007711.png,ai_generated,true,false,,,1920,1080,e5c9c89f5acf869a8e94d815d7a82bce757316c13218f61fee37d6347b148db3,media.csv:media_id=IMG_007711;capture_batch=20260902_ai_generated_parking_order_violation_pov_b1_397;scenario_id=POV_PARKING_B1_U04_NIGHT_OR_BLUR_BOUNDARY_UNREADABLE;v2_split=VAL,false,Parking media is AIGC; v2_split=VAL; no real fixed camera/route/ROI evidence. VAL/HOLDOUT media not opened.
/home/yanbo/net_vlm_xunjian_dataset/00_raw/ai_generated/images/20260902_ai_generated_parking_order_violation_pov_b1_397/IMG_007712.png,ai_generated,true,false,,,1920,1080,db5e9c6da136062ae3ed002e4f973187180033a222c8af63a2897c247112c9d1,media.csv:media_id=IMG_007712;capture_batch=20260902_ai_generated_parking_order_violation_pov_b1_397;scenario_id=POV_PARKING_B1_U05_GATE_QUEUE_OR_PARKING_AMBIGUOUS;v2_split=DEV,AIGC_FIXTURE_ONLY,Parking media is AIGC; v2_split=DEV; no real fixed camera/route/ROI evidence. VAL/HOLDOUT media not opened.
/home/yanbo/net_vlm_xunjian_dataset/00_raw/ai_generated/images/20260902_ai_generated_parking_order_violation_pov_b1_397/IMG_007713.png,ai_generated,true,false,,,1920,1080,7201e1d0167c91c3d806bd8c4fd8bb01cb34975139fc9ee0c896973eff9c0259,media.csv:media_id=IMG_007713;capture_batch=20260902_ai_generated_parking_order_violation_pov_b1_397;scenario_id=POV_PARKING_B1_U05_GATE_QUEUE_OR_PARKING_AMBIGUOUS;v2_split=DEV,AIGC_FIXTURE_ONLY,Parking media is AIGC; v2_split=DEV; no real fixed camera/route/ROI evidence. VAL/HOLDOUT media not opened.
/home/yanbo/net_vlm_xunjian_dataset/00_raw/ai_generated/images/20260902_ai_generated_parking_order_violation_pov_b1_397/IMG_007714.png,ai_generated,true,false,,,1920,1080,356b3025552e46203ee9fea8d4909536a9c6949991a060e358a4d465f7c770f3,media.csv:media_id=IMG_007714;capture_batch=20260902_ai_generated_parking_order_violation_pov_b1_397;scenario_id=POV_PARKING_B1_U05_GATE_QUEUE_OR_PARKING_AMBIGUOUS;v2_split=DEV,AIGC_FIXTURE_ONLY,Parking media is AIGC; v2_split=DEV; no real fixed camera/route/ROI evidence. VAL/HOLDOUT media not opened.
/home/yanbo/net_vlm_xunjian_dataset/00_raw/ai_generated/images/20260902_ai_generated_parking_order_violation_pov_b1_397/IMG_007715.png,ai_generated,true,false,,,1920,1080,5eaef56f2121b01bb5a9951f8e1e114cd5431ac561c88aebebaaaaf85db57a59,media.csv:media_id=IMG_007715;capture_batch=20260902_ai_generated_parking_order_violation_pov_b1_397;scenario_id=POV_PARKING_B1_U05_GATE_QUEUE_OR_PARKING_AMBIGUOUS;v2_split=VAL,false,Parking media is AIGC; v2_split=VAL; no real fixed camera/route/ROI evidence. VAL/HOLDOUT media not opened.
/home/yanbo/net_vlm_xunjian_dataset/00_raw/ai_generated/images/20260902_ai_generated_parking_order_violation_pov_b1_397/IMG_007716.png,ai_generated,true,false,,,1920,1080,74e1a7b7e5c1a3cb2d8dc9610bbea15f342757730d8568cce102aea1690f0012,media.csv:media_id=IMG_007716;capture_batch=20260902_ai_generated_parking_order_violation_pov_b1_397;scenario_id=POV_PARKING_B1_U05_GATE_QUEUE_OR_PARKING_AMBIGUOUS;v2_split=HOLDOUT,false,Parking media is AIGC; v2_split=HOLDOUT; no real fixed camera/route/ROI evidence. VAL/HOLDOUT media not opened.
/home/yanbo/net_vlm_yanboversion/vlm/2fafde9d-4bf0-4f59-9702-ec238a107d6b.png,project_test_media_unknown,false,false,,,,,404e062b6ce1f8b448fa97c1a7520f0d1c60b29005f47a1b9ba3874dc2666192,production_vlm_test_media_path_scan; not treated as robot_direct evidence,false,"Project media file without parking event annotation, camera_id, route_id, or ROI calibration."
/home/yanbo/net_vlm_yanboversion/vlm/Screenshot from 2026-06-12 17-28-18.png,project_test_media_unknown,false,false,,,,,5a48c962412b0ee5f503dcca6d2188383abadcbff29d9e75a7003f2f2bb3de44,production_vlm_test_media_path_scan; not treated as robot_direct evidence,false,"Project media file without parking event annotation, camera_id, route_id, or ROI calibration."
/home/yanbo/net_vlm_yanboversion/vlm/o1.jpg,project_test_media_unknown,false,false,,,,,2bbfc030284263a7ba024e72c1fa56bc8a8b6d461a7e5d0f131ee0352a0c57b4,production_vlm_test_media_path_scan; not treated as robot_direct evidence,false,"Project media file without parking event annotation, camera_id, route_id, or ROI calibration."
/home/yanbo/net_vlm_yanboversion/vlm/stereo1.jpg,project_test_media_unknown,false,false,,,,,00e5b68a2d58b82c6b5b361149ddd7d094306a45d3a0f89b3618a119e71bbc99,production_vlm_test_media_path_scan; not treated as robot_direct evidence,false,"Project media file without parking event annotation, camera_id, route_id, or ROI calibration."
/home/yanbo/net_vlm_yanboversion/vlm/ultralytics/ultralytics/assets/bus.jpg,project_test_media_unknown,false,false,,,,,c02019c4979c191eb739ddd944445ef408dad5679acab6fd520ef9d434bfbc63,production_vlm_test_media_path_scan; not treated as robot_direct evidence,false,"Project media file without parking event annotation, camera_id, route_id, or ROI calibration."
/home/yanbo/net_vlm_yanboversion/vlm/ultralytics/ultralytics/assets/zidane.jpg,project_test_media_unknown,false,false,,,,,16d73869e3267a7d4ed00de8e860833bd1657c1b252e94c0c348277adc7b6edb,production_vlm_test_media_path_scan; not treated as robot_direct evidence,false,"Project media file without parking event annotation, camera_id, route_id, or ROI calibration."
/home/yanbo/net_vlm_yanboversion/vlm/z1.jpg,project_test_media_unknown,false,false,,,,,d26bea05796b1e0652aa8206bb1ee3943a9fdfc80d1e45a777533922c8528a9f,production_vlm_test_media_path_scan; not treated as robot_direct evidence,false,"Project media file without parking event annotation, camera_id, route_id, or ROI calibration."
/home/yanbo/net_vlm_yanboversion/vlm/z2.jpg,project_test_media_unknown,false,false,,,,,3e56382787ea8369bd9739cf0b2563283fc1a8a57d80b32d935b8993d8713acf,production_vlm_test_media_path_scan; not treated as robot_direct evidence,false,"Project media file without parking event annotation, camera_id, route_id, or ROI calibration."
/home/yanbo/net_vlm_yanboversion/vlm/z3.jpg,project_test_media_unknown,false,false,,,,,a3acb1a967d7e2c991fb92a69bb4a56213e2a66d371a864c960c8cd4bf0916b8,production_vlm_test_media_path_scan; not treated as robot_direct evidence,false,"Project media file without parking event annotation, camera_id, route_id, or ROI calibration."
/home/yanbo/net_vlm_yanboversion/vlm/z4.jpg,project_test_media_unknown,false,false,,,,,435d6e3d8f43992f80241a633806155a25c7c210751ab2d774396d5b9a886a98,production_vlm_test_media_path_scan; not treated as robot_direct evidence,false,"Project media file without parking event annotation, camera_id, route_id, or ROI calibration."
/home/yanbo/net_vlm_yanboversion/vlm/z5.jpg,project_test_media_unknown,false,false,,,,,adc09bc2213601109573f1eb34a8f4b06f7d15dd5b476bb032d7774a253a43ac,production_vlm_test_media_path_scan; not treated as robot_direct evidence,false,"Project media file without parking event annotation, camera_id, route_id, or ROI calibration."
