source_id,media_id,original_filename,relative_path,sha256,group_key,group_id,sample_role,event_label,split
1,IMG_007520,001_pov-b1-0001-p01-outside-legal-bay-clear-front-center.png,00_raw/ai_generated/images/20260902_ai_generated_parking_order_violation_pov_b1_397/IMG_007520.png,35fd6f09cc5058905dacb3e2c3098930ece62568b7cd4693b5e308e5dc326472,p01-outside-legal-bay-clear,POV_PARKING_B1_P01_OUTSIDE_LEGAL_BAY_CLEAR,positive,1,train
2,IMG_007521,002_pov-b1-0002-p01-outside-legal-bay-clear-front-left.png,00_raw/ai_generated/images/20260902_ai_generated_parking_order_violation_pov_b1_397/IMG_007521.png,0ac07929df37198dc40d070eae1572dc3dc0f3c40e6051a5fca984e999030676,p01-outside-legal-bay-clear,POV_PARKING_B1_P01_OUTSIDE_LEGAL_BAY_CLEAR,positive,1,train
3,IMG_007522,003_pov-b1-0003-p01-outside-legal-bay-clear-front-right.png,00_raw/ai_generated/images/20260902_ai_generated_parking_order_violation_pov_b1_397/IMG_007522.png,ff0a602e17a29d88005ba4c34738e4109716e0a7b507ba23a1c9141c63b10e21,p01-outside-legal-bay-clear,POV_PARKING_B1_P01_OUTSIDE_LEGAL_BAY_CLEAR,positive,1,train
4,IMG_007523,004_pov-b1-0004-p01-outside-legal-bay-clear-front-center.png,00_raw/ai_generated/images/20260902_ai_generated_parking_order_violation_pov_b1_397/IMG_007523.png,f9356a8ec08462b119432041521ee95bc38aa614c8113840ea2163a9475accfe,p01-outside-legal-bay-clear,POV_PARKING_B1_P01_OUTSIDE_LEGAL_BAY_CLEAR,positive,1,train
5,IMG_007524,005_pov-b1-0005-p01-outside-legal-bay-clear-front-left.png,00_raw/ai_generated/images/20260902_ai_generated_parking_order_violation_pov_b1_397/IMG_007524.png,262716fe416364a2a3c92434537b2182f1149ccca9ca2e6ec445c234da511fb1,p01-outside-legal-bay-clear,POV_PARKING_B1_P01_OUTSIDE_LEGAL_BAY_CLEAR,positive,1,train
6,IMG_007525,006_pov-b1-0006-p01-outside-legal-bay-clear-front-right.png,00_raw/ai_generated/images/20260902_ai_generated_parking_order_violation_pov_b1_397/IMG_007525.png,e58d1f33401fb0671f8aabb59abb2f97defe18496aa16b75ad2cb89ac1f302d1,p01-outside-legal-bay-clear,POV_PARKING_B1_P01_OUTSIDE_LEGAL_BAY_CLEAR,positive,1,train
7,IMG_007526,007_pov-b1-0007-p01-outside-legal-bay-clear-front-center.png,00_raw/ai_generated/images/20260902_ai_generated_parking_order_violation_pov_b1_397/IMG_007526.png,7e1acbb327a9f4577548c2ba93abcf0b17ee8b696f9987d4e81f34f1a8061d5f,p01-outside-legal-bay-clear,POV_PARKING_B1_P01_OUTSIDE_LEGAL_BAY_CLEAR,positive,1,train
8,IMG_007527,008_pov-b1-0008-p01-outside-legal-bay-clear-front-left.png,00_raw/ai_generated/images/20260902_ai_generated_parking_order_violation_pov_b1_397/IMG_007527.png,2e417531062eed85ca3d715a29639e0b2722bdc5346a948272de66c159b70e28,p01-outside-legal-bay-clear,POV_PARKING_B1_P01_OUTSIDE_LEGAL_BAY_CLEAR,positive,1,train
9,IMG_007528,009_pov-b1-0009-p01-outside-legal-bay-clear-front-right.png,00_raw/ai_generated/images/20260902_ai_generated_parking_order_violation_pov_b1_397/IMG_007528.png,4b94b3c00ba8a76a41e8be8de629e5378a860ea72b646fc9f2a796cac3ee7e6d,p01-outside-legal-bay-clear,POV_PARKING_B1_P01_OUTSIDE_LEGAL_BAY_CLEAR,positive,1,train
10,IMG_007529,010_pov-b1-0010-p01-outside-legal-bay-clear-front-center.png,00_raw/ai_generated/images/20260902_ai_generated_parking_order_violation_pov_b1_397/IMG_007529.png,ce0389699c20b59dc2543bc4de4bd409bd193a120353c152ccde3a99a4770d07,p01-outside-legal-bay-clear,POV_PARKING_B1_P01_OUTSIDE_LEGAL_BAY_CLEAR,positive,1,train
11,IMG_007530,011_pov-b1-0011-p01-outside-legal-bay-clear-front-left.png,00_raw/ai_generated/images/20260902_ai_generated_parking_order_violation_pov_b1_397/IMG_007530.png,b8507d3968990975963936bd9112c102ea91f8d6ee5f6860c382f3534920506f,p01-outside-legal-bay-clear,POV_PARKING_B1_P01_OUTSIDE_LEGAL_BAY_CLEAR,positive,1,train
12,IMG_007531,012_pov-b1-0012-p01-outside-legal-bay-clear-front-right.png,00_raw/ai_generated/images/20260902_ai_generated_parking_order_violation_pov_b1_397/IMG_007531.png,ad38ad7ee4e9725af3c640552f17acc6c63b0aa98be7acdf90f9d8007c8cad1b,p01-outside-legal-bay-clear,POV_PARKING_B1_P01_OUTSIDE_LEGAL_BAY_CLEAR,positive,1,train
13,IMG_007532,013_pov-b1-0013-p01-outside-legal-bay-clear-front-center.png,00_raw/ai_generated/images/20260902_ai_generated_parking_order_violation_pov_b1_397/IMG_007532.png,4afd38d31893fb9de8fab0cc246643a0c7019bfbbd2961f66cecabc4d6ab0f31,p01-outside-legal-bay-clear,POV_PARKING_B1_P01_OUTSIDE_LEGAL_BAY_CLEAR,positive,1,train
14,IMG_007533,014_pov-b1-0014-p01-outside-legal-bay-clear-front-left.png,00_raw/ai_generated/images/20260902_ai_generated_parking_order_violation_pov_b1_397/IMG_007533.png,b3edf02484db2aa4b758c813ee19476939beb85f20b3fabec56e017e89d3de0c,p01-outside-legal-bay-clear,POV_PARKING_B1_P01_OUTSIDE_LEGAL_BAY_CLEAR,positive,1,train
15,IMG_007534,015_pov-b1-0015-p01-outside-legal-bay-clear-front-right.png,00_raw/ai_generated/images/20260902_ai_generated_parking_order_violation_pov_b1_397/IMG_007534.png,47bbb813df0ec3ddce5ccabf718efd3f8ff1525ca077bf9e3b506dbd04783656,p01-outside-legal-bay-clear,POV_PARKING_B1_P01_OUTSIDE_LEGAL_BAY_CLEAR,positive,1,train
16,IMG_007535,016_pov-b1-0016-p01-outside-legal-bay-clear-front-center.png,00_raw/ai_generated/images/20260902_ai_generated_parking_order_violation_pov_b1_397/IMG_007535.png,482bb14355c7906d97f027b7b4309cc0c5dc1ebcee2645df1107d5cb418869ac,p01-outside-legal-bay-clear,POV_PARKING_B1_P01_OUTSIDE_LEGAL_BAY_CLEAR,positive,1,train
17,IMG_007536,017_pov-b1-0017-p01-outside-legal-bay-clear-front-left.png,00_raw/ai_generated/images/20260902_ai_generated_parking_order_violation_pov_b1_397/IMG_007536.png,ff8320b9fa229dbe4fb3bf943b793c1800c1922365781e5ddd47404f7e84c780,p01-outside-legal-bay-clear,POV_PARKING_B1_P01_OUTSIDE_LEGAL_BAY_CLEAR,positive,1,train
18,IMG_007537,018_pov-b1-0018-p01-outside-legal-bay-clear-front-right.png,00_raw/ai_generated/images/20260902_ai_generated_parking_order_violation_pov_b1_397/IMG_007537.png,8df3e7b0927ae55040e21ba4ee2d152e36e647a438e3f3df7f7b708dcbf77813,p01-outside-legal-bay-clear,POV_PARKING_B1_P01_OUTSIDE_LEGAL_BAY_CLEAR,positive,1,train
19,IMG_007538,019_pov-b1-0019-p01-outside-legal-bay-clear-front-center.png,00_raw/ai_generated/images/20260902_ai_generated_parking_order_violation_pov_b1_397/IMG_007538.png,012a5130dcb865060ed547fe250f200d13d11a61adaa6435e2544adf84248ae0,p01-outside-legal-bay-clear,POV_PARKING_B1_P01_OUTSIDE_LEGAL_BAY_CLEAR,positive,1,train
20,IMG_007539,020_pov-b1-0020-p01-outside-legal-bay-clear-front-left.png,00_raw/ai_generated/images/20260902_ai_generated_parking_order_violation_pov_b1_397/IMG_007539.png,572a3f79d72d397f89f226fe37d07c975c7b526d73b5b008d0c5795b9910e3d4,p01-outside-legal-bay-clear,POV_PARKING_B1_P01_OUTSIDE_LEGAL_BAY_CLEAR,positive,1,train
21,IMG_007540,021_pov-b1-0021-p01-outside-legal-bay-clear-front-right.png,00_raw/ai_generated/images/20260902_ai_generated_parking_order_violation_pov_b1_397/IMG_007540.png,b098cc06023868902c46b0ea19b4a7a8e2fd450739d9f69a0144f037ae31643f,p01-outside-legal-bay-clear,POV_PARKING_B1_P01_OUTSIDE_LEGAL_BAY_CLEAR,positive,1,train
22,IMG_007541,022_pov-b1-0022-p01-outside-legal-bay-clear-front-center.png,00_raw/ai_generated/images/20260902_ai_generated_parking_order_violation_pov_b1_397/IMG_007541.png,59dcf300c58c78766d3446ae6b83b359a220b56659706ce7385c5053d3e471d3,p01-outside-legal-bay-clear,POV_PARKING_B1_P01_OUTSIDE_LEGAL_BAY_CLEAR,positive,1,train
23,IMG_007542,023_pov-b1-0023-p01-outside-legal-bay-clear-front-left.png,00_raw/ai_generated/images/20260902_ai_generated_parking_order_violation_pov_b1_397/IMG_007542.png,627b93eb15fe18566af3499d9d1ff1b99458e8874451f36528b821f06c5388d6,p01-outside-legal-bay-clear,POV_PARKING_B1_P01_OUTSIDE_LEGAL_BAY_CLEAR,positive,1,train
24,IMG_007543,024_pov-b1-0024-p01-outside-legal-bay-clear-front-right.png,00_raw/ai_generated/images/20260902_ai_generated_parking_order_violation_pov_b1_397/IMG_007543.png,fc3ed29614f9ddaa059b1c63c12195be9c938924de18bdc061c4202411daaf29,p01-outside-legal-bay-clear,POV_PARKING_B1_P01_OUTSIDE_LEGAL_BAY_CLEAR,positive,1,train
26,IMG_007544,026_pov-b1-0026-p01-outside-legal-bay-clear-front-left.png,00_raw/ai_generated/images/20260902_ai_generated_parking_order_violation_pov_b1_397/IMG_007544.png,c246c7bb7f5a5d1f1788b5b0c2abdf6dd8c0f16ea40e6bde061d4e77d3e1767e,p01-outside-legal-bay-clear,POV_PARKING_B1_P01_OUTSIDE_LEGAL_BAY_CLEAR,positive,1,train
27,IMG_007545,027_pov-b1-0027-p01-outside-legal-bay-clear-front-right.png,00_raw/ai_generated/images/20260902_ai_generated_parking_order_violation_pov_b1_397/IMG_007545.png,8672578a0fad505fac5a631781f63dfe5d5439b3ffcc42e13f35267bf4058878,p01-outside-legal-bay-clear,POV_PARKING_B1_P01_OUTSIDE_LEGAL_BAY_CLEAR,positive,1,train
28,IMG_007546,028_pov-b1-0028-p01-outside-legal-bay-clear-front-center.png,00_raw/ai_generated/images/20260902_ai_generated_parking_order_violation_pov_b1_397/IMG_007546.png,4258c9ddfdf0fa5fd4490e5e20c0ce3b07244de0f782cbaf136e32f2c52c685d,p01-outside-legal-bay-clear,POV_PARKING_B1_P01_OUTSIDE_LEGAL_BAY_CLEAR,positive,1,train
29,IMG_007547,029_pov-b1-0029-p01-outside-legal-bay-clear-front-left.png,00_raw/ai_generated/images/20260902_ai_generated_parking_order_violation_pov_b1_397/IMG_007547.png,963a1794c8c5c7ca3f54267bcd2fc6c1c7bf0f8fd32286cf4d58edf6b5d7fe32,p01-outside-legal-bay-clear,POV_PARKING_B1_P01_OUTSIDE_LEGAL_BAY_CLEAR,positive,1,train
30,IMG_007548,030_pov-b1-0030-p01-outside-legal-bay-clear-front-right.png,00_raw/ai_generated/images/20260902_ai_generated_parking_order_violation_pov_b1_397/IMG_007548.png,4f17bdfd1fce16f4bd783575464ee74fabb2eb6ae988f25e84d044c3757ef010,p01-outside-legal-bay-clear,POV_PARKING_B1_P01_OUTSIDE_LEGAL_BAY_CLEAR,positive,1,train
31,IMG_007549,031_pov-b1-0031-p01-outside-legal-bay-clear-front-center.png,00_raw/ai_generated/images/20260902_ai_generated_parking_order_violation_pov_b1_397/IMG_007549.png,67aa0b565d19e0960719fd675a518ee02a6870494949f5eea5cfed212ec1608c,p01-outside-legal-bay-clear,POV_PARKING_B1_P01_OUTSIDE_LEGAL_BAY_CLEAR,positive,1,train
32,IMG_007550,032_pov-b1-0032-p01-outside-legal-bay-clear-front-left.png,00_raw/ai_generated/images/20260902_ai_generated_parking_order_violation_pov_b1_397/IMG_007550.png,5139a253b6d1ce8e79162844bc2560fcc29bf55dce700959e77d9e67c22eb95f,p01-outside-legal-bay-clear,POV_PARKING_B1_P01_OUTSIDE_LEGAL_BAY_CLEAR,positive,1,train
33,IMG_007551,033_pov-b1-0033-p01-outside-legal-bay-clear-front-right.png,00_raw/ai_generated/images/20260902_ai_generated_parking_order_violation_pov_b1_397/IMG_007551.png,3e649fb425db485aa2a92f42b71d46d2e1097e1060eacd886961c437d05915cc,p01-outside-legal-bay-clear,POV_PARKING_B1_P01_OUTSIDE_LEGAL_BAY_CLEAR,positive,1,train
34,IMG_007552,034_pov-b1-0034-p01-outside-legal-bay-clear-front-center.png,00_raw/ai_generated/images/20260902_ai_generated_parking_order_violation_pov_b1_397/IMG_007552.png,97932a55b037ccf310ae39eb1818d85f49ed164b4f599f90ee17b61ad5073694,p01-outside-legal-bay-clear,POV_PARKING_B1_P01_OUTSIDE_LEGAL_BAY_CLEAR,positive,1,train
35,IMG_007553,035_pov-b1-0035-p01-outside-legal-bay-clear-front-left.png,00_raw/ai_generated/images/20260902_ai_generated_parking_order_violation_pov_b1_397/IMG_007553.png,9efbabb42116c5404e59ea092da06ffb304eb6d4ab9da128bb146b8129384718,p01-outside-legal-bay-clear,POV_PARKING_B1_P01_OUTSIDE_LEGAL_BAY_CLEAR,positive,1,train
36,IMG_007554,036_pov-b1-0036-p01-outside-legal-bay-clear-front-right.png,00_raw/ai_generated/images/20260902_ai_generated_parking_order_violation_pov_b1_397/IMG_007554.png,34c443db5a3a90bccf980fc14a8a48f9275143c41dace05edeba2dfc7f9a3865,p01-outside-legal-bay-clear,POV_PARKING_B1_P01_OUTSIDE_LEGAL_BAY_CLEAR,positive,1,train
37,IMG_007555,037_pov-b1-0037-p01-outside-legal-bay-clear-front-center.png,00_raw/ai_generated/images/20260902_ai_generated_parking_order_violation_pov_b1_397/IMG_007555.png,b879ee48ab4cae9efcd4f91acd470ae42d1564602cd9b26fe99b0648632e9c30,p01-outside-legal-bay-clear,POV_PARKING_B1_P01_OUTSIDE_LEGAL_BAY_CLEAR,positive,1,train
38,IMG_007556,038_pov-b1-0038-p01-outside-legal-bay-clear-front-left.png,00_raw/ai_generated/images/20260902_ai_generated_parking_order_violation_pov_b1_397/IMG_007556.png,2d2c27149d5340b1810e71d7ee266ee662e9162fd33fe39a3b00327c6216efce,p01-outside-legal-bay-clear,POV_PARKING_B1_P01_OUTSIDE_LEGAL_BAY_CLEAR,positive,1,train
39,IMG_007557,039_pov-b1-0039-p01-outside-legal-bay-clear-front-center.png,00_raw/ai_generated/images/20260902_ai_generated_parking_order_violation_pov_b1_397/IMG_007557.png,49ead178a7d141750b6346a3db635367c4b60fb3eb6bc6c38df68af4f91ed134,p01-outside-legal-bay-clear,POV_PARKING_B1_P01_OUTSIDE_LEGAL_BAY_CLEAR,positive,1,train
40,IMG_007558,040_pov-b1-0040-p01-outside-legal-bay-clear-front-left.png,00_raw/ai_generated/images/20260902_ai_generated_parking_order_violation_pov_b1_397/IMG_007558.png,1e9b4b51182591cf840782316c7ea1cfce0cea6efc94092de7325bca41124439,p01-outside-legal-bay-clear,POV_PARKING_B1_P01_OUTSIDE_LEGAL_BAY_CLEAR,positive,1,train
41,IMG_007559,041_pov-b1-0041-p02-cross-single-boundary-line-front-center.png,00_raw/ai_generated/images/20260902_ai_generated_parking_order_violation_pov_b1_397/IMG_007559.png,f2f4a8a8e9595db41a6d5815025c881c8b22b1e0d0e04ac8822528f6c4a76b7c,p02-cross-single-boundary-line,POV_PARKING_B1_P02_CROSS_SINGLE_BOUNDARY_LINE,positive,1,train
42,IMG_007560,042_pov-b1-0042-p02-cross-single-boundary-line-front-left.png,00_raw/ai_generated/images/20260902_ai_generated_parking_order_violation_pov_b1_397/IMG_007560.png,a1709030715bf45e78216506f40ad352eeeb9c5d1f816802b697d28cbd4659ea,p02-cross-single-boundary-line,POV_PARKING_B1_P02_CROSS_SINGLE_BOUNDARY_LINE,positive,1,train
43,IMG_007561,043_pov-b1-0043-p02-cross-single-boundary-line-front-right.png,00_raw/ai_generated/images/20260902_ai_generated_parking_order_violation_pov_b1_397/IMG_007561.png,fbf0840b5295eebd50448505300464dc7a2963b90f8b16709ec4a1b94e5a4ec5,p02-cross-single-boundary-line,POV_PARKING_B1_P02_CROSS_SINGLE_BOUNDARY_LINE,positive,1,train
44,IMG_007562,044_pov-b1-0044-p02-cross-single-boundary-line-front-center.png,00_raw/ai_generated/images/20260902_ai_generated_parking_order_violation_pov_b1_397/IMG_007562.png,e98d3f068c7e7ff0d6a731ab924fff48d66316d0dcaf320ea721c3ee9aefb426,p02-cross-single-boundary-line,POV_PARKING_B1_P02_CROSS_SINGLE_BOUNDARY_LINE,positive,1,train
45,IMG_007563,045_pov-b1-0045-p02-cross-single-boundary-line-front-left.png,00_raw/ai_generated/images/20260902_ai_generated_parking_order_violation_pov_b1_397/IMG_007563.png,c8a23e574214ae421807d2fae50f3617aeedd235a07f7cbc78550a4b384bc856,p02-cross-single-boundary-line,POV_PARKING_B1_P02_CROSS_SINGLE_BOUNDARY_LINE,positive,1,train
46,IMG_007564,046_pov-b1-0046-p02-cross-single-boundary-line-front-right.png,00_raw/ai_generated/images/20260902_ai_generated_parking_order_violation_pov_b1_397/IMG_007564.png,fc06c9c4695ca7cc59409261cd0293f6e9b080ee97f9247bbbd0c4b14c150cda,p02-cross-single-boundary-line,POV_PARKING_B1_P02_CROSS_SINGLE_BOUNDARY_LINE,positive,1,train
47,IMG_007565,047_pov-b1-0047-p02-cross-single-boundary-line-front-center.png,00_raw/ai_generated/images/20260902_ai_generated_parking_order_violation_pov_b1_397/IMG_007565.png,0eacb9a070bf7cbf5561242969165c0662f30e6e46f7562ac9439da3305dc26e,p02-cross-single-boundary-line,POV_PARKING_B1_P02_CROSS_SINGLE_BOUNDARY_LINE,positive,1,train
48,IMG_007566,048_pov-b1-0048-p02-cross-single-boundary-line-front-left.png,00_raw/ai_generated/images/20260902_ai_generated_parking_order_violation_pov_b1_397/IMG_007566.png,e04d0f3a4f8673963d759b1ba3fc278174c4f9124fc60c4ac93804fdd4d8bdcf,p02-cross-single-boundary-line,POV_PARKING_B1_P02_CROSS_SINGLE_BOUNDARY_LINE,positive,1,train
49,IMG_007567,049_pov-b1-0049-p02-cross-single-boundary-line-front-right.png,00_raw/ai_generated/images/20260902_ai_generated_parking_order_violation_pov_b1_397/IMG_007567.png,2979fa0ff121e30d013e8bc2d521676102a57e5f13ac6f363ef14cc4e324a5e3,p02-cross-single-boundary-line,POV_PARKING_B1_P02_CROSS_SINGLE_BOUNDARY_LINE,positive,1,train
50,IMG_007568,050_pov-b1-0050-p02-cross-single-boundary-line-front-center.png,00_raw/ai_generated/images/20260902_ai_generated_parking_order_violation_pov_b1_397/IMG_007568.png,e193369ca3e7ed96f96f3b91ec9b44fb9d1cf273355594f42380204426ea137c,p02-cross-single-boundary-line,POV_PARKING_B1_P02_CROSS_SINGLE_BOUNDARY_LINE,positive,1,train
51,IMG_007569,051_pov-b1-0051-p02-cross-single-boundary-line-front-left.png,00_raw/ai_generated/images/20260902_ai_generated_parking_order_violation_pov_b1_397/IMG_007569.png,ecfa27073d391aeeac4957a3822e2ff300811817ea8e48e2ea812c2c63a9e1a2,p02-cross-single-boundary-line,POV_PARKING_B1_P02_CROSS_SINGLE_BOUNDARY_LINE,positive,1,train
52,IMG_007570,052_pov-b1-0052-p02-cross-single-boundary-line-front-right.png,00_raw/ai_generated/images/20260902_ai_generated_parking_order_violation_pov_b1_397/IMG_007570.png,564f57abeb11621386bd15d9a8794853f850271391be84a01e64d35f42eb0181,p02-cross-single-boundary-line,POV_PARKING_B1_P02_CROSS_SINGLE_BOUNDARY_LINE,positive,1,train
53,IMG_007571,053_pov-b1-0053-p02-cross-single-boundary-line-front-center.png,00_raw/ai_generated/images/20260902_ai_generated_parking_order_violation_pov_b1_397/IMG_007571.png,c81db39df5a6289982e45d8e87ed41d9eb32d216e0f0483503fbf43ec81ec0da,p02-cross-single-boundary-line,POV_PARKING_B1_P02_CROSS_SINGLE_BOUNDARY_LINE,positive,1,train
54,IMG_007572,054_pov-b1-0054-p02-cross-single-boundary-line-front-left.png,00_raw/ai_generated/images/20260902_ai_generated_parking_order_violation_pov_b1_397/IMG_007572.png,5648423dd5d4b40746fc3d24b3e72f003e1f64fef79ecfb5f2df7bb7707717d7,p02-cross-single-boundary-line,POV_PARKING_B1_P02_CROSS_SINGLE_BOUNDARY_LINE,positive,1,train
55,IMG_007573,055_pov-b1-0055-p02-cross-single-boundary-line-front-right.png,00_raw/ai_generated/images/20260902_ai_generated_parking_order_violation_pov_b1_397/IMG_007573.png,94a122d69ee9152d848eb7287b47c95764136fc16669b452a334cdbc1135e941,p02-cross-single-boundary-line,POV_PARKING_B1_P02_CROSS_SINGLE_BOUNDARY_LINE,positive,1,train
56,IMG_007574,056_pov-b1-0056-p02-cross-single-boundary-line-front-center.png,00_raw/ai_generated/images/20260902_ai_generated_parking_order_violation_pov_b1_397/IMG_007574.png,28e02888b85aa891b489e8211bb38f061b38ff272a51ccbe836082eaa40e9f14,p02-cross-single-boundary-line,POV_PARKING_B1_P02_CROSS_SINGLE_BOUNDARY_LINE,positive,1,train
57,IMG_007575,057_pov-b1-0057-p02-cross-single-boundary-line-front-left.png,00_raw/ai_generated/images/20260902_ai_generated_parking_order_violation_pov_b1_397/IMG_007575.png,7d5b6e5a024195be279b0ebe4892043c13be040a7e28c1cbedbe5457c298e789,p02-cross-single-boundary-line,POV_PARKING_B1_P02_CROSS_SINGLE_BOUNDARY_LINE,positive,1,train
58,IMG_007576,058_pov-b1-0058-p02-cross-single-boundary-line-front-right.png,00_raw/ai_generated/images/20260902_ai_generated_parking_order_violation_pov_b1_397/IMG_007576.png,a28e080ddb02680d63958e55fc3cca895b3e6a0d01bed541bfa62f0dc52ce903,p02-cross-single-boundary-line,POV_PARKING_B1_P02_CROSS_SINGLE_BOUNDARY_LINE,positive,1,train
59,IMG_007577,059_pov-b1-0059-p02-cross-single-boundary-line-front-center.png,00_raw/ai_generated/images/20260902_ai_generated_parking_order_violation_pov_b1_397/IMG_007577.png,570451f6eaff7c386120fd454ecfbd856370eebac5c8c689494a2d448a35f66e,p02-cross-single-boundary-line,POV_PARKING_B1_P02_CROSS_SINGLE_BOUNDARY_LINE,positive,1,train
60,IMG_007578,060_pov-b1-0060-p02-cross-single-boundary-line-front-left.png,00_raw/ai_generated/images/20260902_ai_generated_parking_order_violation_pov_b1_397/IMG_007578.png,49560707300efb2431c281a83de5b192bcbf7b363113b0b59f55aba896359d31,p02-cross-single-boundary-line,POV_PARKING_B1_P02_CROSS_SINGLE_BOUNDARY_LINE,positive,1,train
61,IMG_007579,061_pov-b1-0061-p02-cross-single-boundary-line-front-right.png,00_raw/ai_generated/images/20260902_ai_generated_parking_order_violation_pov_b1_397/IMG_007579.png,269878597c4be9d38b4fda159b6708c0575a1b3986e9033c6c0b58b45d97f73c,p02-cross-single-boundary-line,POV_PARKING_B1_P02_CROSS_SINGLE_BOUNDARY_LINE,positive,1,train
62,IMG_007580,062_pov-b1-0062-p02-cross-single-boundary-line-front-center.png,00_raw/ai_generated/images/20260902_ai_generated_parking_order_violation_pov_b1_397/IMG_007580.png,2cc8d12dd6b689e39766a0cf398eccec256db57af4e3d795b29fbfe14123f0a7,p02-cross-single-boundary-line,POV_PARKING_B1_P02_CROSS_SINGLE_BOUNDARY_LINE,positive,1,train
63,IMG_007581,063_pov-b1-0063-p02-cross-single-boundary-line-front-left.png,00_raw/ai_generated/images/20260902_ai_generated_parking_order_violation_pov_b1_397/IMG_007581.png,5a70b850a8e50ec66e4d3c0de84fb9afd326680aae1e96e82f969eebce790c91,p02-cross-single-boundary-line,POV_PARKING_B1_P02_CROSS_SINGLE_BOUNDARY_LINE,positive,1,train
64,IMG_007582,064_pov-b1-0064-p02-cross-single-boundary-line-front-right.png,00_raw/ai_generated/images/20260902_ai_generated_parking_order_violation_pov_b1_397/IMG_007582.png,e95e962fe9682105741238f4453c2639b3616da0f7e09a7d9065f51a6e0995bf,p02-cross-single-boundary-line,POV_PARKING_B1_P02_CROSS_SINGLE_BOUNDARY_LINE,positive,1,train
65,IMG_007583,065_pov-b1-0065-p02-cross-single-boundary-line-front-center.png,00_raw/ai_generated/images/20260902_ai_generated_parking_order_violation_pov_b1_397/IMG_007583.png,541d9de1bdf92c75bdd9d689062753ec8f49f21038963cbd62afa91428e7b5de,p02-cross-single-boundary-line,POV_PARKING_B1_P02_CROSS_SINGLE_BOUNDARY_LINE,positive,1,train
66,IMG_007584,066_pov-b1-0066-p02-cross-single-boundary-line-front-left.png,00_raw/ai_generated/images/20260902_ai_generated_parking_order_violation_pov_b1_397/IMG_007584.png,16ca3bc8cdff89dc9f8735b5407e6929c09cdc65c98c4803795501599a1f5664,p02-cross-single-boundary-line,POV_PARKING_B1_P02_CROSS_SINGLE_BOUNDARY_LINE,positive,1,train
67,IMG_007585,067_pov-b1-0067-p02-cross-single-boundary-line-front-right.png,00_raw/ai_generated/images/20260902_ai_generated_parking_order_violation_pov_b1_397/IMG_007585.png,09919ee92ec0b250a631597105f6b82b093a9dabf191cd11e169c900658e1507,p02-cross-single-boundary-line,POV_PARKING_B1_P02_CROSS_SINGLE_BOUNDARY_LINE,positive,1,train
68,IMG_007586,068_pov-b1-0068-p02-cross-single-boundary-line-front-center.png,00_raw/ai_generated/images/20260902_ai_generated_parking_order_violation_pov_b1_397/IMG_007586.png,4c44a263ccbf1b0e096676c75ab0bb411ea915ecac10d753d13b1fff87fe0a55,p02-cross-single-boundary-line,POV_PARKING_B1_P02_CROSS_SINGLE_BOUNDARY_LINE,positive,1,train
69,IMG_007587,069_pov-b1-0069-p02-cross-single-boundary-line-front-left.png,00_raw/ai_generated/images/20260902_ai_generated_parking_order_violation_pov_b1_397/IMG_007587.png,a5eabf71d9edeb0740a2ed71d633037bd5cf4d9ee9c1375fdf9c7f513837f74d,p02-cross-single-boundary-line,POV_PARKING_B1_P02_CROSS_SINGLE_BOUNDARY_LINE,positive,1,train
70,IMG_007588,070_pov-b1-0070-p02-cross-single-boundary-line-front-right.png,00_raw/ai_generated/images/20260902_ai_generated_parking_order_violation_pov_b1_397/IMG_007588.png,cb6d9156e29a676b7ad7ce5c21862e6243aa3420defaf0a8973fcbe7e78a3998,p02-cross-single-boundary-line,POV_PARKING_B1_P02_CROSS_SINGLE_BOUNDARY_LINE,positive,1,train
71,IMG_007589,071_pov-b1-0071-p02-cross-single-boundary-line-front-center.png,00_raw/ai_generated/images/20260902_ai_generated_parking_order_violation_pov_b1_397/IMG_007589.png,a989130fb9ba8132fbae136253c19c64115dfda6a3d54603ebfa2a697276fb00,p02-cross-single-boundary-line,POV_PARKING_B1_P02_CROSS_SINGLE_BOUNDARY_LINE,positive,1,train
72,IMG_007590,072_pov-b1-0072-p02-cross-single-boundary-line-front-left.png,00_raw/ai_generated/images/20260902_ai_generated_parking_order_violation_pov_b1_397/IMG_007590.png,ed0b2a74ed4a5e9e50076b06155f968cb218fc7f9474c2bbe5d50e7713bbc1e9,p02-cross-single-boundary-line,POV_PARKING_B1_P02_CROSS_SINGLE_BOUNDARY_LINE,positive,1,train
73,IMG_007591,073_pov-b1-0073-p02-cross-single-boundary-line-front-right.png,00_raw/ai_generated/images/20260902_ai_generated_parking_order_violation_pov_b1_397/IMG_007591.png,41916db363f1a571b84f7e6c248332ee77e664d1b98ec8579d1a60829f3b6646,p02-cross-single-boundary-line,POV_PARKING_B1_P02_CROSS_SINGLE_BOUNDARY_LINE,positive,1,train
74,IMG_007592,074_pov-b1-0074-p02-cross-single-boundary-line-front-center.png,00_raw/ai_generated/images/20260902_ai_generated_parking_order_violation_pov_b1_397/IMG_007592.png,d0935526710411b008da955ef21e99e752209c8fafc928bceb05fb7d55a926cd,p02-cross-single-boundary-line,POV_PARKING_B1_P02_CROSS_SINGLE_BOUNDARY_LINE,positive,1,train
75,IMG_007593,075_pov-b1-0075-p02-cross-single-boundary-line-front-left.png,00_raw/ai_generated/images/20260902_ai_generated_parking_order_violation_pov_b1_397/IMG_007593.png,cd5e8f47b91c0c7e5051d1f9bb5e6a95ec02a197a66bfb234ef886b385d6ce63,p02-cross-single-boundary-line,POV_PARKING_B1_P02_CROSS_SINGLE_BOUNDARY_LINE,positive,1,train
76,IMG_007594,076_pov-b1-0076-p03-span-two-bays-front-center.png,00_raw/ai_generated/images/20260902_ai_generated_parking_order_violation_pov_b1_397/IMG_007594.png,52fecb2cfdc2a375990b44ceadd6a0328e734844b7f80e0b820e966778e1d0b1,p03-span-two-bays,POV_PARKING_B1_P03_SPAN_TWO_BAYS,positive,1,validation
77,IMG_007595,077_pov-b1-0077-p03-span-two-bays-front-left.png,00_raw/ai_generated/images/20260902_ai_generated_parking_order_violation_pov_b1_397/IMG_007595.png,0ddfb6a09f8662e7595e38a59a11e263ab12ee5213023f354cbac9967695bfe1,p03-span-two-bays,POV_PARKING_B1_P03_SPAN_TWO_BAYS,positive,1,validation
78,IMG_007596,078_pov-b1-0078-p03-span-two-bays-front-right.png,00_raw/ai_generated/images/20260902_ai_generated_parking_order_violation_pov_b1_397/IMG_007596.png,bc03f36807589c4be82b7bf696647d45a5cabcf0d4dd3cbf8799882ef02364f9,p03-span-two-bays,POV_PARKING_B1_P03_SPAN_TWO_BAYS,positive,1,validation
79,IMG_007597,079_pov-b1-0079-p03-span-two-bays-front-center.png,00_raw/ai_generated/images/20260902_ai_generated_parking_order_violation_pov_b1_397/IMG_007597.png,94784a1913e0d6b7b680039795a0a192edb8f74a1140dbb8cf37924fd2ae8552,p03-span-two-bays,POV_PARKING_B1_P03_SPAN_TWO_BAYS,positive,1,validation
80,IMG_007598,080_pov-b1-0080-p03-span-two-bays-front-left.png,00_raw/ai_generated/images/20260902_ai_generated_parking_order_violation_pov_b1_397/IMG_007598.png,3187844b1789cf8fd2e859424b78e02d7d817e0a8d2ac2a9954625abfc217217,p03-span-two-bays,POV_PARKING_B1_P03_SPAN_TWO_BAYS,positive,1,validation
81,IMG_007599,081_pov-b1-0081-p03-span-two-bays-front-right.png,00_raw/ai_generated/images/20260902_ai_generated_parking_order_violation_pov_b1_397/IMG_007599.png,b7394782827a2372ed408429b1a7339ece7e7f20b9430d4f004e813f883cb25b,p03-span-two-bays,POV_PARKING_B1_P03_SPAN_TWO_BAYS,positive,1,validation
82,IMG_007600,082_pov-b1-0082-p03-span-two-bays-front-center.png,00_raw/ai_generated/images/20260902_ai_generated_parking_order_violation_pov_b1_397/IMG_007600.png,147b1ce8bc187f91a764a1d6a0623ba510018a68463cfe2857bbcc3e5d3d441c,p03-span-two-bays,POV_PARKING_B1_P03_SPAN_TWO_BAYS,positive,1,validation
83,IMG_007601,083_pov-b1-0083-p03-span-two-bays-front-left.png,00_raw/ai_generated/images/20260902_ai_generated_parking_order_violation_pov_b1_397/IMG_007601.png,635e5c52f6a69bbc108df9de7227484b8c42d9aa6b9d3b76fc996483594c806c,p03-span-two-bays,POV_PARKING_B1_P03_SPAN_TWO_BAYS,positive,1,validation
84,IMG_007602,084_pov-b1-0084-p03-span-two-bays-front-right.png,00_raw/ai_generated/images/20260902_ai_generated_parking_order_violation_pov_b1_397/IMG_007602.png,98386e15dc5ef41f7e2573e8e5048834d0a4205aa29fc88875d3601fde598d34,p03-span-two-bays,POV_PARKING_B1_P03_SPAN_TWO_BAYS,positive,1,validation
85,IMG_007603,085_pov-b1-0085-p03-span-two-bays-front-center.png,00_raw/ai_generated/images/20260902_ai_generated_parking_order_violation_pov_b1_397/IMG_007603.png,7c54e1ed5972188c181242becb7170c5f33bb966e7bca852ce209dadfe278bf4,p03-span-two-bays,POV_PARKING_B1_P03_SPAN_TWO_BAYS,positive,1,validation
86,IMG_007604,086_pov-b1-0086-p03-span-two-bays-front-left.png,00_raw/ai_generated/images/20260902_ai_generated_parking_order_violation_pov_b1_397/IMG_007604.png,f47a7280a736261000a58516cc98a8f372f6be8585e03dc6e457a119b2b979f1,p03-span-two-bays,POV_PARKING_B1_P03_SPAN_TWO_BAYS,positive,1,validation
87,IMG_007605,087_pov-b1-0087-p03-span-two-bays-front-right.png,00_raw/ai_generated/images/20260902_ai_generated_parking_order_violation_pov_b1_397/IMG_007605.png,c1754715bfe0726147d8f5cc7b2fbdb6a626cfe80773d6d5b5907af8f2d2f8a0,p03-span-two-bays,POV_PARKING_B1_P03_SPAN_TWO_BAYS,positive,1,validation
88,IMG_007606,088_pov-b1-0088-p03-span-two-bays-front-center.png,00_raw/ai_generated/images/20260902_ai_generated_parking_order_violation_pov_b1_397/IMG_007606.png,4c3161d0c72cc8aeffb0971eb4e719d82827cf4627386e3d07f770270aeb547e,p03-span-two-bays,POV_PARKING_B1_P03_SPAN_TWO_BAYS,positive,1,validation
89,IMG_007607,089_pov-b1-0089-p03-span-two-bays-front-left.png,00_raw/ai_generated/images/20260902_ai_generated_parking_order_violation_pov_b1_397/IMG_007607.png,9198d82b32dfc866408f596923e69bbd70c793c65b30499bff36617ae060a6af,p03-span-two-bays,POV_PARKING_B1_P03_SPAN_TWO_BAYS,positive,1,validation
90,IMG_007608,090_pov-b1-0090-p03-span-two-bays-front-right.png,00_raw/ai_generated/images/20260902_ai_generated_parking_order_violation_pov_b1_397/IMG_007608.png,df6ffb2e8589f7942fa241c23f9e218430e62660aeac09d6575dbe50a0f14bfe,p03-span-two-bays,POV_PARKING_B1_P03_SPAN_TWO_BAYS,positive,1,validation
91,IMG_007609,091_pov-b1-0091-p03-span-two-bays-front-center.png,00_raw/ai_generated/images/20260902_ai_generated_parking_order_violation_pov_b1_397/IMG_007609.png,236d951dfc01322bc9d3b60bed45858069e40ae2fa1796feba4c08e312f9274f,p03-span-two-bays,POV_PARKING_B1_P03_SPAN_TWO_BAYS,positive,1,validation
92,IMG_007610,092_pov-b1-0092-p03-span-two-bays-front-left.png,00_raw/ai_generated/images/20260902_ai_generated_parking_order_violation_pov_b1_397/IMG_007610.png,16cf61f70daa8b8dbc7c1432b2ce9dad8e9d6bf9e68bcbd068f50e8368f872e6,p03-span-two-bays,POV_PARKING_B1_P03_SPAN_TWO_BAYS,positive,1,validation
93,IMG_007611,093_pov-b1-0093-p03-span-two-bays-front-right.png,00_raw/ai_generated/images/20260902_ai_generated_parking_order_violation_pov_b1_397/IMG_007611.png,35a5959bc49b68d1c99d3b86dd493860ee4d8ec8bbfc852d8a8ca0f9cbe56363,p03-span-two-bays,POV_PARKING_B1_P03_SPAN_TWO_BAYS,positive,1,validation
94,IMG_007612,094_pov-b1-0094-p03-span-two-bays-front-center.png,00_raw/ai_generated/images/20260902_ai_generated_parking_order_violation_pov_b1_397/IMG_007612.png,b53ab51e67c6e4ca7a8e02874469dc3c0b7563c0d08cf91ec0c0e9c0d18f0af1,p03-span-two-bays,POV_PARKING_B1_P03_SPAN_TWO_BAYS,positive,1,validation
95,IMG_007613,095_pov-b1-0095-p03-span-two-bays-front-left.png,00_raw/ai_generated/images/20260902_ai_generated_parking_order_violation_pov_b1_397/IMG_007613.png,cee5d2e3ead7b33fa83e56cf17f64e77c7d456882e83467b84fae061dc036b51,p03-span-two-bays,POV_PARKING_B1_P03_SPAN_TWO_BAYS,positive,1,validation
96,IMG_007614,096_pov-b1-0096-p03-span-two-bays-front-right.png,00_raw/ai_generated/images/20260902_ai_generated_parking_order_violation_pov_b1_397/IMG_007614.png,cfe67b86fa6c9a46c86855b7de812fb8c9b39be7d159d078b04308888371e80d,p03-span-two-bays,POV_PARKING_B1_P03_SPAN_TWO_BAYS,positive,1,validation
97,IMG_007615,097_pov-b1-0097-p03-span-two-bays-front-center.png,00_raw/ai_generated/images/20260902_ai_generated_parking_order_violation_pov_b1_397/IMG_007615.png,5eaac191f6729fbb18f737c783ad7bb3124a9e7f06cb80f33e551e64c84e8641,p03-span-two-bays,POV_PARKING_B1_P03_SPAN_TWO_BAYS,positive,1,validation
98,IMG_007616,098_pov-b1-0098-p03-span-two-bays-front-left.png,00_raw/ai_generated/images/20260902_ai_generated_parking_order_violation_pov_b1_397/IMG_007616.png,a69fa502b5e9eb5e6ef18a7c94eb7b3c4dad756ca5ff53f40beb6b795eea4da1,p03-span-two-bays,POV_PARKING_B1_P03_SPAN_TWO_BAYS,positive,1,validation
99,IMG_007617,099_pov-b1-0099-p03-span-two-bays-front-right.png,00_raw/ai_generated/images/20260902_ai_generated_parking_order_violation_pov_b1_397/IMG_007617.png,bb9f96e8a24c76741e99cbcfb0bb0bbec45c15a731eb4003a50a8b49fc72be18,p03-span-two-bays,POV_PARKING_B1_P03_SPAN_TWO_BAYS,positive,1,validation
100,IMG_007618,100_pov-b1-0100-p03-span-two-bays-front-center.png,00_raw/ai_generated/images/20260902_ai_generated_parking_order_violation_pov_b1_397/IMG_007618.png,6b12a21764a9da63e68da431b4bdb4b7836ab76c7d96f60b60002bf740d2491f,p03-span-two-bays,POV_PARKING_B1_P03_SPAN_TWO_BAYS,positive,1,validation
101,IMG_007619,101_pov-b1-0101-p03-span-two-bays-front-left.png,00_raw/ai_generated/images/20260902_ai_generated_parking_order_violation_pov_b1_397/IMG_007619.png,96068846cd98ccfc95d2aad4e65ee6718638ee5bd1f4ef276ea33aedae784922,p03-span-two-bays,POV_PARKING_B1_P03_SPAN_TWO_BAYS,positive,1,validation
102,IMG_007620,102_pov-b1-0102-p03-span-two-bays-front-right.png,00_raw/ai_generated/images/20260902_ai_generated_parking_order_violation_pov_b1_397/IMG_007620.png,aa1a054f53554e3cef1dab60604b3bca6011e95d443b5f78d604cf4babcdd374,p03-span-two-bays,POV_PARKING_B1_P03_SPAN_TWO_BAYS,positive,1,validation
103,IMG_007621,103_pov-b1-0103-p03-span-two-bays-front-center.png,00_raw/ai_generated/images/20260902_ai_generated_parking_order_violation_pov_b1_397/IMG_007621.png,eb6200cb0efdaaac1b287d90fdf2a072c34eef2b48f330970cc61c1227f35846,p03-span-two-bays,POV_PARKING_B1_P03_SPAN_TWO_BAYS,positive,1,validation
104,IMG_007622,104_pov-b1-0104-p03-span-two-bays-front-left.png,00_raw/ai_generated/images/20260902_ai_generated_parking_order_violation_pov_b1_397/IMG_007622.png,53076af66f4c910fb59448cdc0738959ec7a3e718f1d5013b4421e0abc6c5b15,p03-span-two-bays,POV_PARKING_B1_P03_SPAN_TWO_BAYS,positive,1,validation
105,IMG_007623,105_pov-b1-0105-p03-span-two-bays-front-right.png,00_raw/ai_generated/images/20260902_ai_generated_parking_order_violation_pov_b1_397/IMG_007623.png,7bf6aa850dc0520e8d02c59a3aab66a37a31bfd7f1d1eca004e3e989ba5d004b,p03-span-two-bays,POV_PARKING_B1_P03_SPAN_TWO_BAYS,positive,1,validation
106,IMG_007624,106_pov-b1-0106-p04-angled-footprint-outside-front-center.png,00_raw/ai_generated/images/20260902_ai_generated_parking_order_violation_pov_b1_397/IMG_007624.png,fe4a1125cb54c30c5657209dbea5bc368eeeffe7eb88d45f0d82204b00f9fb01,p04-angled-footprint-outside,POV_PARKING_B1_P04_ANGLED_FOOTPRINT_OUTSIDE,positive,1,holdout
108,IMG_007625,108_pov-b1-0108-p04-angled-footprint-outside-front-right.png,00_raw/ai_generated/images/20260902_ai_generated_parking_order_violation_pov_b1_397/IMG_007625.png,e7c7bd212781804936bff65cc7ed0cad0a653f2cc430b564913ce69b616d3a36,p04-angled-footprint-outside,POV_PARKING_B1_P04_ANGLED_FOOTPRINT_OUTSIDE,positive,1,holdout
109,IMG_007626,109_pov-b1-0109-p04-angled-footprint-outside-front-center.png,00_raw/ai_generated/images/20260902_ai_generated_parking_order_violation_pov_b1_397/IMG_007626.png,aa93382d3872cf38843388e36afd0119a8d72e98e4244118048a828abba47f0a,p04-angled-footprint-outside,POV_PARKING_B1_P04_ANGLED_FOOTPRINT_OUTSIDE,positive,1,holdout
110,IMG_007627,110_pov-b1-0110-p04-angled-footprint-outside-front-left.png,00_raw/ai_generated/images/20260902_ai_generated_parking_order_violation_pov_b1_397/IMG_007627.png,49cba4d81c65ef25e6adebf7b51ea66a5e0229d582f27a4ae33f55e48b414500,p04-angled-footprint-outside,POV_PARKING_B1_P04_ANGLED_FOOTPRINT_OUTSIDE,positive,1,holdout
111,IMG_007628,111_pov-b1-0111-p04-angled-footprint-outside-front-right.png,00_raw/ai_generated/images/20260902_ai_generated_parking_order_violation_pov_b1_397/IMG_007628.png,d70d29a03cb7a3fe66c89380722ea1fb6fee174eed80ca387387a76af7577740,p04-angled-footprint-outside,POV_PARKING_B1_P04_ANGLED_FOOTPRINT_OUTSIDE,positive,1,holdout
112,IMG_007629,112_pov-b1-0112-p04-angled-footprint-outside-front-center.png,00_raw/ai_generated/images/20260902_ai_generated_parking_order_violation_pov_b1_397/IMG_007629.png,53818a58bd837a7eeb47ab89faa4ec39cc1639cc427f0d00b5a1df855feba3e6,p04-angled-footprint-outside,POV_PARKING_B1_P04_ANGLED_FOOTPRINT_OUTSIDE,positive,1,holdout
113,IMG_007630,113_pov-b1-0113-p04-angled-footprint-outside-front-left.png,00_raw/ai_generated/images/20260902_ai_generated_parking_order_violation_pov_b1_397/IMG_007630.png,03913887613c765ce4bb7bb203098fb0e3c77ab0d4725b30b0733627df4dda75,p04-angled-footprint-outside,POV_PARKING_B1_P04_ANGLED_FOOTPRINT_OUTSIDE,positive,1,holdout
114,IMG_007631,114_pov-b1-0114-p04-angled-footprint-outside-front-right.png,00_raw/ai_generated/images/20260902_ai_generated_parking_order_violation_pov_b1_397/IMG_007631.png,784600ca7044bd7f92aa9156ed36f1f2c775890674a1447f9263daeca1fcdc13,p04-angled-footprint-outside,POV_PARKING_B1_P04_ANGLED_FOOTPRINT_OUTSIDE,positive,1,holdout
115,IMG_007632,115_pov-b1-0115-p04-angled-footprint-outside-front-center.png,00_raw/ai_generated/images/20260902_ai_generated_parking_order_violation_pov_b1_397/IMG_007632.png,8d02e4293f08791f1d393e8cc019802bdd83fad732be8cd72d22d722364d306c,p04-angled-footprint-outside,POV_PARKING_B1_P04_ANGLED_FOOTPRINT_OUTSIDE,positive,1,holdout
116,IMG_007633,116_pov-b1-0116-p04-angled-footprint-outside-front-left.png,00_raw/ai_generated/images/20260902_ai_generated_parking_order_violation_pov_b1_397/IMG_007633.png,e10f3551915ec8663fee19a9e40c0f7bdb5e4d479c02b5f0677ae1ab75898e53,p04-angled-footprint-outside,POV_PARKING_B1_P04_ANGLED_FOOTPRINT_OUTSIDE,positive,1,holdout
117,IMG_007634,117_pov-b1-0117-p04-angled-footprint-outside-front-right.png,00_raw/ai_generated/images/20260902_ai_generated_parking_order_violation_pov_b1_397/IMG_007634.png,a78e65dd12331a2134dfdd5400b7e3b4ae70c229265bd8be27b66107f2629770,p04-angled-footprint-outside,POV_PARKING_B1_P04_ANGLED_FOOTPRINT_OUTSIDE,positive,1,holdout
118,IMG_007635,118_pov-b1-0118-p04-angled-footprint-outside-front-center.png,00_raw/ai_generated/images/20260902_ai_generated_parking_order_violation_pov_b1_397/IMG_007635.png,28fae86953947d31b4608a02225f1ceb9e247b87ace70fb69e48403fba99eb71,p04-angled-footprint-outside,POV_PARKING_B1_P04_ANGLED_FOOTPRINT_OUTSIDE,positive,1,holdout
119,IMG_007636,119_pov-b1-0119-p04-angled-footprint-outside-front-left.png,00_raw/ai_generated/images/20260902_ai_generated_parking_order_violation_pov_b1_397/IMG_007636.png,0112e7900c62224dc550afd0e020538a838d9e99bcbace0e6b6c152e5f744988,p04-angled-footprint-outside,POV_PARKING_B1_P04_ANGLED_FOOTPRINT_OUTSIDE,positive,1,holdout
120,IMG_007637,120_pov-b1-0120-p04-angled-footprint-outside-front-right.png,00_raw/ai_generated/images/20260902_ai_generated_parking_order_violation_pov_b1_397/IMG_007637.png,aaed8f87b10e95beae05ff6f909e4359fab1b60944b7725298af180943975ae2,p04-angled-footprint-outside,POV_PARKING_B1_P04_ANGLED_FOOTPRINT_OUTSIDE,positive,1,holdout
122,IMG_007638,122_pov-b1-0122-p04-angled-footprint-outside-front-left.png,00_raw/ai_generated/images/20260902_ai_generated_parking_order_violation_pov_b1_397/IMG_007638.png,3040ce8409df35a1503df1f0b924b9f113c68b95ff51b5200567903b55172e4a,p04-angled-footprint-outside,POV_PARKING_B1_P04_ANGLED_FOOTPRINT_OUTSIDE,positive,1,holdout
123,IMG_007639,123_pov-b1-0123-p04-angled-footprint-outside-front-right.png,00_raw/ai_generated/images/20260902_ai_generated_parking_order_violation_pov_b1_397/IMG_007639.png,29751edc722a515f66f3eebc0ebec13ff61cd907509c089245064865004f9f7b,p04-angled-footprint-outside,POV_PARKING_B1_P04_ANGLED_FOOTPRINT_OUTSIDE,positive,1,holdout
124,IMG_007640,124_pov-b1-0124-p04-angled-footprint-outside-front-center.png,00_raw/ai_generated/images/20260902_ai_generated_parking_order_violation_pov_b1_397/IMG_007640.png,9b8878f47b72f63e7e5c44697c0167a1a885211e736bec3a500d2f4a41f34ca2,p04-angled-footprint-outside,POV_PARKING_B1_P04_ANGLED_FOOTPRINT_OUTSIDE,positive,1,holdout
125,IMG_007641,125_pov-b1-0125-p04-angled-footprint-outside-front-left.png,00_raw/ai_generated/images/20260902_ai_generated_parking_order_violation_pov_b1_397/IMG_007641.png,9d491f3d3ff3f01d8bccf586785493f25bcd52a60104c6be7f4ce496674e63bf,p04-angled-footprint-outside,POV_PARKING_B1_P04_ANGLED_FOOTPRINT_OUTSIDE,positive,1,holdout
126,IMG_007642,126_pov-b1-0126-p04-angled-footprint-outside-front-right.png,00_raw/ai_generated/images/20260902_ai_generated_parking_order_violation_pov_b1_397/IMG_007642.png,0e789f4a7772487609238a3cc4e05db88429834b06d22bf29b97546184e47981,p04-angled-footprint-outside,POV_PARKING_B1_P04_ANGLED_FOOTPRINT_OUTSIDE,positive,1,holdout
127,IMG_007643,127_pov-b1-0127-p04-angled-footprint-outside-front-center.png,00_raw/ai_generated/images/20260902_ai_generated_parking_order_violation_pov_b1_397/IMG_007643.png,e7c5feaecd7038f95cd9975768ca70843082c4e1c3962e5cf4b3c3bd15327d86,p04-angled-footprint-outside,POV_PARKING_B1_P04_ANGLED_FOOTPRINT_OUTSIDE,positive,1,holdout
128,IMG_007644,128_pov-b1-0128-p04-angled-footprint-outside-front-left.png,00_raw/ai_generated/images/20260902_ai_generated_parking_order_violation_pov_b1_397/IMG_007644.png,1059ab4a00bd615a866389b6fb68f64782dc13698d14f6bb344514f71c58b7ea,p04-angled-footprint-outside,POV_PARKING_B1_P04_ANGLED_FOOTPRINT_OUTSIDE,positive,1,holdout
129,IMG_007645,129_pov-b1-0129-p04-angled-footprint-outside-front-center.png,00_raw/ai_generated/images/20260902_ai_generated_parking_order_violation_pov_b1_397/IMG_007645.png,17eca2f5c9c4113a83e593d398a0d4cef301c08d8b85a2ee6207f9f6d6801c51,p04-angled-footprint-outside,POV_PARKING_B1_P04_ANGLED_FOOTPRINT_OUTSIDE,positive,1,holdout
130,IMG_007646,130_pov-b1-0130-p04-angled-footprint-outside-front-left.png,00_raw/ai_generated/images/20260902_ai_generated_parking_order_violation_pov_b1_397/IMG_007646.png,bf555a51d60a01737ce8e94cfc3a259113a12e4aec96f89eb5b42abc8d4fd0c9,p04-angled-footprint-outside,POV_PARKING_B1_P04_ANGLED_FOOTPRINT_OUTSIDE,positive,1,holdout
131,IMG_007647,131_pov-b1-0131-p05-multi-vehicle-at-least-one-violation-front-center.png,00_raw/ai_generated/images/20260902_ai_generated_parking_order_violation_pov_b1_397/IMG_007647.png,acb8803cbfb955dc0a72690c938c86f7ca8a561fcce3ede8e58514f288819b02,p05-multi-vehicle-at-least-one-violation,POV_PARKING_B1_P05_MULTI_VEHICLE_AT_LEAST_ONE_VIOLATION,positive,1,train
132,IMG_007648,132_pov-b1-0132-p05-multi-vehicle-at-least-one-violation-front-left.png,00_raw/ai_generated/images/20260902_ai_generated_parking_order_violation_pov_b1_397/IMG_007648.png,2c4bbbf931299b88f97710ca859b17807cee73231eac4a0dc32c344d57e2b415,p05-multi-vehicle-at-least-one-violation,POV_PARKING_B1_P05_MULTI_VEHICLE_AT_LEAST_ONE_VIOLATION,positive,1,train
133,IMG_007649,133_pov-b1-0133-p05-multi-vehicle-at-least-one-violation-front-right.png,00_raw/ai_generated/images/20260902_ai_generated_parking_order_violation_pov_b1_397/IMG_007649.png,310499ed3c9550849ae6784061779b520f92c9367709d996fa98d4966d2261e8,p05-multi-vehicle-at-least-one-violation,POV_PARKING_B1_P05_MULTI_VEHICLE_AT_LEAST_ONE_VIOLATION,positive,1,train
134,IMG_007650,134_pov-b1-0134-p05-multi-vehicle-at-least-one-violation-front-center.png,00_raw/ai_generated/images/20260902_ai_generated_parking_order_violation_pov_b1_397/IMG_007650.png,707813ea7a7b2f00c73a07b4bda1a6467a0e6390bba6dfa883b1831d9dbd2739,p05-multi-vehicle-at-least-one-violation,POV_PARKING_B1_P05_MULTI_VEHICLE_AT_LEAST_ONE_VIOLATION,positive,1,train
135,IMG_007651,135_pov-b1-0135-p05-multi-vehicle-at-least-one-violation-front-left.png,00_raw/ai_generated/images/20260902_ai_generated_parking_order_violation_pov_b1_397/IMG_007651.png,47d4eb825dadd64d74981785a3b057daf44143f2aa3115781da47922cbc8a7e5,p05-multi-vehicle-at-least-one-violation,POV_PARKING_B1_P05_MULTI_VEHICLE_AT_LEAST_ONE_VIOLATION,positive,1,train
136,IMG_007652,136_pov-b1-0136-p05-multi-vehicle-at-least-one-violation-front-right.png,00_raw/ai_generated/images/20260902_ai_generated_parking_order_violation_pov_b1_397/IMG_007652.png,051cf35297a38c1ad2ae3f3ff27c6de0d70e34101e77d06e4526557ab1c25d2c,p05-multi-vehicle-at-least-one-violation,POV_PARKING_B1_P05_MULTI_VEHICLE_AT_LEAST_ONE_VIOLATION,positive,1,train
137,IMG_007653,137_pov-b1-0137-p05-multi-vehicle-at-least-one-violation-front-center.png,00_raw/ai_generated/images/20260902_ai_generated_parking_order_violation_pov_b1_397/IMG_007653.png,4013ad94646bf8980504bf5cd6d53caa1f838a33e7a64fe559e863b8f210db38,p05-multi-vehicle-at-least-one-violation,POV_PARKING_B1_P05_MULTI_VEHICLE_AT_LEAST_ONE_VIOLATION,positive,1,train
138,IMG_007654,138_pov-b1-0138-p05-multi-vehicle-at-least-one-violation-front-left.png,00_raw/ai_generated/images/20260902_ai_generated_parking_order_violation_pov_b1_397/IMG_007654.png,cb02df1970bfbfef7fc91fa5f26b649261b1a0abc993a9e7d138eeae709aed0b,p05-multi-vehicle-at-least-one-violation,POV_PARKING_B1_P05_MULTI_VEHICLE_AT_LEAST_ONE_VIOLATION,positive,1,train
139,IMG_007655,139_pov-b1-0139-p05-multi-vehicle-at-least-one-violation-front-right.png,00_raw/ai_generated/images/20260902_ai_generated_parking_order_violation_pov_b1_397/IMG_007655.png,f2ae84613c6081fd7ad6517c3b54aee12af12e9ea22e99b023d785c59c2bbf84,p05-multi-vehicle-at-least-one-violation,POV_PARKING_B1_P05_MULTI_VEHICLE_AT_LEAST_ONE_VIOLATION,positive,1,train
140,IMG_007656,140_pov-b1-0140-p05-multi-vehicle-at-least-one-violation-front-center.png,00_raw/ai_generated/images/20260902_ai_generated_parking_order_violation_pov_b1_397/IMG_007656.png,3490ca5ba3b4a7be56d614e5c2d17056dcf630fd3160b6e42bb27c6136473f3a,p05-multi-vehicle-at-least-one-violation,POV_PARKING_B1_P05_MULTI_VEHICLE_AT_LEAST_ONE_VIOLATION,positive,1,train
141,IMG_007657,141_pov-b1-0141-p05-multi-vehicle-at-least-one-violation-front-left.png,00_raw/ai_generated/images/20260902_ai_generated_parking_order_violation_pov_b1_397/IMG_007657.png,2e420db62aa2008e456652b76f3554fdaa62afb939fe471a1662e1543ae8ca21,p05-multi-vehicle-at-least-one-violation,POV_PARKING_B1_P05_MULTI_VEHICLE_AT_LEAST_ONE_VIOLATION,positive,1,train
142,IMG_007658,142_pov-b1-0142-p05-multi-vehicle-at-least-one-violation-front-right.png,00_raw/ai_generated/images/20260902_ai_generated_parking_order_violation_pov_b1_397/IMG_007658.png,b342ab3fa54b278ed3df9f1422768a78ef039394c61b9e83f29c4ed8df3c5e92,p05-multi-vehicle-at-least-one-violation,POV_PARKING_B1_P05_MULTI_VEHICLE_AT_LEAST_ONE_VIOLATION,positive,1,train
143,IMG_007659,143_pov-b1-0143-p05-multi-vehicle-at-least-one-violation-front-center.png,00_raw/ai_generated/images/20260902_ai_generated_parking_order_violation_pov_b1_397/IMG_007659.png,5d508341af52912d206632c94b9f5d63c601f83c6f2cbe70d93800c78ed5d59c,p05-multi-vehicle-at-least-one-violation,POV_PARKING_B1_P05_MULTI_VEHICLE_AT_LEAST_ONE_VIOLATION,positive,1,train
144,IMG_007660,144_pov-b1-0144-p05-multi-vehicle-at-least-one-violation-front-left.png,00_raw/ai_generated/images/20260902_ai_generated_parking_order_violation_pov_b1_397/IMG_007660.png,28741c9d963fc398840356cb9879899e39b0a9f669eae247ae203c416a7e9b93,p05-multi-vehicle-at-least-one-violation,POV_PARKING_B1_P05_MULTI_VEHICLE_AT_LEAST_ONE_VIOLATION,positive,1,train
145,IMG_007661,145_pov-b1-0145-p05-multi-vehicle-at-least-one-violation-front-right.png,00_raw/ai_generated/images/20260902_ai_generated_parking_order_violation_pov_b1_397/IMG_007661.png,beaa3b6552e92a51eb1e0fd521dd742306700cd09b1fa722e379806b8f9c3cc0,p05-multi-vehicle-at-least-one-violation,POV_PARKING_B1_P05_MULTI_VEHICLE_AT_LEAST_ONE_VIOLATION,positive,1,train
146,IMG_007662,146_pov-b1-0146-p05-multi-vehicle-at-least-one-violation-front-center.png,00_raw/ai_generated/images/20260902_ai_generated_parking_order_violation_pov_b1_397/IMG_007662.png,3a1547f1a5538972cf11f0076c703ad9d88591700a9290af3498a834d3b84437,p05-multi-vehicle-at-least-one-violation,POV_PARKING_B1_P05_MULTI_VEHICLE_AT_LEAST_ONE_VIOLATION,positive,1,train
147,IMG_007663,147_pov-b1-0147-p05-multi-vehicle-at-least-one-violation-front-left.png,00_raw/ai_generated/images/20260902_ai_generated_parking_order_violation_pov_b1_397/IMG_007663.png,3eed2e840fd7b20730d7f7010d3848aa8d53558a787a560618d847ecdbe4117d,p05-multi-vehicle-at-least-one-violation,POV_PARKING_B1_P05_MULTI_VEHICLE_AT_LEAST_ONE_VIOLATION,positive,1,train
148,IMG_007664,148_pov-b1-0148-p05-multi-vehicle-at-least-one-violation-front-right.png,00_raw/ai_generated/images/20260902_ai_generated_parking_order_violation_pov_b1_397/IMG_007664.png,85c36cc890c4d967ee2f83a7432a00c10149a7a1522c1f7569ed776bf178417e,p05-multi-vehicle-at-least-one-violation,POV_PARKING_B1_P05_MULTI_VEHICLE_AT_LEAST_ONE_VIOLATION,positive,1,train
149,IMG_007665,149_pov-b1-0149-p05-multi-vehicle-at-least-one-violation-front-center.png,00_raw/ai_generated/images/20260902_ai_generated_parking_order_violation_pov_b1_397/IMG_007665.png,99acaa870bcf567c9b87e27d38c472d6eae743614657842a19deed195379630b,p05-multi-vehicle-at-least-one-violation,POV_PARKING_B1_P05_MULTI_VEHICLE_AT_LEAST_ONE_VIOLATION,positive,1,train
150,IMG_007666,150_pov-b1-0150-p05-multi-vehicle-at-least-one-violation-front-left.png,00_raw/ai_generated/images/20260902_ai_generated_parking_order_violation_pov_b1_397/IMG_007666.png,3aeb8a3d21872dc16afdd993b57ec38ee97a8077bb59179c724bd1176d3f82f7,p05-multi-vehicle-at-least-one-violation,POV_PARKING_B1_P05_MULTI_VEHICLE_AT_LEAST_ONE_VIOLATION,positive,1,train
151,IMG_007667,151_pov-b1-0151-p06-nose-or-tail-intrudes-aisle-front-center.png,00_raw/ai_generated/images/20260902_ai_generated_parking_order_violation_pov_b1_397/IMG_007667.png,cf31e9555cbf7ab14050ddd69c8c6e5ce484808ba799af57987bffdff74863a6,p06-nose-or-tail-intrudes-aisle,POV_PARKING_B1_P06_NOSE_OR_TAIL_INTRUDES_AISLE,positive,1,holdout
152,IMG_007668,152_pov-b1-0152-p06-nose-or-tail-intrudes-aisle-front-left.png,00_raw/ai_generated/images/20260902_ai_generated_parking_order_violation_pov_b1_397/IMG_007668.png,823a33f3c75ca265f8a1e877793ae7886f611cf4c27b7e2842322530426d45ba,p06-nose-or-tail-intrudes-aisle,POV_PARKING_B1_P06_NOSE_OR_TAIL_INTRUDES_AISLE,positive,1,holdout
153,IMG_007669,153_pov-b1-0153-p06-nose-or-tail-intrudes-aisle-front-right.png,00_raw/ai_generated/images/20260902_ai_generated_parking_order_violation_pov_b1_397/IMG_007669.png,973c4d60be96fb1f813d494319612fb45ea68b742a98818d6ec2e361ab23cbd9,p06-nose-or-tail-intrudes-aisle,POV_PARKING_B1_P06_NOSE_OR_TAIL_INTRUDES_AISLE,positive,1,holdout
154,IMG_007670,154_pov-b1-0154-p06-nose-or-tail-intrudes-aisle-front-center.png,00_raw/ai_generated/images/20260902_ai_generated_parking_order_violation_pov_b1_397/IMG_007670.png,1187fe6b255d5ee87d4f59fc5f2a683c935d5772a8873049a853e2873bc28790,p06-nose-or-tail-intrudes-aisle,POV_PARKING_B1_P06_NOSE_OR_TAIL_INTRUDES_AISLE,positive,1,holdout
155,IMG_007671,155_pov-b1-0155-p06-nose-or-tail-intrudes-aisle-front-left.png,00_raw/ai_generated/images/20260902_ai_generated_parking_order_violation_pov_b1_397/IMG_007671.png,8c0f04a6f1dcb825818c091878dd9bf1278a055de6ef88f7bd09a5ce0fb7e201,p06-nose-or-tail-intrudes-aisle,POV_PARKING_B1_P06_NOSE_OR_TAIL_INTRUDES_AISLE,positive,1,holdout
156,IMG_007672,156_pov-b1-0156-p06-nose-or-tail-intrudes-aisle-front-right.png,00_raw/ai_generated/images/20260902_ai_generated_parking_order_violation_pov_b1_397/IMG_007672.png,9725aa8099cea39db019c02b5379a87707c1942f7fd5406e29f4c999457d9b18,p06-nose-or-tail-intrudes-aisle,POV_PARKING_B1_P06_NOSE_OR_TAIL_INTRUDES_AISLE,positive,1,holdout
157,IMG_007673,157_pov-b1-0157-p06-nose-or-tail-intrudes-aisle-front-center.png,00_raw/ai_generated/images/20260902_ai_generated_parking_order_violation_pov_b1_397/IMG_007673.png,e429453485e61c4e85cf969157ace0642c13ad6f110e4b309da44ff8bee507da,p06-nose-or-tail-intrudes-aisle,POV_PARKING_B1_P06_NOSE_OR_TAIL_INTRUDES_AISLE,positive,1,holdout
158,IMG_007674,158_pov-b1-0158-p06-nose-or-tail-intrudes-aisle-front-left.png,00_raw/ai_generated/images/20260902_ai_generated_parking_order_violation_pov_b1_397/IMG_007674.png,c6a3eb92e09bbf95d9f5c8ec53fa31254731a8b1c6ab082c35e1a6d5b94bdba8,p06-nose-or-tail-intrudes-aisle,POV_PARKING_B1_P06_NOSE_OR_TAIL_INTRUDES_AISLE,positive,1,holdout
159,IMG_007675,159_pov-b1-0159-p06-nose-or-tail-intrudes-aisle-front-center.png,00_raw/ai_generated/images/20260902_ai_generated_parking_order_violation_pov_b1_397/IMG_007675.png,d48f89c3f3cf808779ab1cbc27a9b201d1eab407ee665ea4cc09fd60481ff2fd,p06-nose-or-tail-intrudes-aisle,POV_PARKING_B1_P06_NOSE_OR_TAIL_INTRUDES_AISLE,positive,1,holdout
160,IMG_007676,160_pov-b1-0160-p06-nose-or-tail-intrudes-aisle-front-left.png,00_raw/ai_generated/images/20260902_ai_generated_parking_order_violation_pov_b1_397/IMG_007676.png,c6ed50d74f14220244fdc0139f63b385b991d76db96578c2774a0f5b5d517078,p06-nose-or-tail-intrudes-aisle,POV_PARKING_B1_P06_NOSE_OR_TAIL_INTRUDES_AISLE,positive,1,holdout
161,IMG_007400,161_pov-b1-0161-n01-standard-inside-bay-front-center.png,00_raw/ai_generated/images/20260902_ai_generated_parking_order_violation_pov_b1_397/IMG_007400.png,7f3de5c6d827c4067654c3198fd1428125e8d47442919b155f33202f47efdb85,n01-standard-inside-bay,POV_PARKING_B1_N01_STANDARD_INSIDE_BAY,negative,0,train
162,IMG_007401,162_pov-b1-0162-n01-standard-inside-bay-front-left.png,00_raw/ai_generated/images/20260902_ai_generated_parking_order_violation_pov_b1_397/IMG_007401.png,45342b5cb0677a3138f80ecaba27629feb72ef0bac1c55eb5ad4e1bf4f4ae01e,n01-standard-inside-bay,POV_PARKING_B1_N01_STANDARD_INSIDE_BAY,negative,0,train
163,IMG_007402,163_pov-b1-0163-n01-standard-inside-bay-front-right.png,00_raw/ai_generated/images/20260902_ai_generated_parking_order_violation_pov_b1_397/IMG_007402.png,4c8d02f45fec31a9676e7cea79ffb758886f6168d0cb60e091b860ad230d395a,n01-standard-inside-bay,POV_PARKING_B1_N01_STANDARD_INSIDE_BAY,negative,0,train
164,IMG_007403,164_pov-b1-0164-n01-standard-inside-bay-front-center.png,00_raw/ai_generated/images/20260902_ai_generated_parking_order_violation_pov_b1_397/IMG_007403.png,a2d6c7ab1c437ce0dd12c6293ead4c79690bd0b8efc5876aac7f7d33b5022699,n01-standard-inside-bay,POV_PARKING_B1_N01_STANDARD_INSIDE_BAY,negative,0,train
165,IMG_007404,165_pov-b1-0165-n01-standard-inside-bay-front-left.png,00_raw/ai_generated/images/20260902_ai_generated_parking_order_violation_pov_b1_397/IMG_007404.png,fd620718986af31c5d6919dcdac1b8afacf698dc1b3e72a1bf1755d7e1186959,n01-standard-inside-bay,POV_PARKING_B1_N01_STANDARD_INSIDE_BAY,negative,0,train
166,IMG_007405,166_pov-b1-0166-n01-standard-inside-bay-front-right.png,00_raw/ai_generated/images/20260902_ai_generated_parking_order_violation_pov_b1_397/IMG_007405.png,b35e008ae423a47a7ee5d2d61fc6aeea77f15be5c1fea62fa4fe74fdd8c5a905,n01-standard-inside-bay,POV_PARKING_B1_N01_STANDARD_INSIDE_BAY,negative,0,train
167,IMG_007406,167_pov-b1-0167-n01-standard-inside-bay-front-center.png,00_raw/ai_generated/images/20260902_ai_generated_parking_order_violation_pov_b1_397/IMG_007406.png,29ec4c3b22cff64f0ae2d6aa0c995a7c7d5715b9645e48d0f1dc1fad83077cd3,n01-standard-inside-bay,POV_PARKING_B1_N01_STANDARD_INSIDE_BAY,negative,0,train
168,IMG_007407,168_pov-b1-0168-n01-standard-inside-bay-front-left.png,00_raw/ai_generated/images/20260902_ai_generated_parking_order_violation_pov_b1_397/IMG_007407.png,6c7f543efc3bac384192ea80dc354ef5c2d686fee20dc396b2da07e6303f1313,n01-standard-inside-bay,POV_PARKING_B1_N01_STANDARD_INSIDE_BAY,negative,0,train
169,IMG_007408,169_pov-b1-0169-n01-standard-inside-bay-front-right.png,00_raw/ai_generated/images/20260902_ai_generated_parking_order_violation_pov_b1_397/IMG_007408.png,b5d797c12a9f7c7e91423ead73307c8f2c925479b945a374b391eaf158c23446,n01-standard-inside-bay,POV_PARKING_B1_N01_STANDARD_INSIDE_BAY,negative,0,train
170,IMG_007409,170_pov-b1-0170-n01-standard-inside-bay-front-center.png,00_raw/ai_generated/images/20260902_ai_generated_parking_order_violation_pov_b1_397/IMG_007409.png,d977930f49315480a10fca850bfeec78ede8891ffaae03d4f66f1e384f161232,n01-standard-inside-bay,POV_PARKING_B1_N01_STANDARD_INSIDE_BAY,negative,0,train
171,IMG_007410,171_pov-b1-0171-n01-standard-inside-bay-front-left.png,00_raw/ai_generated/images/20260902_ai_generated_parking_order_violation_pov_b1_397/IMG_007410.png,a15dd870ed18c2f7dd2b55b48fa7002727bbad6211c082185cd13ae4703f1c67,n01-standard-inside-bay,POV_PARKING_B1_N01_STANDARD_INSIDE_BAY,negative,0,train
172,IMG_007411,172_pov-b1-0172-n01-standard-inside-bay-front-right.png,00_raw/ai_generated/images/20260902_ai_generated_parking_order_violation_pov_b1_397/IMG_007411.png,9c874375dfbdc973a62be948d13a36dba7e286fb7bd8e4a0d1f6e1282767cf3a,n01-standard-inside-bay,POV_PARKING_B1_N01_STANDARD_INSIDE_BAY,negative,0,train
173,IMG_007412,173_pov-b1-0173-n01-standard-inside-bay-front-center.png,00_raw/ai_generated/images/20260902_ai_generated_parking_order_violation_pov_b1_397/IMG_007412.png,43d2a9243e399caae8e2b2e320e24b779b8538584182bb3c24d5f307377f7b9f,n01-standard-inside-bay,POV_PARKING_B1_N01_STANDARD_INSIDE_BAY,negative,0,train
174,IMG_007413,174_pov-b1-0174-n01-standard-inside-bay-front-left.png,00_raw/ai_generated/images/20260902_ai_generated_parking_order_violation_pov_b1_397/IMG_007413.png,964cb2b1c0aa78e862c2463199ceb11e2c5d71d150972a4c8ad8fbcaa21c3c93,n01-standard-inside-bay,POV_PARKING_B1_N01_STANDARD_INSIDE_BAY,negative,0,train
175,IMG_007414,175_pov-b1-0175-n01-standard-inside-bay-front-right.png,00_raw/ai_generated/images/20260902_ai_generated_parking_order_violation_pov_b1_397/IMG_007414.png,74853e04c5b4f56f62c5ddc3c6c551ac35f4635791395c011c58250737c55d98,n01-standard-inside-bay,POV_PARKING_B1_N01_STANDARD_INSIDE_BAY,negative,0,train
176,IMG_007415,176_pov-b1-0176-n01-standard-inside-bay-front-center.png,00_raw/ai_generated/images/20260902_ai_generated_parking_order_violation_pov_b1_397/IMG_007415.png,ba77818233dad6511976c38724ba8279b88d6cb9386dc095f6f63a783f9fb234,n01-standard-inside-bay,POV_PARKING_B1_N01_STANDARD_INSIDE_BAY,negative,0,train
177,IMG_007416,177_pov-b1-0177-n01-standard-inside-bay-front-left.png,00_raw/ai_generated/images/20260902_ai_generated_parking_order_violation_pov_b1_397/IMG_007416.png,3de4711cf3f912f8d82de7470cb705ae3dcf86da8eb554adb3862a0c1f16b0d2,n01-standard-inside-bay,POV_PARKING_B1_N01_STANDARD_INSIDE_BAY,negative,0,train
178,IMG_007417,178_pov-b1-0178-n01-standard-inside-bay-front-right.png,00_raw/ai_generated/images/20260902_ai_generated_parking_order_violation_pov_b1_397/IMG_007417.png,526c4f582dc4677d143ee9873c493204d768f976f56cf7844cf23d54f78d5f46,n01-standard-inside-bay,POV_PARKING_B1_N01_STANDARD_INSIDE_BAY,negative,0,train
179,IMG_007418,179_pov-b1-0179-n01-standard-inside-bay-front-center.png,00_raw/ai_generated/images/20260902_ai_generated_parking_order_violation_pov_b1_397/IMG_007418.png,2f2bc385e033d3b7c384904132df908132fb62a0c5407cc8ab374b5536b0615e,n01-standard-inside-bay,POV_PARKING_B1_N01_STANDARD_INSIDE_BAY,negative,0,train
180,IMG_007419,180_pov-b1-0180-n01-standard-inside-bay-front-left.png,00_raw/ai_generated/images/20260902_ai_generated_parking_order_violation_pov_b1_397/IMG_007419.png,22057e8528147972427eacf883bfab5c029865ea712228a2f6626c3805722cba,n01-standard-inside-bay,POV_PARKING_B1_N01_STANDARD_INSIDE_BAY,negative,0,train
181,IMG_007420,181_pov-b1-0181-n01-standard-inside-bay-front-right.png,00_raw/ai_generated/images/20260902_ai_generated_parking_order_violation_pov_b1_397/IMG_007420.png,21d01200396aaf286d278ecce76cc3e0396d424950b71a7d3cb8ad275f199738,n01-standard-inside-bay,POV_PARKING_B1_N01_STANDARD_INSIDE_BAY,negative,0,train
182,IMG_007421,182_pov-b1-0182-n01-standard-inside-bay-front-center.png,00_raw/ai_generated/images/20260902_ai_generated_parking_order_violation_pov_b1_397/IMG_007421.png,5f8625423cc6bc8ba417126244478f4f670d6d6e012a0bf4134825949425cebb,n01-standard-inside-bay,POV_PARKING_B1_N01_STANDARD_INSIDE_BAY,negative,0,train
183,IMG_007422,183_pov-b1-0183-n01-standard-inside-bay-front-left.png,00_raw/ai_generated/images/20260902_ai_generated_parking_order_violation_pov_b1_397/IMG_007422.png,736a8db5db257327cc6096edb10767c3e075188284022fe92108ee14e468aed4,n01-standard-inside-bay,POV_PARKING_B1_N01_STANDARD_INSIDE_BAY,negative,0,train
184,IMG_007423,184_pov-b1-0184-n01-standard-inside-bay-front-right.png,00_raw/ai_generated/images/20260902_ai_generated_parking_order_violation_pov_b1_397/IMG_007423.png,ed8cfc97489a4302d06e64c7b1008603b5fc9d9fcb2e7a12131cb1d35979a643,n01-standard-inside-bay,POV_PARKING_B1_N01_STANDARD_INSIDE_BAY,negative,0,train
185,IMG_007424,185_pov-b1-0185-n01-standard-inside-bay-front-center.png,00_raw/ai_generated/images/20260902_ai_generated_parking_order_violation_pov_b1_397/IMG_007424.png,df8524d07ca72eeb0ec383fc86cc23f3cca87b5cbceba1305f9abad3dc4f8d50,n01-standard-inside-bay,POV_PARKING_B1_N01_STANDARD_INSIDE_BAY,negative,0,train
186,IMG_007425,186_pov-b1-0186-n01-standard-inside-bay-front-left.png,00_raw/ai_generated/images/20260902_ai_generated_parking_order_violation_pov_b1_397/IMG_007425.png,76812f06edf5e1ac60c11bbec63e9ecc66186ce805ccb42639352654016799a2,n01-standard-inside-bay,POV_PARKING_B1_N01_STANDARD_INSIDE_BAY,negative,0,train
187,IMG_007426,187_pov-b1-0187-n01-standard-inside-bay-front-right.png,00_raw/ai_generated/images/20260902_ai_generated_parking_order_violation_pov_b1_397/IMG_007426.png,e4bb255312f3d10d4e0c47763220d4f5c9758f20a5e6c81e9e2a352fcfa95883,n01-standard-inside-bay,POV_PARKING_B1_N01_STANDARD_INSIDE_BAY,negative,0,train
188,IMG_007427,188_pov-b1-0188-n01-standard-inside-bay-front-center.png,00_raw/ai_generated/images/20260902_ai_generated_parking_order_violation_pov_b1_397/IMG_007427.png,d281e6f348b58dcee682bba3e59178d1549b4993715008b3c513b58c07467fc1,n01-standard-inside-bay,POV_PARKING_B1_N01_STANDARD_INSIDE_BAY,negative,0,train
189,IMG_007428,189_pov-b1-0189-n01-standard-inside-bay-front-left.png,00_raw/ai_generated/images/20260902_ai_generated_parking_order_violation_pov_b1_397/IMG_007428.png,b137d0b13f111b6ef733e7f324ec62206ba6b93a1f94d72f76f4d186f9475376,n01-standard-inside-bay,POV_PARKING_B1_N01_STANDARD_INSIDE_BAY,negative,0,train
190,IMG_007429,190_pov-b1-0190-n01-standard-inside-bay-front-right.png,00_raw/ai_generated/images/20260902_ai_generated_parking_order_violation_pov_b1_397/IMG_007429.png,fd91a82c1e3107317fb53bba0612e4a0696c247cb423aaec106ac538f65f57e2,n01-standard-inside-bay,POV_PARKING_B1_N01_STANDARD_INSIDE_BAY,negative,0,train
191,IMG_007430,191_pov-b1-0191-n02-close-to-line-but-inside-front-center.png,00_raw/ai_generated/images/20260902_ai_generated_parking_order_violation_pov_b1_397/IMG_007430.png,9c96d5b38480a64143b7712c98cda01a4a1524623de4f343525028b2ccf72e04,n02-close-to-line-but-inside,POV_PARKING_B1_N02_CLOSE_TO_LINE_BUT_INSIDE,negative,0,train
192,IMG_007431,192_pov-b1-0192-n02-close-to-line-but-inside-front-left.png,00_raw/ai_generated/images/20260902_ai_generated_parking_order_violation_pov_b1_397/IMG_007431.png,12a266ff8e68ef3ac08a0ed7ed218aeda5573d9e8062c6d31b751109d4b85774,n02-close-to-line-but-inside,POV_PARKING_B1_N02_CLOSE_TO_LINE_BUT_INSIDE,negative,0,train
193,IMG_007432,193_pov-b1-0193-n02-close-to-line-but-inside-front-right.png,00_raw/ai_generated/images/20260902_ai_generated_parking_order_violation_pov_b1_397/IMG_007432.png,7fbdf3b19317df2b2bbd4e6bab8233b95be0465c102cadfd42402fe1826db413,n02-close-to-line-but-inside,POV_PARKING_B1_N02_CLOSE_TO_LINE_BUT_INSIDE,negative,0,train
194,IMG_007433,194_pov-b1-0194-n02-close-to-line-but-inside-front-center.png,00_raw/ai_generated/images/20260902_ai_generated_parking_order_violation_pov_b1_397/IMG_007433.png,fe27c8d6c0d9cfdcba4731469fba5b69473e539303c8a574778da7d5ec654da7,n02-close-to-line-but-inside,POV_PARKING_B1_N02_CLOSE_TO_LINE_BUT_INSIDE,negative,0,train
195,IMG_007434,195_pov-b1-0195-n02-close-to-line-but-inside-front-left.png,00_raw/ai_generated/images/20260902_ai_generated_parking_order_violation_pov_b1_397/IMG_007434.png,93dd939223de70108af0443626c0300c4679d768b35b03eab61a3028f01b0b51,n02-close-to-line-but-inside,POV_PARKING_B1_N02_CLOSE_TO_LINE_BUT_INSIDE,negative,0,train
196,IMG_007435,196_pov-b1-0196-n02-close-to-line-but-inside-front-right.png,00_raw/ai_generated/images/20260902_ai_generated_parking_order_violation_pov_b1_397/IMG_007435.png,cddfdcb5f1820caf15f7f727e9f73b9a436da73f8b957ed5939e82be872ac0cd,n02-close-to-line-but-inside,POV_PARKING_B1_N02_CLOSE_TO_LINE_BUT_INSIDE,negative,0,train
197,IMG_007436,197_pov-b1-0197-n02-close-to-line-but-inside-front-center.png,00_raw/ai_generated/images/20260902_ai_generated_parking_order_violation_pov_b1_397/IMG_007436.png,d8c0377533185c5d9741d2eef6331658b774033b30e409d24a1c0be26a5c89ec,n02-close-to-line-but-inside,POV_PARKING_B1_N02_CLOSE_TO_LINE_BUT_INSIDE,negative,0,train
198,IMG_007437,198_pov-b1-0198-n02-close-to-line-but-inside-front-left.png,00_raw/ai_generated/images/20260902_ai_generated_parking_order_violation_pov_b1_397/IMG_007437.png,3a637b79547a92bb435dd72e3d2ab99539a5b2d7d4d40965598dc7ae9e23e249,n02-close-to-line-but-inside,POV_PARKING_B1_N02_CLOSE_TO_LINE_BUT_INSIDE,negative,0,train
199,IMG_007438,199_pov-b1-0199-n02-close-to-line-but-inside-front-right.png,00_raw/ai_generated/images/20260902_ai_generated_parking_order_violation_pov_b1_397/IMG_007438.png,9d6bba41476bd4a27ae843b7e7b21bd62715a1b3a221e9d527498c95f8ad5c5d,n02-close-to-line-but-inside,POV_PARKING_B1_N02_CLOSE_TO_LINE_BUT_INSIDE,negative,0,train
200,IMG_007439,200_pov-b1-0200-n02-close-to-line-but-inside-front-center.png,00_raw/ai_generated/images/20260902_ai_generated_parking_order_violation_pov_b1_397/IMG_007439.png,835f06485702c981bd83883595d6a804413fc90061427930bd1b0a25cab79c53,n02-close-to-line-but-inside,POV_PARKING_B1_N02_CLOSE_TO_LINE_BUT_INSIDE,negative,0,train
201,IMG_007440,201_pov-b1-0201-n02-close-to-line-but-inside-front-left.png,00_raw/ai_generated/images/20260902_ai_generated_parking_order_violation_pov_b1_397/IMG_007440.png,e586ae3cb1f17ce460ce333a010827741c1b0936c52935bf47b172129443186a,n02-close-to-line-but-inside,POV_PARKING_B1_N02_CLOSE_TO_LINE_BUT_INSIDE,negative,0,train
202,IMG_007441,202_pov-b1-0202-n02-close-to-line-but-inside-front-right.png,00_raw/ai_generated/images/20260902_ai_generated_parking_order_violation_pov_b1_397/IMG_007441.png,de3ddd394963052848852c12cc05224abd0587bef061f56c9d9fc25fa12803b5,n02-close-to-line-but-inside,POV_PARKING_B1_N02_CLOSE_TO_LINE_BUT_INSIDE,negative,0,train
203,IMG_007442,203_pov-b1-0203-n02-close-to-line-but-inside-front-center.png,00_raw/ai_generated/images/20260902_ai_generated_parking_order_violation_pov_b1_397/IMG_007442.png,cf9599d0f02cc07b21557505cde20cf5c9ae7cafb02c72e70c4e13411f2f7d9f,n02-close-to-line-but-inside,POV_PARKING_B1_N02_CLOSE_TO_LINE_BUT_INSIDE,negative,0,train
204,IMG_007443,204_pov-b1-0204-n02-close-to-line-but-inside-front-left.png,00_raw/ai_generated/images/20260902_ai_generated_parking_order_violation_pov_b1_397/IMG_007443.png,de0658b1669b1b96d661a97dab333d9e92e010c3866fed5709f3659b099e61b5,n02-close-to-line-but-inside,POV_PARKING_B1_N02_CLOSE_TO_LINE_BUT_INSIDE,negative,0,train
205,IMG_007444,205_pov-b1-0205-n02-close-to-line-but-inside-front-right.png,00_raw/ai_generated/images/20260902_ai_generated_parking_order_violation_pov_b1_397/IMG_007444.png,9ea5080d4cd9cfe109f9fb1b3f312cdf1b85bc7552e8d3035df54336212133d9,n02-close-to-line-but-inside,POV_PARKING_B1_N02_CLOSE_TO_LINE_BUT_INSIDE,negative,0,train
206,IMG_007445,206_pov-b1-0206-n02-close-to-line-but-inside-front-center.png,00_raw/ai_generated/images/20260902_ai_generated_parking_order_violation_pov_b1_397/IMG_007445.png,e2488304c57c05fbeb2bec2ee0ba020cc4af5b8c577da633a862d5593d40a598,n02-close-to-line-but-inside,POV_PARKING_B1_N02_CLOSE_TO_LINE_BUT_INSIDE,negative,0,train
207,IMG_007446,207_pov-b1-0207-n02-close-to-line-but-inside-front-left.png,00_raw/ai_generated/images/20260902_ai_generated_parking_order_violation_pov_b1_397/IMG_007446.png,c2cfddc197039dca12b375eeeeda2d13fa5d17adfd43ebabcb883f11bb8f3b53,n02-close-to-line-but-inside,POV_PARKING_B1_N02_CLOSE_TO_LINE_BUT_INSIDE,negative,0,train
208,IMG_007447,208_pov-b1-0208-n02-close-to-line-but-inside-front-right.png,00_raw/ai_generated/images/20260902_ai_generated_parking_order_violation_pov_b1_397/IMG_007447.png,92eb767f556842b1ee61dc1e440a26a1a60f6a2edf892e72e4a29c9838117e0b,n02-close-to-line-but-inside,POV_PARKING_B1_N02_CLOSE_TO_LINE_BUT_INSIDE,negative,0,train
209,IMG_007448,209_pov-b1-0209-n02-close-to-line-but-inside-front-center.png,00_raw/ai_generated/images/20260902_ai_generated_parking_order_violation_pov_b1_397/IMG_007448.png,27c1665d9965bc76ea486a6e716c598da19604e3d412b34f7523f23f82f2b392,n02-close-to-line-but-inside,POV_PARKING_B1_N02_CLOSE_TO_LINE_BUT_INSIDE,negative,0,train
210,IMG_007449,210_pov-b1-0210-n02-close-to-line-but-inside-front-left.png,00_raw/ai_generated/images/20260902_ai_generated_parking_order_violation_pov_b1_397/IMG_007449.png,e82782bc39ef9899001bd720d28c4535d6c62e07d6ede16d23b9669968689367,n02-close-to-line-but-inside,POV_PARKING_B1_N02_CLOSE_TO_LINE_BUT_INSIDE,negative,0,train
211,IMG_007450,211_pov-b1-0211-n02-close-to-line-but-inside-front-right.png,00_raw/ai_generated/images/20260902_ai_generated_parking_order_violation_pov_b1_397/IMG_007450.png,dfcabcaf60309258982b2f14a2079537b4c0d67d831f2d2bd838649f9c4cbfca,n02-close-to-line-but-inside,POV_PARKING_B1_N02_CLOSE_TO_LINE_BUT_INSIDE,negative,0,train
212,IMG_007451,212_pov-b1-0212-n02-close-to-line-but-inside-front-center.png,00_raw/ai_generated/images/20260902_ai_generated_parking_order_violation_pov_b1_397/IMG_007451.png,f895fd5f9d83232f4e929e529c8d3a2d3eff103aa6cd29fd27614a88796ffd9d,n02-close-to-line-but-inside,POV_PARKING_B1_N02_CLOSE_TO_LINE_BUT_INSIDE,negative,0,train
213,IMG_007452,213_pov-b1-0213-n02-close-to-line-but-inside-front-left.png,00_raw/ai_generated/images/20260902_ai_generated_parking_order_violation_pov_b1_397/IMG_007452.png,8cec4bebad215390b56fe9e6e5c35287e589043ed992daf9fb50a180b6ee7ca7,n02-close-to-line-but-inside,POV_PARKING_B1_N02_CLOSE_TO_LINE_BUT_INSIDE,negative,0,train
214,IMG_007453,214_pov-b1-0214-n02-close-to-line-but-inside-front-center.png,00_raw/ai_generated/images/20260902_ai_generated_parking_order_violation_pov_b1_397/IMG_007453.png,8cd0d7dbbfacc8107b3c0b0245ce596d043193825b3be2e639fac4f2886f4a32,n02-close-to-line-but-inside,POV_PARKING_B1_N02_CLOSE_TO_LINE_BUT_INSIDE,negative,0,train
215,IMG_007454,215_pov-b1-0215-n02-close-to-line-but-inside-front-left.png,00_raw/ai_generated/images/20260902_ai_generated_parking_order_violation_pov_b1_397/IMG_007454.png,31294814f4739ced23a5ed9eaf077869a62bc156987fdae30ca326c04393b233,n02-close-to-line-but-inside,POV_PARKING_B1_N02_CLOSE_TO_LINE_BUT_INSIDE,negative,0,train
216,IMG_007455,216_pov-b1-0216-n03-diagonal-bay-correct-front-center.png,00_raw/ai_generated/images/20260902_ai_generated_parking_order_violation_pov_b1_397/IMG_007455.png,7c90b74b6df0fd3434c820c4803ea024860a81c84e42517027043157326fc5df,n03-diagonal-bay-correct,POV_PARKING_B1_N03_DIAGONAL_BAY_CORRECT,negative,0,holdout
217,IMG_007456,217_pov-b1-0217-n03-diagonal-bay-correct-front-left.png,00_raw/ai_generated/images/20260902_ai_generated_parking_order_violation_pov_b1_397/IMG_007456.png,5eadba2bdd3b559941e3418bf1b3c2801ea86f5c3b47911aa9ec2ad3a152ba66,n03-diagonal-bay-correct,POV_PARKING_B1_N03_DIAGONAL_BAY_CORRECT,negative,0,holdout
218,IMG_007457,218_pov-b1-0218-n03-diagonal-bay-correct-front-right.png,00_raw/ai_generated/images/20260902_ai_generated_parking_order_violation_pov_b1_397/IMG_007457.png,1b745feece129bbc2798c74d73ba20316c25da3d00927816f9e53a35acbf266c,n03-diagonal-bay-correct,POV_PARKING_B1_N03_DIAGONAL_BAY_CORRECT,negative,0,holdout
219,IMG_007458,219_pov-b1-0219-n03-diagonal-bay-correct-front-center.png,00_raw/ai_generated/images/20260902_ai_generated_parking_order_violation_pov_b1_397/IMG_007458.png,2f6dd8c7f7b1dc80c0b1199d9644fd34b108952e096f9c7858f76927a34e7927,n03-diagonal-bay-correct,POV_PARKING_B1_N03_DIAGONAL_BAY_CORRECT,negative,0,holdout
220,IMG_007459,220_pov-b1-0220-n03-diagonal-bay-correct-front-left.png,00_raw/ai_generated/images/20260902_ai_generated_parking_order_violation_pov_b1_397/IMG_007459.png,19459a59927d35caaeb247bb37d8f472f63c0beecd405ef7d87111fc22de55c0,n03-diagonal-bay-correct,POV_PARKING_B1_N03_DIAGONAL_BAY_CORRECT,negative,0,holdout
221,IMG_007460,221_pov-b1-0221-n03-diagonal-bay-correct-front-right.png,00_raw/ai_generated/images/20260902_ai_generated_parking_order_violation_pov_b1_397/IMG_007460.png,3a0d96710923323d6a4c6a0b0dff53f415ddba191f0df7235c71761bddaf63c5,n03-diagonal-bay-correct,POV_PARKING_B1_N03_DIAGONAL_BAY_CORRECT,negative,0,holdout
222,IMG_007461,222_pov-b1-0222-n03-diagonal-bay-correct-front-center.png,00_raw/ai_generated/images/20260902_ai_generated_parking_order_violation_pov_b1_397/IMG_007461.png,55ac15f83c52cd7d980acf073b3da3b7411e41706527b92767a3a6b91edb5f20,n03-diagonal-bay-correct,POV_PARKING_B1_N03_DIAGONAL_BAY_CORRECT,negative,0,holdout
223,IMG_007462,223_pov-b1-0223-n03-diagonal-bay-correct-front-left.png,00_raw/ai_generated/images/20260902_ai_generated_parking_order_violation_pov_b1_397/IMG_007462.png,57b5c019085ffa8fdab1a502bca7dc47a9316763e6e20b4e110888978e362729,n03-diagonal-bay-correct,POV_PARKING_B1_N03_DIAGONAL_BAY_CORRECT,negative,0,holdout
224,IMG_007463,224_pov-b1-0224-n03-diagonal-bay-correct-front-right.png,00_raw/ai_generated/images/20260902_ai_generated_parking_order_violation_pov_b1_397/IMG_007463.png,f4732bbb047872c395ede807cdb02d9291f777c00e963f7ccb7dc04f17a86e2a,n03-diagonal-bay-correct,POV_PARKING_B1_N03_DIAGONAL_BAY_CORRECT,negative,0,holdout
225,IMG_007464,225_pov-b1-0225-n03-diagonal-bay-correct-front-center.png,00_raw/ai_generated/images/20260902_ai_generated_parking_order_violation_pov_b1_397/IMG_007464.png,8cf423ea5d5be88789429980f50c0ef31ea0aad8a4d4dede698bbd3cb8fde18d,n03-diagonal-bay-correct,POV_PARKING_B1_N03_DIAGONAL_BAY_CORRECT,negative,0,holdout
226,IMG_007465,226_pov-b1-0226-n03-diagonal-bay-correct-front-left.png,00_raw/ai_generated/images/20260902_ai_generated_parking_order_violation_pov_b1_397/IMG_007465.png,0173b785c086015179eebb31f75d19c6523d350e10c2924111c615bdc3566010,n03-diagonal-bay-correct,POV_PARKING_B1_N03_DIAGONAL_BAY_CORRECT,negative,0,holdout
227,IMG_007466,227_pov-b1-0227-n03-diagonal-bay-correct-front-right.png,00_raw/ai_generated/images/20260902_ai_generated_parking_order_violation_pov_b1_397/IMG_007466.png,b62a4b780aced11b27672adced6410251f142e0075012f4bbf8e56bd72061a11,n03-diagonal-bay-correct,POV_PARKING_B1_N03_DIAGONAL_BAY_CORRECT,negative,0,holdout
228,IMG_007467,228_pov-b1-0228-n03-diagonal-bay-correct-front-center.png,00_raw/ai_generated/images/20260902_ai_generated_parking_order_violation_pov_b1_397/IMG_007467.png,3a4435403ec5ba2d2d0dc3af9c40e09c59ef776827982d073d8c18cc7b1124a2,n03-diagonal-bay-correct,POV_PARKING_B1_N03_DIAGONAL_BAY_CORRECT,negative,0,holdout
229,IMG_007468,229_pov-b1-0229-n03-diagonal-bay-correct-front-left.png,00_raw/ai_generated/images/20260902_ai_generated_parking_order_violation_pov_b1_397/IMG_007468.png,016eda9b6a37bcc9a31bcb6722e7f6e4ad5c9c574070912ffaf38d9955eca657,n03-diagonal-bay-correct,POV_PARKING_B1_N03_DIAGONAL_BAY_CORRECT,negative,0,holdout
230,IMG_007469,230_pov-b1-0230-n03-diagonal-bay-correct-front-right.png,00_raw/ai_generated/images/20260902_ai_generated_parking_order_violation_pov_b1_397/IMG_007469.png,3b5cd1696737529e5b49516fdef7163677c51d9c09d2dff844ec0fde1ccdb2cc,n03-diagonal-bay-correct,POV_PARKING_B1_N03_DIAGONAL_BAY_CORRECT,negative,0,holdout
231,IMG_007470,231_pov-b1-0231-n04-parallel-bay-correct-front-center.png,00_raw/ai_generated/images/20260902_ai_generated_parking_order_violation_pov_b1_397/IMG_007470.png,ffd96edec5b541b57c022e406a9df1206de9cd11f497f97b921590a4cb147d7a,n04-parallel-bay-correct,POV_PARKING_B1_N04_PARALLEL_BAY_CORRECT,negative,0,train
232,IMG_007471,232_pov-b1-0232-n04-parallel-bay-correct-front-left.png,00_raw/ai_generated/images/20260902_ai_generated_parking_order_violation_pov_b1_397/IMG_007471.png,ac059b56b948ac0ce6268be123d237d90538e61de18d38979bebc673ad59cc32,n04-parallel-bay-correct,POV_PARKING_B1_N04_PARALLEL_BAY_CORRECT,negative,0,train
233,IMG_007472,233_pov-b1-0233-n04-parallel-bay-correct-front-right.png,00_raw/ai_generated/images/20260902_ai_generated_parking_order_violation_pov_b1_397/IMG_007472.png,d6b1c1741a2716126fb5fbb0d7b295acd8cfab464f4844d24faf4c2e13c9935d,n04-parallel-bay-correct,POV_PARKING_B1_N04_PARALLEL_BAY_CORRECT,negative,0,train
234,IMG_007473,234_pov-b1-0234-n04-parallel-bay-correct-front-center.png,00_raw/ai_generated/images/20260902_ai_generated_parking_order_violation_pov_b1_397/IMG_007473.png,6963503e93bc2af92aec117f79c47f050d7734bc32ab0900c816caebebcda90a,n04-parallel-bay-correct,POV_PARKING_B1_N04_PARALLEL_BAY_CORRECT,negative,0,train
235,IMG_007474,235_pov-b1-0235-n04-parallel-bay-correct-front-left.png,00_raw/ai_generated/images/20260902_ai_generated_parking_order_violation_pov_b1_397/IMG_007474.png,e58b328a4a52ecc2064f6f4bad4305e22066c00c40a6faba21d4fa1ea7620390,n04-parallel-bay-correct,POV_PARKING_B1_N04_PARALLEL_BAY_CORRECT,negative,0,train
236,IMG_007475,236_pov-b1-0236-n04-parallel-bay-correct-front-right.png,00_raw/ai_generated/images/20260902_ai_generated_parking_order_violation_pov_b1_397/IMG_007475.png,12fd7dbf02b80b458feeca8d85f023fa1bfaae40c62e28d4ac5c6f148975063a,n04-parallel-bay-correct,POV_PARKING_B1_N04_PARALLEL_BAY_CORRECT,negative,0,train
237,IMG_007476,237_pov-b1-0237-n04-parallel-bay-correct-front-center.png,00_raw/ai_generated/images/20260902_ai_generated_parking_order_violation_pov_b1_397/IMG_007476.png,b513ba70194283db96a6c897f4d67a09789ea4893b94072702c6bdf38f7bd26d,n04-parallel-bay-correct,POV_PARKING_B1_N04_PARALLEL_BAY_CORRECT,negative,0,train
238,IMG_007477,238_pov-b1-0238-n04-parallel-bay-correct-front-left.png,00_raw/ai_generated/images/20260902_ai_generated_parking_order_violation_pov_b1_397/IMG_007477.png,b7b0ec6c5da39a2c3881d794a1e28efe7977b10ee2ac04417c1c59ae30347d08,n04-parallel-bay-correct,POV_PARKING_B1_N04_PARALLEL_BAY_CORRECT,negative,0,train
239,IMG_007478,239_pov-b1-0239-n04-parallel-bay-correct-front-right.png,00_raw/ai_generated/images/20260902_ai_generated_parking_order_violation_pov_b1_397/IMG_007478.png,840bcd3d87904bb688ac8f22053fe7aaaf290fca69f4a76a8eaa0aa95d43783c,n04-parallel-bay-correct,POV_PARKING_B1_N04_PARALLEL_BAY_CORRECT,negative,0,train
240,IMG_007479,240_pov-b1-0240-n04-parallel-bay-correct-front-center.png,00_raw/ai_generated/images/20260902_ai_generated_parking_order_violation_pov_b1_397/IMG_007479.png,163293445dc411a5ef535fa6293fd4a203761de6a2dbaddcae2a90db43894425,n04-parallel-bay-correct,POV_PARKING_B1_N04_PARALLEL_BAY_CORRECT,negative,0,train
241,IMG_007480,241_pov-b1-0241-n04-parallel-bay-correct-front-left.png,00_raw/ai_generated/images/20260902_ai_generated_parking_order_violation_pov_b1_397/IMG_007480.png,6661b6d76b99e8c6816eaed0de046f9db84359d70da9dbb6035d9c442a4b60a3,n04-parallel-bay-correct,POV_PARKING_B1_N04_PARALLEL_BAY_CORRECT,negative,0,train
242,IMG_007481,242_pov-b1-0242-n04-parallel-bay-correct-front-right.png,00_raw/ai_generated/images/20260902_ai_generated_parking_order_violation_pov_b1_397/IMG_007481.png,402465f6c50956a489270d7214155e5651feae5f6a1ba0324096f8528792a918,n04-parallel-bay-correct,POV_PARKING_B1_N04_PARALLEL_BAY_CORRECT,negative,0,train
243,IMG_007482,243_pov-b1-0243-n04-parallel-bay-correct-front-center.png,00_raw/ai_generated/images/20260902_ai_generated_parking_order_violation_pov_b1_397/IMG_007482.png,bcbb6a95abcc7db1c289432017fa8c43816591bf80c2b2d0878db27eb0f27501,n04-parallel-bay-correct,POV_PARKING_B1_N04_PARALLEL_BAY_CORRECT,negative,0,train
244,IMG_007483,244_pov-b1-0244-n04-parallel-bay-correct-front-left.png,00_raw/ai_generated/images/20260902_ai_generated_parking_order_violation_pov_b1_397/IMG_007483.png,dddf5124ef2980ca694ac5ff14eae06e54f77818d7aa95695302667d2e17f6e1,n04-parallel-bay-correct,POV_PARKING_B1_N04_PARALLEL_BAY_CORRECT,negative,0,train
245,IMG_007484,245_pov-b1-0245-n04-parallel-bay-correct-front-right.png,00_raw/ai_generated/images/20260902_ai_generated_parking_order_violation_pov_b1_397/IMG_007484.png,3fc0877161caa1e27785b4f5924c2ab9f42ce9b4bff2c52654c21f2e30f87ac8,n04-parallel-bay-correct,POV_PARKING_B1_N04_PARALLEL_BAY_CORRECT,negative,0,train
246,IMG_007485,246_pov-b1-0246-n05-multiple-all-correct-front-center.png,00_raw/ai_generated/images/20260902_ai_generated_parking_order_violation_pov_b1_397/IMG_007485.png,38fa4004939a4b72c001048a0736c7559dc9e643924221f2e8708dc8d7f4ec3f,n05-multiple-all-correct,POV_PARKING_B1_N05_MULTIPLE_ALL_CORRECT,negative,0,holdout
247,IMG_007486,247_pov-b1-0247-n05-multiple-all-correct-front-left.png,00_raw/ai_generated/images/20260902_ai_generated_parking_order_violation_pov_b1_397/IMG_007486.png,24ca95ab81b40807888c897395dbb639c1ef1b425f4592c1ca7fe75779acd573,n05-multiple-all-correct,POV_PARKING_B1_N05_MULTIPLE_ALL_CORRECT,negative,0,holdout
248,IMG_007487,248_pov-b1-0248-n05-multiple-all-correct-front-right.png,00_raw/ai_generated/images/20260902_ai_generated_parking_order_violation_pov_b1_397/IMG_007487.png,20a8b6442307a0fb11e2c54790fc4b3169189324ae0afbaf12dd7efb75de651a,n05-multiple-all-correct,POV_PARKING_B1_N05_MULTIPLE_ALL_CORRECT,negative,0,holdout
249,IMG_007488,249_pov-b1-0249-n05-multiple-all-correct-front-center.png,00_raw/ai_generated/images/20260902_ai_generated_parking_order_violation_pov_b1_397/IMG_007488.png,7c2d00c9ecdca647b69307e2b1cadec63687ae60a24c41dfa8ba17587a59c134,n05-multiple-all-correct,POV_PARKING_B1_N05_MULTIPLE_ALL_CORRECT,negative,0,holdout
250,IMG_007489,250_pov-b1-0250-n05-multiple-all-correct-front-left.png,00_raw/ai_generated/images/20260902_ai_generated_parking_order_violation_pov_b1_397/IMG_007489.png,496cad46c01f16ff0ccc6e46a0c04c0d59568f44fbe6190801fbeadf968f245b,n05-multiple-all-correct,POV_PARKING_B1_N05_MULTIPLE_ALL_CORRECT,negative,0,holdout
251,IMG_007490,251_pov-b1-0251-n05-multiple-all-correct-front-right.png,00_raw/ai_generated/images/20260902_ai_generated_parking_order_violation_pov_b1_397/IMG_007490.png,b19b59702332b201b9ccf66a75ab06492d26a3f636fde2d2d31615b1a0fce0f9,n05-multiple-all-correct,POV_PARKING_B1_N05_MULTIPLE_ALL_CORRECT,negative,0,holdout
252,IMG_007491,252_pov-b1-0252-n05-multiple-all-correct-front-center.png,00_raw/ai_generated/images/20260902_ai_generated_parking_order_violation_pov_b1_397/IMG_007491.png,3a0877ffd4de6879e9d413fb50a459b228208a8fa1d61ac624aba67bc1932359,n05-multiple-all-correct,POV_PARKING_B1_N05_MULTIPLE_ALL_CORRECT,negative,0,holdout
253,IMG_007492,253_pov-b1-0253-n05-multiple-all-correct-front-left.png,00_raw/ai_generated/images/20260902_ai_generated_parking_order_violation_pov_b1_397/IMG_007492.png,dd83a30ed5c13b0be91bdb5b308415c64f9e5feb73a38a04bd8ed20ed4e1cd29,n05-multiple-all-correct,POV_PARKING_B1_N05_MULTIPLE_ALL_CORRECT,negative,0,holdout
254,IMG_007493,254_pov-b1-0254-n05-multiple-all-correct-front-right.png,00_raw/ai_generated/images/20260902_ai_generated_parking_order_violation_pov_b1_397/IMG_007493.png,49bf94c278070c3ce6c0aa3a970bec504d09185411190cb4ee9de210419039a9,n05-multiple-all-correct,POV_PARKING_B1_N05_MULTIPLE_ALL_CORRECT,negative,0,holdout
255,IMG_007494,255_pov-b1-0255-n05-multiple-all-correct-front-center.png,00_raw/ai_generated/images/20260902_ai_generated_parking_order_violation_pov_b1_397/IMG_007494.png,93317aa39c782f821a0799506875a2b13d9284cb199d6795e5de362b79310da5,n05-multiple-all-correct,POV_PARKING_B1_N05_MULTIPLE_ALL_CORRECT,negative,0,holdout
256,IMG_007495,256_pov-b1-0256-n05-multiple-all-correct-front-left.png,00_raw/ai_generated/images/20260902_ai_generated_parking_order_violation_pov_b1_397/IMG_007495.png,ffc13b5634d9bb9a306491b2e5b4423da8774797b43e263106776ef5af9f7e6c,n05-multiple-all-correct,POV_PARKING_B1_N05_MULTIPLE_ALL_CORRECT,negative,0,holdout
257,IMG_007496,257_pov-b1-0257-n05-multiple-all-correct-front-right.png,00_raw/ai_generated/images/20260902_ai_generated_parking_order_violation_pov_b1_397/IMG_007496.png,99367d57d9f3a5b0939d2c3afdf5eb4bda2dedb1e3e0347af68dfeca77753bd2,n05-multiple-all-correct,POV_PARKING_B1_N05_MULTIPLE_ALL_CORRECT,negative,0,holdout
258,IMG_007497,258_pov-b1-0258-n05-multiple-all-correct-front-center.png,00_raw/ai_generated/images/20260902_ai_generated_parking_order_violation_pov_b1_397/IMG_007497.png,c43e5d1e51411f75bbceba93eae64f233568e070f041a544c93850ccf17622c4,n05-multiple-all-correct,POV_PARKING_B1_N05_MULTIPLE_ALL_CORRECT,negative,0,holdout
259,IMG_007498,259_pov-b1-0259-n05-multiple-all-correct-front-left.png,00_raw/ai_generated/images/20260902_ai_generated_parking_order_violation_pov_b1_397/IMG_007498.png,3c47623041a3e11eb662029709f8b791326300d7652936b5e96530214bb018bf,n05-multiple-all-correct,POV_PARKING_B1_N05_MULTIPLE_ALL_CORRECT,negative,0,holdout
260,IMG_007499,260_pov-b1-0260-n05-multiple-all-correct-front-right.png,00_raw/ai_generated/images/20260902_ai_generated_parking_order_violation_pov_b1_397/IMG_007499.png,5481b65b8fd23cc80f33c6488e0b419e2e97ec975ef79ac74197b76eb0c111ae,n05-multiple-all-correct,POV_PARKING_B1_N05_MULTIPLE_ALL_CORRECT,negative,0,holdout
261,IMG_007500,261_pov-b1-0261-n06-special-marked-space-geometry-correct-front-center.png,00_raw/ai_generated/images/20260902_ai_generated_parking_order_violation_pov_b1_397/IMG_007500.png,7c11edd3ec328a6011f19b5c976356c6d9c83ef659b2da1f8fb7572eacc8c91c,n06-special-marked-space-geometry-correct,POV_PARKING_B1_N06_SPECIAL_MARKED_SPACE_GEOMETRY_CORRECT,negative,0,validation
262,IMG_007501,262_pov-b1-0262-n06-special-marked-space-geometry-correct-front-left.png,00_raw/ai_generated/images/20260902_ai_generated_parking_order_violation_pov_b1_397/IMG_007501.png,e5996a6ca6fab8b8a316b016f34f33b836f8be6a5258f58692266afd6c39f4b9,n06-special-marked-space-geometry-correct,POV_PARKING_B1_N06_SPECIAL_MARKED_SPACE_GEOMETRY_CORRECT,negative,0,validation
263,IMG_007502,263_pov-b1-0263-n06-special-marked-space-geometry-correct-front-right.png,00_raw/ai_generated/images/20260902_ai_generated_parking_order_violation_pov_b1_397/IMG_007502.png,54a4a08a864637e04925b611a59cd4d26d0d8dbfe58017be3240557d3b87062d,n06-special-marked-space-geometry-correct,POV_PARKING_B1_N06_SPECIAL_MARKED_SPACE_GEOMETRY_CORRECT,negative,0,validation
264,IMG_007503,264_pov-b1-0264-n06-special-marked-space-geometry-correct-front-center.png,00_raw/ai_generated/images/20260902_ai_generated_parking_order_violation_pov_b1_397/IMG_007503.png,bc064192e623a622812041abc75841d9e1b2a1307457c29f9e84dd3e8086c159,n06-special-marked-space-geometry-correct,POV_PARKING_B1_N06_SPECIAL_MARKED_SPACE_GEOMETRY_CORRECT,negative,0,validation
265,IMG_007504,265_pov-b1-0265-n06-special-marked-space-geometry-correct-front-left.png,00_raw/ai_generated/images/20260902_ai_generated_parking_order_violation_pov_b1_397/IMG_007504.png,4aee2ee570fc470f7b7827af91356c0238660fcb0cc875bd19d960120e744a28,n06-special-marked-space-geometry-correct,POV_PARKING_B1_N06_SPECIAL_MARKED_SPACE_GEOMETRY_CORRECT,negative,0,validation
266,IMG_007505,266_pov-b1-0266-n06-special-marked-space-geometry-correct-front-right.png,00_raw/ai_generated/images/20260902_ai_generated_parking_order_violation_pov_b1_397/IMG_007505.png,df1b0bfe7da3ab2425f753c710b1943ffea14f821af9ca28ec659f682d8cc4bf,n06-special-marked-space-geometry-correct,POV_PARKING_B1_N06_SPECIAL_MARKED_SPACE_GEOMETRY_CORRECT,negative,0,validation
267,IMG_007506,267_pov-b1-0267-n06-special-marked-space-geometry-correct-front-center.png,00_raw/ai_generated/images/20260902_ai_generated_parking_order_violation_pov_b1_397/IMG_007506.png,a33765c61611be5070d85f63662ead396b71216f5f7a3e27a23cb533d927feec,n06-special-marked-space-geometry-correct,POV_PARKING_B1_N06_SPECIAL_MARKED_SPACE_GEOMETRY_CORRECT,negative,0,validation
268,IMG_007507,268_pov-b1-0268-n06-special-marked-space-geometry-correct-front-left.png,00_raw/ai_generated/images/20260902_ai_generated_parking_order_violation_pov_b1_397/IMG_007507.png,93340af28888fc53595177174b482c1bb16063a61395103887b61d6316c70fa6,n06-special-marked-space-geometry-correct,POV_PARKING_B1_N06_SPECIAL_MARKED_SPACE_GEOMETRY_CORRECT,negative,0,validation
269,IMG_007508,269_pov-b1-0269-n06-special-marked-space-geometry-correct-front-right.png,00_raw/ai_generated/images/20260902_ai_generated_parking_order_violation_pov_b1_397/IMG_007508.png,7c131c2df9cce13cd03d4a3a1cc87d99968128034046d06c8e6c7166351a3313,n06-special-marked-space-geometry-correct,POV_PARKING_B1_N06_SPECIAL_MARKED_SPACE_GEOMETRY_CORRECT,negative,0,validation
270,IMG_007509,270_pov-b1-0270-n06-special-marked-space-geometry-correct-front-center.png,00_raw/ai_generated/images/20260902_ai_generated_parking_order_violation_pov_b1_397/IMG_007509.png,b5b004055550f6519fbbef45d05a69d8b7c4bae04e1be54f09126f7b0ff183b9,n06-special-marked-space-geometry-correct,POV_PARKING_B1_N06_SPECIAL_MARKED_SPACE_GEOMETRY_CORRECT,negative,0,validation
271,IMG_007510,271_pov-b1-0271-n06-special-marked-space-geometry-correct-front-left.png,00_raw/ai_generated/images/20260902_ai_generated_parking_order_violation_pov_b1_397/IMG_007510.png,c335a7a97ad53b315899bae23db575134fc81b2606cc210fec314cd939f8e6d5,n06-special-marked-space-geometry-correct,POV_PARKING_B1_N06_SPECIAL_MARKED_SPACE_GEOMETRY_CORRECT,negative,0,validation
272,IMG_007511,272_pov-b1-0272-n06-special-marked-space-geometry-correct-front-right.png,00_raw/ai_generated/images/20260902_ai_generated_parking_order_violation_pov_b1_397/IMG_007511.png,5fbd572cfd73dfe30c90901308effd0d125a14973e5d8feb30d754ed0f931266,n06-special-marked-space-geometry-correct,POV_PARKING_B1_N06_SPECIAL_MARKED_SPACE_GEOMETRY_CORRECT,negative,0,validation
273,IMG_007512,273_pov-b1-0273-n06-special-marked-space-geometry-correct-front-center.png,00_raw/ai_generated/images/20260902_ai_generated_parking_order_violation_pov_b1_397/IMG_007512.png,a31ed5b33e3a9d55be3476bd08e1672c036be55ec6ff7e1fd6ebda19ddb758cd,n06-special-marked-space-geometry-correct,POV_PARKING_B1_N06_SPECIAL_MARKED_SPACE_GEOMETRY_CORRECT,negative,0,validation
274,IMG_007513,274_pov-b1-0274-n06-special-marked-space-geometry-correct-front-left.png,00_raw/ai_generated/images/20260902_ai_generated_parking_order_violation_pov_b1_397/IMG_007513.png,49e139dc0574bd5f19d12feedf92f6a525caba5c29ea39c3b1f26b1c202a371f,n06-special-marked-space-geometry-correct,POV_PARKING_B1_N06_SPECIAL_MARKED_SPACE_GEOMETRY_CORRECT,negative,0,validation
275,IMG_007514,275_pov-b1-0275-n06-special-marked-space-geometry-correct-front-right.png,00_raw/ai_generated/images/20260902_ai_generated_parking_order_violation_pov_b1_397/IMG_007514.png,a7c7234d055f07794f467ce6ff74c329146aeb8d7d665febd51e279e8b689a72,n06-special-marked-space-geometry-correct,POV_PARKING_B1_N06_SPECIAL_MARKED_SPACE_GEOMETRY_CORRECT,negative,0,validation
276,IMG_007515,276_pov-b1-0276-n06-special-marked-space-geometry-correct-front-center.png,00_raw/ai_generated/images/20260902_ai_generated_parking_order_violation_pov_b1_397/IMG_007515.png,70e6d1546cb060b86ef97f460cf17a3bd50fbafbcd5810622078a2fe8677e41d,n06-special-marked-space-geometry-correct,POV_PARKING_B1_N06_SPECIAL_MARKED_SPACE_GEOMETRY_CORRECT,negative,0,validation
277,IMG_007516,277_pov-b1-0277-n06-special-marked-space-geometry-correct-front-left.png,00_raw/ai_generated/images/20260902_ai_generated_parking_order_violation_pov_b1_397/IMG_007516.png,d4ddb7ed1ecba9f8e9125fa7d6994a234347606d44522513a2c5c297c3739b99,n06-special-marked-space-geometry-correct,POV_PARKING_B1_N06_SPECIAL_MARKED_SPACE_GEOMETRY_CORRECT,negative,0,validation
278,IMG_007517,278_pov-b1-0278-n06-special-marked-space-geometry-correct-front-right.png,00_raw/ai_generated/images/20260902_ai_generated_parking_order_violation_pov_b1_397/IMG_007517.png,48dbc1c0f40b094dc83f8f125abad5185826d68f31a83b0883495b65eb83df27,n06-special-marked-space-geometry-correct,POV_PARKING_B1_N06_SPECIAL_MARKED_SPACE_GEOMETRY_CORRECT,negative,0,validation
279,IMG_007518,279_pov-b1-0279-n06-special-marked-space-geometry-correct-front-center.png,00_raw/ai_generated/images/20260902_ai_generated_parking_order_violation_pov_b1_397/IMG_007518.png,d047b7886ca9f5c25beeb54aac287016121b3960c5a5dad8f29c629a4165a506,n06-special-marked-space-geometry-correct,POV_PARKING_B1_N06_SPECIAL_MARKED_SPACE_GEOMETRY_CORRECT,negative,0,validation
280,IMG_007519,280_pov-b1-0280-n06-special-marked-space-geometry-correct-front-left.png,00_raw/ai_generated/images/20260902_ai_generated_parking_order_violation_pov_b1_397/IMG_007519.png,adac41f6843d4354d485af2af95b03eb574661dd7d09ab4eb3b5291c2c915f52,n06-special-marked-space-geometry-correct,POV_PARKING_B1_N06_SPECIAL_MARKED_SPACE_GEOMETRY_CORRECT,negative,0,validation
281,IMG_007320,281_pov-b1-0281-hn01-gate-queue-front-center.png,00_raw/ai_generated/images/20260902_ai_generated_parking_order_violation_pov_b1_397/IMG_007320.png,b37015b38be7e24bd3873e3d91ea54e8f2e713b46e6ee2b1ca13ffe12b0638e8,hn01-gate-queue,POV_PARKING_B1_HN01_GATE_QUEUE,hard_negative,0,train
282,IMG_007321,282_pov-b1-0282-hn01-gate-queue-front-left.png,00_raw/ai_generated/images/20260902_ai_generated_parking_order_violation_pov_b1_397/IMG_007321.png,1a9030f5890becb4d971e63490bd597baa3ca443e82cce3e657e52c52b2f8263,hn01-gate-queue,POV_PARKING_B1_HN01_GATE_QUEUE,hard_negative,0,train
283,IMG_007322,283_pov-b1-0283-hn01-gate-queue-front-right.png,00_raw/ai_generated/images/20260902_ai_generated_parking_order_violation_pov_b1_397/IMG_007322.png,4637690af777a63302a78904d8d7c9ec0bbf5ed4de0bc7fd6be11a185d698dc9,hn01-gate-queue,POV_PARKING_B1_HN01_GATE_QUEUE,hard_negative,0,train
284,IMG_007323,284_pov-b1-0284-hn01-gate-queue-front-center.png,00_raw/ai_generated/images/20260902_ai_generated_parking_order_violation_pov_b1_397/IMG_007323.png,9c6c0c08f5fd467e91ec69c821666ba76dbb4b20b61a731b8299d30722fa540d,hn01-gate-queue,POV_PARKING_B1_HN01_GATE_QUEUE,hard_negative,0,train
285,IMG_007324,285_pov-b1-0285-hn01-gate-queue-front-left.png,00_raw/ai_generated/images/20260902_ai_generated_parking_order_violation_pov_b1_397/IMG_007324.png,ac8ab05dad895aa89946b380b0c4ac667d91583a4062da483e770c82d9800f59,hn01-gate-queue,POV_PARKING_B1_HN01_GATE_QUEUE,hard_negative,0,train
286,IMG_007325,286_pov-b1-0286-hn01-gate-queue-front-right.png,00_raw/ai_generated/images/20260902_ai_generated_parking_order_violation_pov_b1_397/IMG_007325.png,99896b2f996c96671aafff8259139e133360e154edfdb68d6bc67b45f7378853,hn01-gate-queue,POV_PARKING_B1_HN01_GATE_QUEUE,hard_negative,0,train
287,IMG_007326,287_pov-b1-0287-hn01-gate-queue-front-center.png,00_raw/ai_generated/images/20260902_ai_generated_parking_order_violation_pov_b1_397/IMG_007326.png,acadd4c3f2591db383a714c3f755466bc550b3d41effafc2dc8e33238c34740c,hn01-gate-queue,POV_PARKING_B1_HN01_GATE_QUEUE,hard_negative,0,train
288,IMG_007327,288_pov-b1-0288-hn01-gate-queue-front-left.png,00_raw/ai_generated/images/20260902_ai_generated_parking_order_violation_pov_b1_397/IMG_007327.png,8c6a815148272f0e5e7437dc4b702e4570aa3917ebe023f284a9f5fa66d92688,hn01-gate-queue,POV_PARKING_B1_HN01_GATE_QUEUE,hard_negative,0,train
289,IMG_007328,289_pov-b1-0289-hn01-gate-queue-front-right.png,00_raw/ai_generated/images/20260902_ai_generated_parking_order_violation_pov_b1_397/IMG_007328.png,e21756f049ead7e77e259d9ba4ed7369db40e9ffe55a0c97e4e484923f79cc8e,hn01-gate-queue,POV_PARKING_B1_HN01_GATE_QUEUE,hard_negative,0,train
290,IMG_007329,290_pov-b1-0290-hn01-gate-queue-front-center.png,00_raw/ai_generated/images/20260902_ai_generated_parking_order_violation_pov_b1_397/IMG_007329.png,4c35aa30c3e6f91ff96a1e9a241f83c8b641ce8848d416c6cbea432c15a1d20c,hn01-gate-queue,POV_PARKING_B1_HN01_GATE_QUEUE,hard_negative,0,train
291,IMG_007330,291_pov-b1-0291-hn01-gate-queue-front-left.png,00_raw/ai_generated/images/20260902_ai_generated_parking_order_violation_pov_b1_397/IMG_007330.png,ef867c897d3753231b790a940846a860664ad5958257f3da2a0a7f2bb2510e22,hn01-gate-queue,POV_PARKING_B1_HN01_GATE_QUEUE,hard_negative,0,train
292,IMG_007331,292_pov-b1-0292-hn01-gate-queue-front-right.png,00_raw/ai_generated/images/20260902_ai_generated_parking_order_violation_pov_b1_397/IMG_007331.png,0975771dd7c05b53c2950c99d48bfb4c4b5d6ebc346bca8910513caafcb37966,hn01-gate-queue,POV_PARKING_B1_HN01_GATE_QUEUE,hard_negative,0,train
293,IMG_007332,293_pov-b1-0293-hn01-gate-queue-front-center.png,00_raw/ai_generated/images/20260902_ai_generated_parking_order_violation_pov_b1_397/IMG_007332.png,b66a6e967c3840611a37b7c40fff48e221521bcf6ebd98881b8dbdbf6d9fc153,hn01-gate-queue,POV_PARKING_B1_HN01_GATE_QUEUE,hard_negative,0,train
294,IMG_007333,294_pov-b1-0294-hn01-gate-queue-front-left.png,00_raw/ai_generated/images/20260902_ai_generated_parking_order_violation_pov_b1_397/IMG_007333.png,8b17ebad1f53508e569e77ee1cb2be75762aded915302cda25742ff22af09eca,hn01-gate-queue,POV_PARKING_B1_HN01_GATE_QUEUE,hard_negative,0,train
295,IMG_007334,295_pov-b1-0295-hn01-gate-queue-front-right.png,00_raw/ai_generated/images/20260902_ai_generated_parking_order_violation_pov_b1_397/IMG_007334.png,01298aead601e68833086750e340d126205a6b3994975e5d4307f96eeb46db5b,hn01-gate-queue,POV_PARKING_B1_HN01_GATE_QUEUE,hard_negative,0,train
296,IMG_007335,296_pov-b1-0296-hn01-gate-queue-front-center.png,00_raw/ai_generated/images/20260902_ai_generated_parking_order_violation_pov_b1_397/IMG_007335.png,f73e208308694a8649951e4af0e9d1e7bac401c2d84f45c29abb93f839ba4a3d,hn01-gate-queue,POV_PARKING_B1_HN01_GATE_QUEUE,hard_negative,0,train
297,IMG_007336,297_pov-b1-0297-hn01-gate-queue-front-left.png,00_raw/ai_generated/images/20260902_ai_generated_parking_order_violation_pov_b1_397/IMG_007336.png,584062c5c64113d51731b58b8b9a8bb2ba67b54c040d92100dd0bc213776d2da,hn01-gate-queue,POV_PARKING_B1_HN01_GATE_QUEUE,hard_negative,0,train
298,IMG_007337,298_pov-b1-0298-hn01-gate-queue-front-right.png,00_raw/ai_generated/images/20260902_ai_generated_parking_order_violation_pov_b1_397/IMG_007337.png,18fac90cca01f0d47ecb2b49ca4be90825e42961de9d137f8afa7e30a3eb4744,hn01-gate-queue,POV_PARKING_B1_HN01_GATE_QUEUE,hard_negative,0,train
299,IMG_007338,299_pov-b1-0299-hn01-gate-queue-front-center.png,00_raw/ai_generated/images/20260902_ai_generated_parking_order_violation_pov_b1_397/IMG_007338.png,7d66894dfe71178cc7addf312440b5202ddb5fca399d31623cc71bbb85ea5d8d,hn01-gate-queue,POV_PARKING_B1_HN01_GATE_QUEUE,hard_negative,0,train
300,IMG_007339,300_pov-b1-0300-hn01-gate-queue-front-left.png,00_raw/ai_generated/images/20260902_ai_generated_parking_order_violation_pov_b1_397/IMG_007339.png,f75d25a8eeda8e9453c989ac5c69f937ae9fe7ffbd867df0536abd4700d5533e,hn01-gate-queue,POV_PARKING_B1_HN01_GATE_QUEUE,hard_negative,0,train
301,IMG_007340,301_pov-b1-0301-hn01-gate-queue-front-right.png,00_raw/ai_generated/images/20260902_ai_generated_parking_order_violation_pov_b1_397/IMG_007340.png,64d2fbe4e310ae8115b2255e71585daebbed954bde03d8f46d6654c53105aa29,hn01-gate-queue,POV_PARKING_B1_HN01_GATE_QUEUE,hard_negative,0,train
302,IMG_007341,302_pov-b1-0302-hn01-gate-queue-front-center.png,00_raw/ai_generated/images/20260902_ai_generated_parking_order_violation_pov_b1_397/IMG_007341.png,3b25f76b665c447369972ed9429b62c4dd199ae608fd78fa801ce5b484909c2a,hn01-gate-queue,POV_PARKING_B1_HN01_GATE_QUEUE,hard_negative,0,train
303,IMG_007342,303_pov-b1-0303-hn01-gate-queue-front-left.png,00_raw/ai_generated/images/20260902_ai_generated_parking_order_violation_pov_b1_397/IMG_007342.png,5013e74edf5d0873384f2e3ac89e745a05fa17ae7743da0aff97481b3aef8a20,hn01-gate-queue,POV_PARKING_B1_HN01_GATE_QUEUE,hard_negative,0,train
304,IMG_007343,304_pov-b1-0304-hn01-gate-queue-front-right.png,00_raw/ai_generated/images/20260902_ai_generated_parking_order_violation_pov_b1_397/IMG_007343.png,17d41508f03896e6be2979d8d0fab41ddac4db4764d47332e0460a5e8953b848,hn01-gate-queue,POV_PARKING_B1_HN01_GATE_QUEUE,hard_negative,0,train
305,IMG_007344,305_pov-b1-0305-hn01-gate-queue-front-center.png,00_raw/ai_generated/images/20260902_ai_generated_parking_order_violation_pov_b1_397/IMG_007344.png,5529597cd994f92f974ce2e6d007b1ad1e01415efc2b134eee54964c4f34a3ae,hn01-gate-queue,POV_PARKING_B1_HN01_GATE_QUEUE,hard_negative,0,train
306,IMG_007345,306_pov-b1-0306-hn01-gate-queue-front-left.png,00_raw/ai_generated/images/20260902_ai_generated_parking_order_violation_pov_b1_397/IMG_007345.png,444949a5bb1ef4f274d25fcc0804048b37eaff9452c2cba40e4b599d10f05dfa,hn01-gate-queue,POV_PARKING_B1_HN01_GATE_QUEUE,hard_negative,0,train
307,IMG_007346,307_pov-b1-0307-hn01-gate-queue-front-right.png,00_raw/ai_generated/images/20260902_ai_generated_parking_order_violation_pov_b1_397/IMG_007346.png,2c36b5d0457dc0b06def434329cf8b10d6c10ec9026ce0f00bcf8452a5e04eca,hn01-gate-queue,POV_PARKING_B1_HN01_GATE_QUEUE,hard_negative,0,train
308,IMG_007347,308_pov-b1-0308-hn01-gate-queue-front-center.png,00_raw/ai_generated/images/20260902_ai_generated_parking_order_violation_pov_b1_397/IMG_007347.png,ef43e925f58c64765fd71b67d4621f91656afed05f4c84dc32cb0cf0b0462477,hn01-gate-queue,POV_PARKING_B1_HN01_GATE_QUEUE,hard_negative,0,train
309,IMG_007348,309_pov-b1-0309-hn01-gate-queue-front-left.png,00_raw/ai_generated/images/20260902_ai_generated_parking_order_violation_pov_b1_397/IMG_007348.png,811995a29ace32e6446ea2fa97bd9835db5b19c706746e280a47fa084a1ea155,hn01-gate-queue,POV_PARKING_B1_HN01_GATE_QUEUE,hard_negative,0,train
310,IMG_007349,310_pov-b1-0310-hn01-gate-queue-front-right.png,00_raw/ai_generated/images/20260902_ai_generated_parking_order_violation_pov_b1_397/IMG_007349.png,cc200060330faa0697ca33f1781fb3e190cd13dda00e63dff2cbb91f3ffecf01,hn01-gate-queue,POV_PARKING_B1_HN01_GATE_QUEUE,hard_negative,0,train
311,IMG_007350,311_pov-b1-0311-hn02-faded-lines-but-confirmably-inside-front-center.png,00_raw/ai_generated/images/20260902_ai_generated_parking_order_violation_pov_b1_397/IMG_007350.png,0672e381842b11cab5742c519c87268fe09f29ffd958853831362eeb430087f3,hn02-faded-lines-but-confirmably-inside,POV_PARKING_B1_HN02_FADED_LINES_BUT_CONFIRMABLY_INSIDE,hard_negative,0,validation
312,IMG_007351,312_pov-b1-0312-hn02-faded-lines-but-confirmably-inside-front-left.png,00_raw/ai_generated/images/20260902_ai_generated_parking_order_violation_pov_b1_397/IMG_007351.png,07d06203442a2dff61c3182c8ee93f1fcd3e5b657392acda2ee8d0721159c245,hn02-faded-lines-but-confirmably-inside,POV_PARKING_B1_HN02_FADED_LINES_BUT_CONFIRMABLY_INSIDE,hard_negative,0,validation
313,IMG_007352,313_pov-b1-0313-hn02-faded-lines-but-confirmably-inside-front-right.png,00_raw/ai_generated/images/20260902_ai_generated_parking_order_violation_pov_b1_397/IMG_007352.png,43950a74e9a68142514fd4ea1ce8974c8502bc2ee6e23e0de584206c235409b1,hn02-faded-lines-but-confirmably-inside,POV_PARKING_B1_HN02_FADED_LINES_BUT_CONFIRMABLY_INSIDE,hard_negative,0,validation
314,IMG_007353,314_pov-b1-0314-hn02-faded-lines-but-confirmably-inside-front-center.png,00_raw/ai_generated/images/20260902_ai_generated_parking_order_violation_pov_b1_397/IMG_007353.png,9c59016df2ab71e0472fc92e1884ce1eaabc0492faf2912102ada72a42f3eb75,hn02-faded-lines-but-confirmably-inside,POV_PARKING_B1_HN02_FADED_LINES_BUT_CONFIRMABLY_INSIDE,hard_negative,0,validation
315,IMG_007354,315_pov-b1-0315-hn02-faded-lines-but-confirmably-inside-front-left.png,00_raw/ai_generated/images/20260902_ai_generated_parking_order_violation_pov_b1_397/IMG_007354.png,a8688c9c1fb67525739440f7aa807d334a19e396e1e02bd23d926351452d5ca5,hn02-faded-lines-but-confirmably-inside,POV_PARKING_B1_HN02_FADED_LINES_BUT_CONFIRMABLY_INSIDE,hard_negative,0,validation
316,IMG_007355,316_pov-b1-0316-hn02-faded-lines-but-confirmably-inside-front-right.png,00_raw/ai_generated/images/20260902_ai_generated_parking_order_violation_pov_b1_397/IMG_007355.png,23f8e8a546fe249ab5d2e02b29fe104a5131ae0e4ce80667a61b73897dad9d93,hn02-faded-lines-but-confirmably-inside,POV_PARKING_B1_HN02_FADED_LINES_BUT_CONFIRMABLY_INSIDE,hard_negative,0,validation
317,IMG_007356,317_pov-b1-0317-hn02-faded-lines-but-confirmably-inside-front-center.png,00_raw/ai_generated/images/20260902_ai_generated_parking_order_violation_pov_b1_397/IMG_007356.png,b635cbc9e4d781374f788f1e33c1b381a357a634d6d5333ab6bed82fe2cc1ce9,hn02-faded-lines-but-confirmably-inside,POV_PARKING_B1_HN02_FADED_LINES_BUT_CONFIRMABLY_INSIDE,hard_negative,0,validation
318,IMG_007357,318_pov-b1-0318-hn02-faded-lines-but-confirmably-inside-front-left.png,00_raw/ai_generated/images/20260902_ai_generated_parking_order_violation_pov_b1_397/IMG_007357.png,cabd973ba6d16b666800001f6a9140755ba40f94024976cd2285dfec53a18c78,hn02-faded-lines-but-confirmably-inside,POV_PARKING_B1_HN02_FADED_LINES_BUT_CONFIRMABLY_INSIDE,hard_negative,0,validation
319,IMG_007358,319_pov-b1-0319-hn02-faded-lines-but-confirmably-inside-front-center.png,00_raw/ai_generated/images/20260902_ai_generated_parking_order_violation_pov_b1_397/IMG_007358.png,eaf775ddde4273d5e4eb08d1dee3f0b4991ac9a393d6118d4b84c1b989e2f85e,hn02-faded-lines-but-confirmably-inside,POV_PARKING_B1_HN02_FADED_LINES_BUT_CONFIRMABLY_INSIDE,hard_negative,0,validation
320,IMG_007359,320_pov-b1-0320-hn02-faded-lines-but-confirmably-inside-front-left.png,00_raw/ai_generated/images/20260902_ai_generated_parking_order_violation_pov_b1_397/IMG_007359.png,0f858350645bfb2da417651c472e17674c7e73c3c3fc5e7beb11ad38569e2cb7,hn02-faded-lines-but-confirmably-inside,POV_PARKING_B1_HN02_FADED_LINES_BUT_CONFIRMABLY_INSIDE,hard_negative,0,validation
321,IMG_007360,321_pov-b1-0321-hn03-perspective-looks-like-crossing-front-center.png,00_raw/ai_generated/images/20260902_ai_generated_parking_order_violation_pov_b1_397/IMG_007360.png,3674b9ed6b9e649845f7425d4a0ae172234b0e4097a75bb03592cb08ec60fc38,hn03-perspective-looks-like-crossing,POV_PARKING_B1_HN03_PERSPECTIVE_LOOKS_LIKE_CROSSING,hard_negative,0,holdout
322,IMG_007361,322_pov-b1-0322-hn03-perspective-looks-like-crossing-front-left.png,00_raw/ai_generated/images/20260902_ai_generated_parking_order_violation_pov_b1_397/IMG_007361.png,dac89cc4e5fe23b0cfce2ba0ea50484551bf9d03fae59a3d57e70a2f140b36c5,hn03-perspective-looks-like-crossing,POV_PARKING_B1_HN03_PERSPECTIVE_LOOKS_LIKE_CROSSING,hard_negative,0,holdout
323,IMG_007362,323_pov-b1-0323-hn03-perspective-looks-like-crossing-front-right.png,00_raw/ai_generated/images/20260902_ai_generated_parking_order_violation_pov_b1_397/IMG_007362.png,b33b9edcb63cdc555f412bf2b2565d8e59f1addadd3b07b054632672529cf42a,hn03-perspective-looks-like-crossing,POV_PARKING_B1_HN03_PERSPECTIVE_LOOKS_LIKE_CROSSING,hard_negative,0,holdout
324,IMG_007363,324_pov-b1-0324-hn03-perspective-looks-like-crossing-front-center.png,00_raw/ai_generated/images/20260902_ai_generated_parking_order_violation_pov_b1_397/IMG_007363.png,d63fdddba84ce8d8777fcce99e1b0f1e51b1b1e89c3598e6b31bad019187df29,hn03-perspective-looks-like-crossing,POV_PARKING_B1_HN03_PERSPECTIVE_LOOKS_LIKE_CROSSING,hard_negative,0,holdout
325,IMG_007364,325_pov-b1-0325-hn03-perspective-looks-like-crossing-front-left.png,00_raw/ai_generated/images/20260902_ai_generated_parking_order_violation_pov_b1_397/IMG_007364.png,b123821fecdc6f735d4f830cfeac154a9eb2087c90deee2b54b710bcbadd9aad,hn03-perspective-looks-like-crossing,POV_PARKING_B1_HN03_PERSPECTIVE_LOOKS_LIKE_CROSSING,hard_negative,0,holdout
326,IMG_007365,326_pov-b1-0326-hn03-perspective-looks-like-crossing-front-right.png,00_raw/ai_generated/images/20260902_ai_generated_parking_order_violation_pov_b1_397/IMG_007365.png,822a005649efe9075c28718f8dc4c3e5d8b2c72b1ab00e94a1c16d8e8657f2ce,hn03-perspective-looks-like-crossing,POV_PARKING_B1_HN03_PERSPECTIVE_LOOKS_LIKE_CROSSING,hard_negative,0,holdout
327,IMG_007366,327_pov-b1-0327-hn03-perspective-looks-like-crossing-front-center.png,00_raw/ai_generated/images/20260902_ai_generated_parking_order_violation_pov_b1_397/IMG_007366.png,593d8263187ce69bbf907e1d7bb14d028b7d586c5be1af698ee48a55bd8193a1,hn03-perspective-looks-like-crossing,POV_PARKING_B1_HN03_PERSPECTIVE_LOOKS_LIKE_CROSSING,hard_negative,0,holdout
328,IMG_007367,328_pov-b1-0328-hn03-perspective-looks-like-crossing-front-left.png,00_raw/ai_generated/images/20260902_ai_generated_parking_order_violation_pov_b1_397/IMG_007367.png,db175b1e91bb6ccdd9597c6619674a1e777b07946d35c5c4255e3649a64cc52e,hn03-perspective-looks-like-crossing,POV_PARKING_B1_HN03_PERSPECTIVE_LOOKS_LIKE_CROSSING,hard_negative,0,holdout
329,IMG_007368,329_pov-b1-0329-hn03-perspective-looks-like-crossing-front-center.png,00_raw/ai_generated/images/20260902_ai_generated_parking_order_violation_pov_b1_397/IMG_007368.png,49902e9eb73f0b904fe2018dbdd82e5496d8c5c321a2c720e4d7bcea6e1ac0dd,hn03-perspective-looks-like-crossing,POV_PARKING_B1_HN03_PERSPECTIVE_LOOKS_LIKE_CROSSING,hard_negative,0,holdout
330,IMG_007369,330_pov-b1-0330-hn03-perspective-looks-like-crossing-front-left.png,00_raw/ai_generated/images/20260902_ai_generated_parking_order_violation_pov_b1_397/IMG_007369.png,e523ec2e210ca46691fed92afb720fa27cfea3a17cc5c38099e93184c967d9ce,hn03-perspective-looks-like-crossing,POV_PARKING_B1_HN03_PERSPECTIVE_LOOKS_LIKE_CROSSING,hard_negative,0,holdout
331,IMG_007370,331_pov-b1-0331-hn04-large-vehicle-compliant-front-center.png,00_raw/ai_generated/images/20260902_ai_generated_parking_order_violation_pov_b1_397/IMG_007370.png,567bae0c556243c5c6176adcafdceb373c161fa47b582c2fd2dafeaff108e47c,hn04-large-vehicle-compliant,POV_PARKING_B1_HN04_LARGE_VEHICLE_COMPLIANT,hard_negative,0,train
332,IMG_007371,332_pov-b1-0332-hn04-large-vehicle-compliant-front-left.png,00_raw/ai_generated/images/20260902_ai_generated_parking_order_violation_pov_b1_397/IMG_007371.png,4492d4bc0bd671b7f9cc6211b4b8af4c9432769cfef3acfab6895d4991997f02,hn04-large-vehicle-compliant,POV_PARKING_B1_HN04_LARGE_VEHICLE_COMPLIANT,hard_negative,0,train
333,IMG_007372,333_pov-b1-0333-hn04-large-vehicle-compliant-front-right.png,00_raw/ai_generated/images/20260902_ai_generated_parking_order_violation_pov_b1_397/IMG_007372.png,6f7b3febfc0eee2c35220b77a32724e894fa8c39657623668bc1dac76707293c,hn04-large-vehicle-compliant,POV_PARKING_B1_HN04_LARGE_VEHICLE_COMPLIANT,hard_negative,0,train
334,IMG_007373,334_pov-b1-0334-hn04-large-vehicle-compliant-front-center.png,00_raw/ai_generated/images/20260902_ai_generated_parking_order_violation_pov_b1_397/IMG_007373.png,361f7a966583ee2a2c725b48ed94b189825fc339c253681e5f37789ecdda0177,hn04-large-vehicle-compliant,POV_PARKING_B1_HN04_LARGE_VEHICLE_COMPLIANT,hard_negative,0,train
335,IMG_007374,335_pov-b1-0335-hn04-large-vehicle-compliant-front-left.png,00_raw/ai_generated/images/20260902_ai_generated_parking_order_violation_pov_b1_397/IMG_007374.png,c369b4fcc2fb3905a50f84157acad67f599709a39b497c2592005f22898db7b4,hn04-large-vehicle-compliant,POV_PARKING_B1_HN04_LARGE_VEHICLE_COMPLIANT,hard_negative,0,train
336,IMG_007375,336_pov-b1-0336-hn04-large-vehicle-compliant-front-right.png,00_raw/ai_generated/images/20260902_ai_generated_parking_order_violation_pov_b1_397/IMG_007375.png,7d86413201ae0750997ed6e6cda7ed8581fdfd581b62d2eb184c60b5cf2514fd,hn04-large-vehicle-compliant,POV_PARKING_B1_HN04_LARGE_VEHICLE_COMPLIANT,hard_negative,0,train
337,IMG_007376,337_pov-b1-0337-hn04-large-vehicle-compliant-front-center.png,00_raw/ai_generated/images/20260902_ai_generated_parking_order_violation_pov_b1_397/IMG_007376.png,ca827918de8d22c0cd591284451d6fc435086c824b0a17cac917152375f24cc5,hn04-large-vehicle-compliant,POV_PARKING_B1_HN04_LARGE_VEHICLE_COMPLIANT,hard_negative,0,train
338,IMG_007377,338_pov-b1-0338-hn04-large-vehicle-compliant-front-left.png,00_raw/ai_generated/images/20260902_ai_generated_parking_order_violation_pov_b1_397/IMG_007377.png,021fad0e257f476152c3cbb12b778c1330235dc5245568fac23b3e14c2e1f2af,hn04-large-vehicle-compliant,POV_PARKING_B1_HN04_LARGE_VEHICLE_COMPLIANT,hard_negative,0,train
339,IMG_007378,339_pov-b1-0339-hn04-large-vehicle-compliant-front-center.png,00_raw/ai_generated/images/20260902_ai_generated_parking_order_violation_pov_b1_397/IMG_007378.png,b446c4d7d253aac202f0964fa646dab91969d690870ee31c9600f447f61297ae,hn04-large-vehicle-compliant,POV_PARKING_B1_HN04_LARGE_VEHICLE_COMPLIANT,hard_negative,0,train
340,IMG_007379,340_pov-b1-0340-hn04-large-vehicle-compliant-front-left.png,00_raw/ai_generated/images/20260902_ai_generated_parking_order_violation_pov_b1_397/IMG_007379.png,115d7f60d1099d93d6cbb63f7136361142d3f7a60a35fb0fc66a35a8b9060004,hn04-large-vehicle-compliant,POV_PARKING_B1_HN04_LARGE_VEHICLE_COMPLIANT,hard_negative,0,train
341,IMG_007380,341_pov-b1-0341-hn05-adjacent-vehicle-occludes-lines-front-center.png,00_raw/ai_generated/images/20260902_ai_generated_parking_order_violation_pov_b1_397/IMG_007380.png,796a96685119d4504eebb65b701679b510c99cafdfca0c0297546a0ea288cbf5,hn05-adjacent-vehicle-occludes-lines,POV_PARKING_B1_HN05_ADJACENT_VEHICLE_OCCLUDES_LINES,hard_negative,0,validation
342,IMG_007381,342_pov-b1-0342-hn05-adjacent-vehicle-occludes-lines-front-left.png,00_raw/ai_generated/images/20260902_ai_generated_parking_order_violation_pov_b1_397/IMG_007381.png,cd140c76c83fb748706b01bbe32f1052d1aaa6fc99086483515fc90766c6cbc3,hn05-adjacent-vehicle-occludes-lines,POV_PARKING_B1_HN05_ADJACENT_VEHICLE_OCCLUDES_LINES,hard_negative,0,validation
343,IMG_007382,343_pov-b1-0343-hn05-adjacent-vehicle-occludes-lines-front-right.png,00_raw/ai_generated/images/20260902_ai_generated_parking_order_violation_pov_b1_397/IMG_007382.png,a04f451c3ac6f726c360d2e033a907b3adc20eda0572c98b43462c6de77461e5,hn05-adjacent-vehicle-occludes-lines,POV_PARKING_B1_HN05_ADJACENT_VEHICLE_OCCLUDES_LINES,hard_negative,0,validation
344,IMG_007383,344_pov-b1-0344-hn05-adjacent-vehicle-occludes-lines-front-center.png,00_raw/ai_generated/images/20260902_ai_generated_parking_order_violation_pov_b1_397/IMG_007383.png,60d8fbd08871c3a8f245f19f2db5292d597d5ef6fd4714a2b2a9b0e3aae284c1,hn05-adjacent-vehicle-occludes-lines,POV_PARKING_B1_HN05_ADJACENT_VEHICLE_OCCLUDES_LINES,hard_negative,0,validation
345,IMG_007384,345_pov-b1-0345-hn05-adjacent-vehicle-occludes-lines-front-left.png,00_raw/ai_generated/images/20260902_ai_generated_parking_order_violation_pov_b1_397/IMG_007384.png,61cbf5bbb92418936367bf624ef14082d27221510971acfd950d5fa4c775e825,hn05-adjacent-vehicle-occludes-lines,POV_PARKING_B1_HN05_ADJACENT_VEHICLE_OCCLUDES_LINES,hard_negative,0,validation
346,IMG_007385,346_pov-b1-0346-hn05-adjacent-vehicle-occludes-lines-front-right.png,00_raw/ai_generated/images/20260902_ai_generated_parking_order_violation_pov_b1_397/IMG_007385.png,482f3cd56cf7d237c064dfc2fa622c5898c1b955ebe497bd4f1cac6c1b1b60b4,hn05-adjacent-vehicle-occludes-lines,POV_PARKING_B1_HN05_ADJACENT_VEHICLE_OCCLUDES_LINES,hard_negative,0,validation
347,IMG_007386,347_pov-b1-0347-hn05-adjacent-vehicle-occludes-lines-front-center.png,00_raw/ai_generated/images/20260902_ai_generated_parking_order_violation_pov_b1_397/IMG_007386.png,9995229a09dfd3bc9370a7e4976a7e7c95b3ff9815c214d39d172e848e77be2e,hn05-adjacent-vehicle-occludes-lines,POV_PARKING_B1_HN05_ADJACENT_VEHICLE_OCCLUDES_LINES,hard_negative,0,validation
348,IMG_007387,348_pov-b1-0348-hn05-adjacent-vehicle-occludes-lines-front-left.png,00_raw/ai_generated/images/20260902_ai_generated_parking_order_violation_pov_b1_397/IMG_007387.png,3d7af2dd16e3c80712898605dc1af8d3b352f2dea87631ddd195fa829166d796,hn05-adjacent-vehicle-occludes-lines,POV_PARKING_B1_HN05_ADJACENT_VEHICLE_OCCLUDES_LINES,hard_negative,0,validation
349,IMG_007388,349_pov-b1-0349-hn05-adjacent-vehicle-occludes-lines-front-center.png,00_raw/ai_generated/images/20260902_ai_generated_parking_order_violation_pov_b1_397/IMG_007388.png,82be2f1f59d729364c06da6c80690079ec3bff55bdc911269ea28e51eb43c531,hn05-adjacent-vehicle-occludes-lines,POV_PARKING_B1_HN05_ADJACENT_VEHICLE_OCCLUDES_LINES,hard_negative,0,validation
350,IMG_007389,350_pov-b1-0350-hn05-adjacent-vehicle-occludes-lines-front-left.png,00_raw/ai_generated/images/20260902_ai_generated_parking_order_violation_pov_b1_397/IMG_007389.png,ae4e9a93f86c14ce1e99bcfab9d46c1fbe3eb0f50e75254a37f7d03be374c9fc,hn05-adjacent-vehicle-occludes-lines,POV_PARKING_B1_HN05_ADJACENT_VEHICLE_OCCLUDES_LINES,hard_negative,0,validation
351,IMG_007390,351_pov-b1-0351-hn06-shadows-cracks-curbs-mimic-lines-front-center.png,00_raw/ai_generated/images/20260902_ai_generated_parking_order_violation_pov_b1_397/IMG_007390.png,9a44bdd551c0a406ec6b5cf35bb0e087d7f65eb18b94eba4674a265deb8e4f40,hn06-shadows-cracks-curbs-mimic-lines,POV_PARKING_B1_HN06_SHADOWS_CRACKS_CURBS_MIMIC_LINES,hard_negative,0,train
352,IMG_007391,352_pov-b1-0352-hn06-shadows-cracks-curbs-mimic-lines-front-left.png,00_raw/ai_generated/images/20260902_ai_generated_parking_order_violation_pov_b1_397/IMG_007391.png,0ce594a0007b3331bbf288fc927335b63679a360791bb17de1540de00dca2b14,hn06-shadows-cracks-curbs-mimic-lines,POV_PARKING_B1_HN06_SHADOWS_CRACKS_CURBS_MIMIC_LINES,hard_negative,0,train
353,IMG_007392,353_pov-b1-0353-hn06-shadows-cracks-curbs-mimic-lines-front-right.png,00_raw/ai_generated/images/20260902_ai_generated_parking_order_violation_pov_b1_397/IMG_007392.png,09f6d8c971bcafdb24b6dd32111a4ef16ea4a68175d113c31dc3d2a71382cf56,hn06-shadows-cracks-curbs-mimic-lines,POV_PARKING_B1_HN06_SHADOWS_CRACKS_CURBS_MIMIC_LINES,hard_negative,0,train
354,IMG_007393,354_pov-b1-0354-hn06-shadows-cracks-curbs-mimic-lines-front-center.png,00_raw/ai_generated/images/20260902_ai_generated_parking_order_violation_pov_b1_397/IMG_007393.png,8e98b0e2945a024316dbdcd0a03e37a0fcfa1e738866eb807616f0c40079bde2,hn06-shadows-cracks-curbs-mimic-lines,POV_PARKING_B1_HN06_SHADOWS_CRACKS_CURBS_MIMIC_LINES,hard_negative,0,train
355,IMG_007394,355_pov-b1-0355-hn06-shadows-cracks-curbs-mimic-lines-front-left.png,00_raw/ai_generated/images/20260902_ai_generated_parking_order_violation_pov_b1_397/IMG_007394.png,b1222e58238bff25a9daefa7676c1f723c39903d5f820c7c17649a415754d34b,hn06-shadows-cracks-curbs-mimic-lines,POV_PARKING_B1_HN06_SHADOWS_CRACKS_CURBS_MIMIC_LINES,hard_negative,0,train
356,IMG_007395,356_pov-b1-0356-hn06-shadows-cracks-curbs-mimic-lines-front-right.png,00_raw/ai_generated/images/20260902_ai_generated_parking_order_violation_pov_b1_397/IMG_007395.png,1d7738f4d02df20e7addc940bcb1957e8e284faaf3266be6925a6f971be78aee,hn06-shadows-cracks-curbs-mimic-lines,POV_PARKING_B1_HN06_SHADOWS_CRACKS_CURBS_MIMIC_LINES,hard_negative,0,train
357,IMG_007396,357_pov-b1-0357-hn06-shadows-cracks-curbs-mimic-lines-front-center.png,00_raw/ai_generated/images/20260902_ai_generated_parking_order_violation_pov_b1_397/IMG_007396.png,644abcee17bedddc5b57b7e2f6241d7bdcafd6870043073405879da1936fa2c4,hn06-shadows-cracks-curbs-mimic-lines,POV_PARKING_B1_HN06_SHADOWS_CRACKS_CURBS_MIMIC_LINES,hard_negative,0,train
358,IMG_007397,358_pov-b1-0358-hn06-shadows-cracks-curbs-mimic-lines-front-left.png,00_raw/ai_generated/images/20260902_ai_generated_parking_order_violation_pov_b1_397/IMG_007397.png,cbbc4a2ec266a774d09455e1511e71b9f1ba203a0762ea6dcee93105c5efb4ef,hn06-shadows-cracks-curbs-mimic-lines,POV_PARKING_B1_HN06_SHADOWS_CRACKS_CURBS_MIMIC_LINES,hard_negative,0,train
359,IMG_007398,359_pov-b1-0359-hn06-shadows-cracks-curbs-mimic-lines-front-center.png,00_raw/ai_generated/images/20260902_ai_generated_parking_order_violation_pov_b1_397/IMG_007398.png,c4d71736baf071afac1ae831fa0c035d4516171d34e5145618b04ae2b575ca08,hn06-shadows-cracks-curbs-mimic-lines,POV_PARKING_B1_HN06_SHADOWS_CRACKS_CURBS_MIMIC_LINES,hard_negative,0,train
360,IMG_007399,360_pov-b1-0360-hn06-shadows-cracks-curbs-mimic-lines-front-left.png,00_raw/ai_generated/images/20260902_ai_generated_parking_order_violation_pov_b1_397/IMG_007399.png,e95af0c29b4f154acac78c0e00d00b04f2f95050f2f4dd67e3648205a4acdd96,hn06-shadows-cracks-curbs-mimic-lines,POV_PARKING_B1_HN06_SHADOWS_CRACKS_CURBS_MIMIC_LINES,hard_negative,0,train
361,IMG_007677,361_pov-b1-0361-u01-insufficient-parking-visual-evidence-front-center.png,00_raw/ai_generated/images/20260902_ai_generated_parking_order_violation_pov_b1_397/IMG_007677.png,3f3dbbee559621e532eb727d4b1332cad71ae44ab7dd48c6bf78c203ef8923f7,u01-insufficient-parking-visual-evidence,POV_PARKING_B1_U01_INSUFFICIENT_PARKING_VISUAL_EVIDENCE,uncertain,uncertain,train
362,IMG_007678,362_pov-b1-0362-u01-insufficient-parking-visual-evidence-front-left.png,00_raw/ai_generated/images/20260902_ai_generated_parking_order_violation_pov_b1_397/IMG_007678.png,21a1590bbd015f63b661f1c5ac813c7d7926e7b446df2f66e8e37e0183a73fdb,u01-insufficient-parking-visual-evidence,POV_PARKING_B1_U01_INSUFFICIENT_PARKING_VISUAL_EVIDENCE,uncertain,uncertain,train
363,IMG_007679,363_pov-b1-0363-u01-insufficient-parking-visual-evidence-front-right.png,00_raw/ai_generated/images/20260902_ai_generated_parking_order_violation_pov_b1_397/IMG_007679.png,0f0b521afbfc611616c43ab716ee46614668865cafcd148d10e32e2afd8fb77f,u01-insufficient-parking-visual-evidence,POV_PARKING_B1_U01_INSUFFICIENT_PARKING_VISUAL_EVIDENCE,uncertain,uncertain,train
364,IMG_007680,364_pov-b1-0364-u01-insufficient-parking-visual-evidence-front-center.png,00_raw/ai_generated/images/20260902_ai_generated_parking_order_violation_pov_b1_397/IMG_007680.png,f522301464cb62292286ed99499095af00f6466440e88e273592a276fc88dfc8,u01-insufficient-parking-visual-evidence,POV_PARKING_B1_U01_INSUFFICIENT_PARKING_VISUAL_EVIDENCE,uncertain,uncertain,train
365,IMG_007681,365_pov-b1-0365-u01-insufficient-parking-visual-evidence-front-left.png,00_raw/ai_generated/images/20260902_ai_generated_parking_order_violation_pov_b1_397/IMG_007681.png,cf8847f15e3523d406ec0d3f34239efa1c31d9036214fad22d043f1a329c96c7,u01-insufficient-parking-visual-evidence,POV_PARKING_B1_U01_INSUFFICIENT_PARKING_VISUAL_EVIDENCE,uncertain,uncertain,train
366,IMG_007682,366_pov-b1-0366-u01-insufficient-parking-visual-evidence-front-right.png,00_raw/ai_generated/images/20260902_ai_generated_parking_order_violation_pov_b1_397/IMG_007682.png,aaa558499c3e5f6497d0c5d34b9e39e023fa64ef65859c2e422b6e867f93a24c,u01-insufficient-parking-visual-evidence,POV_PARKING_B1_U01_INSUFFICIENT_PARKING_VISUAL_EVIDENCE,uncertain,uncertain,train
367,IMG_007683,367_pov-b1-0367-u01-insufficient-parking-visual-evidence-front-center.png,00_raw/ai_generated/images/20260902_ai_generated_parking_order_violation_pov_b1_397/IMG_007683.png,8229466112e3d4ed5c1a6b4934aa506730d8dac58da5ac39331eb8803d558164,u01-insufficient-parking-visual-evidence,POV_PARKING_B1_U01_INSUFFICIENT_PARKING_VISUAL_EVIDENCE,uncertain,uncertain,train
368,IMG_007684,368_pov-b1-0368-u01-insufficient-parking-visual-evidence-front-left.png,00_raw/ai_generated/images/20260902_ai_generated_parking_order_violation_pov_b1_397/IMG_007684.png,fef2749a59f5eb3e394e8b3c66ab81e3edac3aaed4a79db1ec9f29ef14815909,u01-insufficient-parking-visual-evidence,POV_PARKING_B1_U01_INSUFFICIENT_PARKING_VISUAL_EVIDENCE,uncertain,uncertain,train
369,IMG_007685,369_pov-b1-0369-u01-insufficient-parking-visual-evidence-front-right.png,00_raw/ai_generated/images/20260902_ai_generated_parking_order_violation_pov_b1_397/IMG_007685.png,b6775937538cd3b3b0fd8b751169f2b47edf3f60cff7cf8f135d2264c668044d,u01-insufficient-parking-visual-evidence,POV_PARKING_B1_U01_INSUFFICIENT_PARKING_VISUAL_EVIDENCE,uncertain,uncertain,train
370,IMG_007686,370_pov-b1-0370-u01-insufficient-parking-visual-evidence-front-center.png,00_raw/ai_generated/images/20260902_ai_generated_parking_order_violation_pov_b1_397/IMG_007686.png,06b846f992e5e9496fb1712983f2b834aef0b42043b2e5173df22314e39e0773,u01-insufficient-parking-visual-evidence,POV_PARKING_B1_U01_INSUFFICIENT_PARKING_VISUAL_EVIDENCE,uncertain,uncertain,train
371,IMG_007687,371_pov-b1-0371-u01-insufficient-parking-visual-evidence-front-left.png,00_raw/ai_generated/images/20260902_ai_generated_parking_order_violation_pov_b1_397/IMG_007687.png,a0c79e9bd415c42fb22cd2481d2180f0c5866bf4476e880bb11e5dc0e0f6a27d,u01-insufficient-parking-visual-evidence,POV_PARKING_B1_U01_INSUFFICIENT_PARKING_VISUAL_EVIDENCE,uncertain,uncertain,train
372,IMG_007688,372_pov-b1-0372-u01-insufficient-parking-visual-evidence-front-right.png,00_raw/ai_generated/images/20260902_ai_generated_parking_order_violation_pov_b1_397/IMG_007688.png,d4a670b2b5ef209beb611494a3015ddbafc0bb6fab6770e933b1194733338166,u01-insufficient-parking-visual-evidence,POV_PARKING_B1_U01_INSUFFICIENT_PARKING_VISUAL_EVIDENCE,uncertain,uncertain,train
373,IMG_007689,373_pov-b1-0373-u01-insufficient-parking-visual-evidence-front-center.png,00_raw/ai_generated/images/20260902_ai_generated_parking_order_violation_pov_b1_397/IMG_007689.png,fba06c8e7c31d158d68ab0204bf1f340939a0cb58c4b3ee990f052804f72a0a7,u01-insufficient-parking-visual-evidence,POV_PARKING_B1_U01_INSUFFICIENT_PARKING_VISUAL_EVIDENCE,uncertain,uncertain,train
374,IMG_007690,374_pov-b1-0374-u01-insufficient-parking-visual-evidence-front-left.png,00_raw/ai_generated/images/20260902_ai_generated_parking_order_violation_pov_b1_397/IMG_007690.png,5ff88713d806c445676322841714c699575800aff583337a26bc4f8a74988910,u01-insufficient-parking-visual-evidence,POV_PARKING_B1_U01_INSUFFICIENT_PARKING_VISUAL_EVIDENCE,uncertain,uncertain,train
375,IMG_007691,375_pov-b1-0375-u01-insufficient-parking-visual-evidence-front-right.png,00_raw/ai_generated/images/20260902_ai_generated_parking_order_violation_pov_b1_397/IMG_007691.png,35ba786d03032c9a7ea60a35ed096c86ae2b2be8b0cac92adf0790118ee01cf7,u01-insufficient-parking-visual-evidence,POV_PARKING_B1_U01_INSUFFICIENT_PARKING_VISUAL_EVIDENCE,uncertain,uncertain,train
376,IMG_007692,376_pov-b1-0376-u02-markings-severely-missing-or-occluded-front-center.png,00_raw/ai_generated/images/20260902_ai_generated_parking_order_violation_pov_b1_397/IMG_007692.png,57661e34744042776016b742841431e6185af6983a67939ecf322987e50ceac6,u02-markings-severely-missing-or-occluded,POV_PARKING_B1_U02_MARKINGS_SEVERELY_MISSING_OR_OCCLUDED,uncertain,uncertain,validation
377,IMG_007693,377_pov-b1-0377-u02-markings-severely-missing-or-occluded-front-left.png,00_raw/ai_generated/images/20260902_ai_generated_parking_order_violation_pov_b1_397/IMG_007693.png,589a7a82fbd00ddfed2d2fda0f43dd2fc012b443527962b4681459733b262d3f,u02-markings-severely-missing-or-occluded,POV_PARKING_B1_U02_MARKINGS_SEVERELY_MISSING_OR_OCCLUDED,uncertain,uncertain,validation
378,IMG_007694,378_pov-b1-0378-u02-markings-severely-missing-or-occluded-front-right.png,00_raw/ai_generated/images/20260902_ai_generated_parking_order_violation_pov_b1_397/IMG_007694.png,6287d3374d5f310bab05fad89b41fefd097e43c8502cab425b878fbdb3204f7b,u02-markings-severely-missing-or-occluded,POV_PARKING_B1_U02_MARKINGS_SEVERELY_MISSING_OR_OCCLUDED,uncertain,uncertain,validation
379,IMG_007695,379_pov-b1-0379-u02-markings-severely-missing-or-occluded-front-center.png,00_raw/ai_generated/images/20260902_ai_generated_parking_order_violation_pov_b1_397/IMG_007695.png,391012385732f534a142750b006592a7dd1dafcc811c511f54a99b991a3755cf,u02-markings-severely-missing-or-occluded,POV_PARKING_B1_U02_MARKINGS_SEVERELY_MISSING_OR_OCCLUDED,uncertain,uncertain,validation
380,IMG_007696,380_pov-b1-0380-u02-markings-severely-missing-or-occluded-front-left.png,00_raw/ai_generated/images/20260902_ai_generated_parking_order_violation_pov_b1_397/IMG_007696.png,4e4cba98d3fdd61ac2751c50ce2f459212c6df6f05ac56e19550e320f3cbd703,u02-markings-severely-missing-or-occluded,POV_PARKING_B1_U02_MARKINGS_SEVERELY_MISSING_OR_OCCLUDED,uncertain,uncertain,validation
381,IMG_007697,381_pov-b1-0381-u02-markings-severely-missing-or-occluded-front-right.png,00_raw/ai_generated/images/20260902_ai_generated_parking_order_violation_pov_b1_397/IMG_007697.png,c82ed00f0031e4446e7c201ce3bdf2500e7977645be58af633adf6c296bb4a2c,u02-markings-severely-missing-or-occluded,POV_PARKING_B1_U02_MARKINGS_SEVERELY_MISSING_OR_OCCLUDED,uncertain,uncertain,validation
382,IMG_007698,382_pov-b1-0382-u02-markings-severely-missing-or-occluded-front-center.png,00_raw/ai_generated/images/20260902_ai_generated_parking_order_violation_pov_b1_397/IMG_007698.png,2edf152b66dfdbbc0348ffd2ff49539d13f78f049b6f90c5fca107827cba14e3,u02-markings-severely-missing-or-occluded,POV_PARKING_B1_U02_MARKINGS_SEVERELY_MISSING_OR_OCCLUDED,uncertain,uncertain,validation
383,IMG_007699,383_pov-b1-0383-u02-markings-severely-missing-or-occluded-front-left.png,00_raw/ai_generated/images/20260902_ai_generated_parking_order_violation_pov_b1_397/IMG_007699.png,8db006816393db986145a6e088d3e401d9ba20088c91021a7b55c9a11f2be2cb,u02-markings-severely-missing-or-occluded,POV_PARKING_B1_U02_MARKINGS_SEVERELY_MISSING_OR_OCCLUDED,uncertain,uncertain,validation
384,IMG_007700,384_pov-b1-0384-u02-markings-severely-missing-or-occluded-front-center.png,00_raw/ai_generated/images/20260902_ai_generated_parking_order_violation_pov_b1_397/IMG_007700.png,142097accb45b37171295dcea4883fd59a6d6dd6200ec94c65276022e955568d,u02-markings-severely-missing-or-occluded,POV_PARKING_B1_U02_MARKINGS_SEVERELY_MISSING_OR_OCCLUDED,uncertain,uncertain,validation
385,IMG_007701,385_pov-b1-0385-u02-markings-severely-missing-or-occluded-front-left.png,00_raw/ai_generated/images/20260902_ai_generated_parking_order_violation_pov_b1_397/IMG_007701.png,cb8d86b2aa780f8de43e7a287486e86e7a30a8f9d8fa15f21fee5bb67a61c2bb,u02-markings-severely-missing-or-occluded,POV_PARKING_B1_U02_MARKINGS_SEVERELY_MISSING_OR_OCCLUDED,uncertain,uncertain,validation
386,IMG_007702,386_pov-b1-0386-u03-vehicle-cut-by-frame-edge-front-center.png,00_raw/ai_generated/images/20260902_ai_generated_parking_order_violation_pov_b1_397/IMG_007702.png,c8dc34276c63f0048a5b169d426bdbe112e190a95ab64284f30b000bd950195a,u03-vehicle-cut-by-frame-edge,POV_PARKING_B1_U03_VEHICLE_CUT_BY_FRAME_EDGE,uncertain,uncertain,holdout
387,IMG_007703,387_pov-b1-0387-u03-vehicle-cut-by-frame-edge-front-left.png,00_raw/ai_generated/images/20260902_ai_generated_parking_order_violation_pov_b1_397/IMG_007703.png,92d4b4bc2d621b8dd53587d171504928f57dfdc3355176f113a161adc3500cd5,u03-vehicle-cut-by-frame-edge,POV_PARKING_B1_U03_VEHICLE_CUT_BY_FRAME_EDGE,uncertain,uncertain,holdout
388,IMG_007704,388_pov-b1-0388-u03-vehicle-cut-by-frame-edge-front-right.png,00_raw/ai_generated/images/20260902_ai_generated_parking_order_violation_pov_b1_397/IMG_007704.png,84728b5b12ea93b026bd9e2c8b3c7fe4f4321c435431e87edc76d1fce83900d5,u03-vehicle-cut-by-frame-edge,POV_PARKING_B1_U03_VEHICLE_CUT_BY_FRAME_EDGE,uncertain,uncertain,holdout
389,IMG_007705,389_pov-b1-0389-u03-vehicle-cut-by-frame-edge-front-center.png,00_raw/ai_generated/images/20260902_ai_generated_parking_order_violation_pov_b1_397/IMG_007705.png,53d0e4fe7c5a116d117ee6744c214376bb9367a027b7f8424ea9b7d09465419e,u03-vehicle-cut-by-frame-edge,POV_PARKING_B1_U03_VEHICLE_CUT_BY_FRAME_EDGE,uncertain,uncertain,holdout
390,IMG_007706,390_pov-b1-0390-u03-vehicle-cut-by-frame-edge-front-left.png,00_raw/ai_generated/images/20260902_ai_generated_parking_order_violation_pov_b1_397/IMG_007706.png,babb28f796bc063ebb7ad4f57a5b51cb703e893f68a2ef6c0490ca8fc56c2a3e,u03-vehicle-cut-by-frame-edge,POV_PARKING_B1_U03_VEHICLE_CUT_BY_FRAME_EDGE,uncertain,uncertain,holdout
391,IMG_007707,391_pov-b1-0391-u04-night-or-blur-boundary-unreadable-front-center.png,00_raw/ai_generated/images/20260902_ai_generated_parking_order_violation_pov_b1_397/IMG_007707.png,6b2177600d9910901fbe57e3f0fc77cb187c02641a87a4f20217f21fcd2f88a2,u04-night-or-blur-boundary-unreadable,POV_PARKING_B1_U04_NIGHT_OR_BLUR_BOUNDARY_UNREADABLE,uncertain,uncertain,train
392,IMG_007708,392_pov-b1-0392-u04-night-or-blur-boundary-unreadable-front-left.png,00_raw/ai_generated/images/20260902_ai_generated_parking_order_violation_pov_b1_397/IMG_007708.png,534429dcd93d2b5d78ebe7e26b7369e78f76b7c67acd3189067c94a3580394cf,u04-night-or-blur-boundary-unreadable,POV_PARKING_B1_U04_NIGHT_OR_BLUR_BOUNDARY_UNREADABLE,uncertain,uncertain,train
393,IMG_007709,393_pov-b1-0393-u04-night-or-blur-boundary-unreadable-front-right.png,00_raw/ai_generated/images/20260902_ai_generated_parking_order_violation_pov_b1_397/IMG_007709.png,e919b543d841ab0a10698ec3dc13b85b812eb2fae1f187d230de5f3d291fdb44,u04-night-or-blur-boundary-unreadable,POV_PARKING_B1_U04_NIGHT_OR_BLUR_BOUNDARY_UNREADABLE,uncertain,uncertain,train
394,IMG_007710,394_pov-b1-0394-u04-night-or-blur-boundary-unreadable-front-center.png,00_raw/ai_generated/images/20260902_ai_generated_parking_order_violation_pov_b1_397/IMG_007710.png,58a5900c349081e06feff1c29829f52d749e9b9b4b998176ce73d4c4c2904005,u04-night-or-blur-boundary-unreadable,POV_PARKING_B1_U04_NIGHT_OR_BLUR_BOUNDARY_UNREADABLE,uncertain,uncertain,train
395,IMG_007711,395_pov-b1-0395-u04-night-or-blur-boundary-unreadable-front-left.png,00_raw/ai_generated/images/20260902_ai_generated_parking_order_violation_pov_b1_397/IMG_007711.png,e5c9c89f5acf869a8e94d815d7a82bce757316c13218f61fee37d6347b148db3,u04-night-or-blur-boundary-unreadable,POV_PARKING_B1_U04_NIGHT_OR_BLUR_BOUNDARY_UNREADABLE,uncertain,uncertain,train
396,IMG_007712,396_pov-b1-0396-u05-gate-queue-or-parking-ambiguous-front-center.png,00_raw/ai_generated/images/20260902_ai_generated_parking_order_violation_pov_b1_397/IMG_007712.png,db5e9c6da136062ae3ed002e4f973187180033a222c8af63a2897c247112c9d1,u05-gate-queue-or-parking-ambiguous,POV_PARKING_B1_U05_GATE_QUEUE_OR_PARKING_AMBIGUOUS,uncertain,uncertain,train
397,IMG_007713,397_pov-b1-0397-u05-gate-queue-or-parking-ambiguous-front-left.png,00_raw/ai_generated/images/20260902_ai_generated_parking_order_violation_pov_b1_397/IMG_007713.png,7201e1d0167c91c3d806bd8c4fd8bb01cb34975139fc9ee0c896973eff9c0259,u05-gate-queue-or-parking-ambiguous,POV_PARKING_B1_U05_GATE_QUEUE_OR_PARKING_AMBIGUOUS,uncertain,uncertain,train
398,IMG_007714,398_pov-b1-0398-u05-gate-queue-or-parking-ambiguous-front-right.png,00_raw/ai_generated/images/20260902_ai_generated_parking_order_violation_pov_b1_397/IMG_007714.png,356b3025552e46203ee9fea8d4909536a9c6949991a060e358a4d465f7c770f3,u05-gate-queue-or-parking-ambiguous,POV_PARKING_B1_U05_GATE_QUEUE_OR_PARKING_AMBIGUOUS,uncertain,uncertain,train
399,IMG_007715,399_pov-b1-0399-u05-gate-queue-or-parking-ambiguous-front-center.png,00_raw/ai_generated/images/20260902_ai_generated_parking_order_violation_pov_b1_397/IMG_007715.png,5eaef56f2121b01bb5a9951f8e1e114cd5431ac561c88aebebaaaaf85db57a59,u05-gate-queue-or-parking-ambiguous,POV_PARKING_B1_U05_GATE_QUEUE_OR_PARKING_AMBIGUOUS,uncertain,uncertain,train
400,IMG_007716,400_pov-b1-0400-u05-gate-queue-or-parking-ambiguous-front-left.png,00_raw/ai_generated/images/20260902_ai_generated_parking_order_violation_pov_b1_397/IMG_007716.png,74e1a7b7e5c1a3cb2d8dc9610bbea15f342757730d8568cce102aea1690f0012,u05-gate-queue-or-parking-ambiguous,POV_PARKING_B1_U05_GATE_QUEUE_OR_PARKING_AMBIGUOUS,uncertain,uncertain,train
