media_id,event_name,event_label,sample_role,evidence_description,reviewer,review_status,event_definition_version
IMG_007520,parking_order_violation,1,positive,"GT_BASIS=generation_intent; GT_REVIEW_STATUS=unreviewed; source_slot=1; intended_group=p01-outside-legal-bay-clear; synthetic prompt-derived intent label, not human visual gold and not a model prediction.",,unreviewed,v1.1
IMG_007521,parking_order_violation,1,positive,"GT_BASIS=generation_intent; GT_REVIEW_STATUS=unreviewed; source_slot=2; intended_group=p01-outside-legal-bay-clear; synthetic prompt-derived intent label, not human visual gold and not a model prediction.",,unreviewed,v1.1
IMG_007522,parking_order_violation,1,positive,"GT_BASIS=generation_intent; GT_REVIEW_STATUS=unreviewed; source_slot=3; intended_group=p01-outside-legal-bay-clear; synthetic prompt-derived intent label, not human visual gold and not a model prediction.",,unreviewed,v1.1
IMG_007523,parking_order_violation,1,positive,"GT_BASIS=generation_intent; GT_REVIEW_STATUS=unreviewed; source_slot=4; intended_group=p01-outside-legal-bay-clear; synthetic prompt-derived intent label, not human visual gold and not a model prediction.",,unreviewed,v1.1
IMG_007524,parking_order_violation,1,positive,"GT_BASIS=generation_intent; GT_REVIEW_STATUS=unreviewed; source_slot=5; intended_group=p01-outside-legal-bay-clear; synthetic prompt-derived intent label, not human visual gold and not a model prediction.",,unreviewed,v1.1
IMG_007525,parking_order_violation,1,positive,"GT_BASIS=generation_intent; GT_REVIEW_STATUS=unreviewed; source_slot=6; intended_group=p01-outside-legal-bay-clear; synthetic prompt-derived intent label, not human visual gold and not a model prediction.",,unreviewed,v1.1
IMG_007526,parking_order_violation,1,positive,"GT_BASIS=generation_intent; GT_REVIEW_STATUS=unreviewed; source_slot=7; intended_group=p01-outside-legal-bay-clear; synthetic prompt-derived intent label, not human visual gold and not a model prediction.",,unreviewed,v1.1
IMG_007527,parking_order_violation,1,positive,"GT_BASIS=generation_intent; GT_REVIEW_STATUS=unreviewed; source_slot=8; intended_group=p01-outside-legal-bay-clear; synthetic prompt-derived intent label, not human visual gold and not a model prediction.",,unreviewed,v1.1
IMG_007528,parking_order_violation,1,positive,"GT_BASIS=generation_intent; GT_REVIEW_STATUS=unreviewed; source_slot=9; intended_group=p01-outside-legal-bay-clear; synthetic prompt-derived intent label, not human visual gold and not a model prediction.",,unreviewed,v1.1
IMG_007529,parking_order_violation,1,positive,"GT_BASIS=generation_intent; GT_REVIEW_STATUS=unreviewed; source_slot=10; intended_group=p01-outside-legal-bay-clear; synthetic prompt-derived intent label, not human visual gold and not a model prediction.",,unreviewed,v1.1
IMG_007530,parking_order_violation,1,positive,"GT_BASIS=generation_intent; GT_REVIEW_STATUS=unreviewed; source_slot=11; intended_group=p01-outside-legal-bay-clear; synthetic prompt-derived intent label, not human visual gold and not a model prediction.",,unreviewed,v1.1
IMG_007531,parking_order_violation,1,positive,"GT_BASIS=generation_intent; GT_REVIEW_STATUS=unreviewed; source_slot=12; intended_group=p01-outside-legal-bay-clear; synthetic prompt-derived intent label, not human visual gold and not a model prediction.",,unreviewed,v1.1
IMG_007532,parking_order_violation,1,positive,"GT_BASIS=generation_intent; GT_REVIEW_STATUS=unreviewed; source_slot=13; intended_group=p01-outside-legal-bay-clear; synthetic prompt-derived intent label, not human visual gold and not a model prediction.",,unreviewed,v1.1
IMG_007533,parking_order_violation,1,positive,"GT_BASIS=generation_intent; GT_REVIEW_STATUS=unreviewed; source_slot=14; intended_group=p01-outside-legal-bay-clear; synthetic prompt-derived intent label, not human visual gold and not a model prediction.",,unreviewed,v1.1
IMG_007534,parking_order_violation,1,positive,"GT_BASIS=generation_intent; GT_REVIEW_STATUS=unreviewed; source_slot=15; intended_group=p01-outside-legal-bay-clear; synthetic prompt-derived intent label, not human visual gold and not a model prediction.",,unreviewed,v1.1
IMG_007535,parking_order_violation,1,positive,"GT_BASIS=generation_intent; GT_REVIEW_STATUS=unreviewed; source_slot=16; intended_group=p01-outside-legal-bay-clear; synthetic prompt-derived intent label, not human visual gold and not a model prediction.",,unreviewed,v1.1
IMG_007536,parking_order_violation,1,positive,"GT_BASIS=generation_intent; GT_REVIEW_STATUS=unreviewed; source_slot=17; intended_group=p01-outside-legal-bay-clear; synthetic prompt-derived intent label, not human visual gold and not a model prediction.",,unreviewed,v1.1
IMG_007537,parking_order_violation,1,positive,"GT_BASIS=generation_intent; GT_REVIEW_STATUS=unreviewed; source_slot=18; intended_group=p01-outside-legal-bay-clear; synthetic prompt-derived intent label, not human visual gold and not a model prediction.",,unreviewed,v1.1
IMG_007538,parking_order_violation,1,positive,"GT_BASIS=generation_intent; GT_REVIEW_STATUS=unreviewed; source_slot=19; intended_group=p01-outside-legal-bay-clear; synthetic prompt-derived intent label, not human visual gold and not a model prediction.",,unreviewed,v1.1
IMG_007539,parking_order_violation,1,positive,"GT_BASIS=generation_intent; GT_REVIEW_STATUS=unreviewed; source_slot=20; intended_group=p01-outside-legal-bay-clear; synthetic prompt-derived intent label, not human visual gold and not a model prediction.",,unreviewed,v1.1
IMG_007540,parking_order_violation,1,positive,"GT_BASIS=generation_intent; GT_REVIEW_STATUS=unreviewed; source_slot=21; intended_group=p01-outside-legal-bay-clear; synthetic prompt-derived intent label, not human visual gold and not a model prediction.",,unreviewed,v1.1
IMG_007541,parking_order_violation,1,positive,"GT_BASIS=generation_intent; GT_REVIEW_STATUS=unreviewed; source_slot=22; intended_group=p01-outside-legal-bay-clear; synthetic prompt-derived intent label, not human visual gold and not a model prediction.",,unreviewed,v1.1
IMG_007542,parking_order_violation,1,positive,"GT_BASIS=generation_intent; GT_REVIEW_STATUS=unreviewed; source_slot=23; intended_group=p01-outside-legal-bay-clear; synthetic prompt-derived intent label, not human visual gold and not a model prediction.",,unreviewed,v1.1
IMG_007543,parking_order_violation,1,positive,"GT_BASIS=generation_intent; GT_REVIEW_STATUS=unreviewed; source_slot=24; intended_group=p01-outside-legal-bay-clear; synthetic prompt-derived intent label, not human visual gold and not a model prediction.",,unreviewed,v1.1
IMG_007544,parking_order_violation,1,positive,"GT_BASIS=generation_intent; GT_REVIEW_STATUS=unreviewed; source_slot=26; intended_group=p01-outside-legal-bay-clear; synthetic prompt-derived intent label, not human visual gold and not a model prediction.",,unreviewed,v1.1
IMG_007545,parking_order_violation,1,positive,"GT_BASIS=generation_intent; GT_REVIEW_STATUS=unreviewed; source_slot=27; intended_group=p01-outside-legal-bay-clear; synthetic prompt-derived intent label, not human visual gold and not a model prediction.",,unreviewed,v1.1
IMG_007546,parking_order_violation,1,positive,"GT_BASIS=generation_intent; GT_REVIEW_STATUS=unreviewed; source_slot=28; intended_group=p01-outside-legal-bay-clear; synthetic prompt-derived intent label, not human visual gold and not a model prediction.",,unreviewed,v1.1
IMG_007547,parking_order_violation,1,positive,"GT_BASIS=generation_intent; GT_REVIEW_STATUS=unreviewed; source_slot=29; intended_group=p01-outside-legal-bay-clear; synthetic prompt-derived intent label, not human visual gold and not a model prediction.",,unreviewed,v1.1
IMG_007548,parking_order_violation,1,positive,"GT_BASIS=generation_intent; GT_REVIEW_STATUS=unreviewed; source_slot=30; intended_group=p01-outside-legal-bay-clear; synthetic prompt-derived intent label, not human visual gold and not a model prediction.",,unreviewed,v1.1
IMG_007549,parking_order_violation,1,positive,"GT_BASIS=generation_intent; GT_REVIEW_STATUS=unreviewed; source_slot=31; intended_group=p01-outside-legal-bay-clear; synthetic prompt-derived intent label, not human visual gold and not a model prediction.",,unreviewed,v1.1
IMG_007550,parking_order_violation,1,positive,"GT_BASIS=generation_intent; GT_REVIEW_STATUS=unreviewed; source_slot=32; intended_group=p01-outside-legal-bay-clear; synthetic prompt-derived intent label, not human visual gold and not a model prediction.",,unreviewed,v1.1
IMG_007551,parking_order_violation,1,positive,"GT_BASIS=generation_intent; GT_REVIEW_STATUS=unreviewed; source_slot=33; intended_group=p01-outside-legal-bay-clear; synthetic prompt-derived intent label, not human visual gold and not a model prediction.",,unreviewed,v1.1
IMG_007552,parking_order_violation,1,positive,"GT_BASIS=generation_intent; GT_REVIEW_STATUS=unreviewed; source_slot=34; intended_group=p01-outside-legal-bay-clear; synthetic prompt-derived intent label, not human visual gold and not a model prediction.",,unreviewed,v1.1
IMG_007553,parking_order_violation,1,positive,"GT_BASIS=generation_intent; GT_REVIEW_STATUS=unreviewed; source_slot=35; intended_group=p01-outside-legal-bay-clear; synthetic prompt-derived intent label, not human visual gold and not a model prediction.",,unreviewed,v1.1
IMG_007554,parking_order_violation,1,positive,"GT_BASIS=generation_intent; GT_REVIEW_STATUS=unreviewed; source_slot=36; intended_group=p01-outside-legal-bay-clear; synthetic prompt-derived intent label, not human visual gold and not a model prediction.",,unreviewed,v1.1
IMG_007555,parking_order_violation,1,positive,"GT_BASIS=generation_intent; GT_REVIEW_STATUS=unreviewed; source_slot=37; intended_group=p01-outside-legal-bay-clear; synthetic prompt-derived intent label, not human visual gold and not a model prediction.",,unreviewed,v1.1
IMG_007556,parking_order_violation,1,positive,"GT_BASIS=generation_intent; GT_REVIEW_STATUS=unreviewed; source_slot=38; intended_group=p01-outside-legal-bay-clear; synthetic prompt-derived intent label, not human visual gold and not a model prediction.",,unreviewed,v1.1
IMG_007557,parking_order_violation,1,positive,"GT_BASIS=generation_intent; GT_REVIEW_STATUS=unreviewed; source_slot=39; intended_group=p01-outside-legal-bay-clear; synthetic prompt-derived intent label, not human visual gold and not a model prediction.",,unreviewed,v1.1
IMG_007558,parking_order_violation,1,positive,"GT_BASIS=generation_intent; GT_REVIEW_STATUS=unreviewed; source_slot=40; intended_group=p01-outside-legal-bay-clear; synthetic prompt-derived intent label, not human visual gold and not a model prediction.",,unreviewed,v1.1
IMG_007559,parking_order_violation,1,positive,"GT_BASIS=generation_intent; GT_REVIEW_STATUS=unreviewed; source_slot=41; intended_group=p02-cross-single-boundary-line; synthetic prompt-derived intent label, not human visual gold and not a model prediction.",,unreviewed,v1.1
IMG_007560,parking_order_violation,1,positive,"GT_BASIS=generation_intent; GT_REVIEW_STATUS=unreviewed; source_slot=42; intended_group=p02-cross-single-boundary-line; synthetic prompt-derived intent label, not human visual gold and not a model prediction.",,unreviewed,v1.1
IMG_007561,parking_order_violation,1,positive,"GT_BASIS=generation_intent; GT_REVIEW_STATUS=unreviewed; source_slot=43; intended_group=p02-cross-single-boundary-line; synthetic prompt-derived intent label, not human visual gold and not a model prediction.",,unreviewed,v1.1
IMG_007562,parking_order_violation,1,positive,"GT_BASIS=generation_intent; GT_REVIEW_STATUS=unreviewed; source_slot=44; intended_group=p02-cross-single-boundary-line; synthetic prompt-derived intent label, not human visual gold and not a model prediction.",,unreviewed,v1.1
IMG_007563,parking_order_violation,1,positive,"GT_BASIS=generation_intent; GT_REVIEW_STATUS=unreviewed; source_slot=45; intended_group=p02-cross-single-boundary-line; synthetic prompt-derived intent label, not human visual gold and not a model prediction.",,unreviewed,v1.1
IMG_007564,parking_order_violation,1,positive,"GT_BASIS=generation_intent; GT_REVIEW_STATUS=unreviewed; source_slot=46; intended_group=p02-cross-single-boundary-line; synthetic prompt-derived intent label, not human visual gold and not a model prediction.",,unreviewed,v1.1
IMG_007565,parking_order_violation,1,positive,"GT_BASIS=generation_intent; GT_REVIEW_STATUS=unreviewed; source_slot=47; intended_group=p02-cross-single-boundary-line; synthetic prompt-derived intent label, not human visual gold and not a model prediction.",,unreviewed,v1.1
IMG_007566,parking_order_violation,1,positive,"GT_BASIS=generation_intent; GT_REVIEW_STATUS=unreviewed; source_slot=48; intended_group=p02-cross-single-boundary-line; synthetic prompt-derived intent label, not human visual gold and not a model prediction.",,unreviewed,v1.1
IMG_007567,parking_order_violation,1,positive,"GT_BASIS=generation_intent; GT_REVIEW_STATUS=unreviewed; source_slot=49; intended_group=p02-cross-single-boundary-line; synthetic prompt-derived intent label, not human visual gold and not a model prediction.",,unreviewed,v1.1
IMG_007568,parking_order_violation,1,positive,"GT_BASIS=generation_intent; GT_REVIEW_STATUS=unreviewed; source_slot=50; intended_group=p02-cross-single-boundary-line; synthetic prompt-derived intent label, not human visual gold and not a model prediction.",,unreviewed,v1.1
IMG_007569,parking_order_violation,1,positive,"GT_BASIS=generation_intent; GT_REVIEW_STATUS=unreviewed; source_slot=51; intended_group=p02-cross-single-boundary-line; synthetic prompt-derived intent label, not human visual gold and not a model prediction.",,unreviewed,v1.1
IMG_007570,parking_order_violation,1,positive,"GT_BASIS=generation_intent; GT_REVIEW_STATUS=unreviewed; source_slot=52; intended_group=p02-cross-single-boundary-line; synthetic prompt-derived intent label, not human visual gold and not a model prediction.",,unreviewed,v1.1
IMG_007571,parking_order_violation,1,positive,"GT_BASIS=generation_intent; GT_REVIEW_STATUS=unreviewed; source_slot=53; intended_group=p02-cross-single-boundary-line; synthetic prompt-derived intent label, not human visual gold and not a model prediction.",,unreviewed,v1.1
IMG_007572,parking_order_violation,1,positive,"GT_BASIS=generation_intent; GT_REVIEW_STATUS=unreviewed; source_slot=54; intended_group=p02-cross-single-boundary-line; synthetic prompt-derived intent label, not human visual gold and not a model prediction.",,unreviewed,v1.1
IMG_007573,parking_order_violation,1,positive,"GT_BASIS=generation_intent; GT_REVIEW_STATUS=unreviewed; source_slot=55; intended_group=p02-cross-single-boundary-line; synthetic prompt-derived intent label, not human visual gold and not a model prediction.",,unreviewed,v1.1
IMG_007574,parking_order_violation,1,positive,"GT_BASIS=generation_intent; GT_REVIEW_STATUS=unreviewed; source_slot=56; intended_group=p02-cross-single-boundary-line; synthetic prompt-derived intent label, not human visual gold and not a model prediction.",,unreviewed,v1.1
IMG_007575,parking_order_violation,1,positive,"GT_BASIS=generation_intent; GT_REVIEW_STATUS=unreviewed; source_slot=57; intended_group=p02-cross-single-boundary-line; synthetic prompt-derived intent label, not human visual gold and not a model prediction.",,unreviewed,v1.1
IMG_007576,parking_order_violation,1,positive,"GT_BASIS=generation_intent; GT_REVIEW_STATUS=unreviewed; source_slot=58; intended_group=p02-cross-single-boundary-line; synthetic prompt-derived intent label, not human visual gold and not a model prediction.",,unreviewed,v1.1
IMG_007577,parking_order_violation,1,positive,"GT_BASIS=generation_intent; GT_REVIEW_STATUS=unreviewed; source_slot=59; intended_group=p02-cross-single-boundary-line; synthetic prompt-derived intent label, not human visual gold and not a model prediction.",,unreviewed,v1.1
IMG_007578,parking_order_violation,1,positive,"GT_BASIS=generation_intent; GT_REVIEW_STATUS=unreviewed; source_slot=60; intended_group=p02-cross-single-boundary-line; synthetic prompt-derived intent label, not human visual gold and not a model prediction.",,unreviewed,v1.1
IMG_007579,parking_order_violation,1,positive,"GT_BASIS=generation_intent; GT_REVIEW_STATUS=unreviewed; source_slot=61; intended_group=p02-cross-single-boundary-line; synthetic prompt-derived intent label, not human visual gold and not a model prediction.",,unreviewed,v1.1
IMG_007580,parking_order_violation,1,positive,"GT_BASIS=generation_intent; GT_REVIEW_STATUS=unreviewed; source_slot=62; intended_group=p02-cross-single-boundary-line; synthetic prompt-derived intent label, not human visual gold and not a model prediction.",,unreviewed,v1.1
IMG_007581,parking_order_violation,1,positive,"GT_BASIS=generation_intent; GT_REVIEW_STATUS=unreviewed; source_slot=63; intended_group=p02-cross-single-boundary-line; synthetic prompt-derived intent label, not human visual gold and not a model prediction.",,unreviewed,v1.1
IMG_007582,parking_order_violation,1,positive,"GT_BASIS=generation_intent; GT_REVIEW_STATUS=unreviewed; source_slot=64; intended_group=p02-cross-single-boundary-line; synthetic prompt-derived intent label, not human visual gold and not a model prediction.",,unreviewed,v1.1
IMG_007583,parking_order_violation,1,positive,"GT_BASIS=generation_intent; GT_REVIEW_STATUS=unreviewed; source_slot=65; intended_group=p02-cross-single-boundary-line; synthetic prompt-derived intent label, not human visual gold and not a model prediction.",,unreviewed,v1.1
IMG_007584,parking_order_violation,1,positive,"GT_BASIS=generation_intent; GT_REVIEW_STATUS=unreviewed; source_slot=66; intended_group=p02-cross-single-boundary-line; synthetic prompt-derived intent label, not human visual gold and not a model prediction.",,unreviewed,v1.1
IMG_007585,parking_order_violation,1,positive,"GT_BASIS=generation_intent; GT_REVIEW_STATUS=unreviewed; source_slot=67; intended_group=p02-cross-single-boundary-line; synthetic prompt-derived intent label, not human visual gold and not a model prediction.",,unreviewed,v1.1
IMG_007586,parking_order_violation,1,positive,"GT_BASIS=generation_intent; GT_REVIEW_STATUS=unreviewed; source_slot=68; intended_group=p02-cross-single-boundary-line; synthetic prompt-derived intent label, not human visual gold and not a model prediction.",,unreviewed,v1.1
IMG_007587,parking_order_violation,1,positive,"GT_BASIS=generation_intent; GT_REVIEW_STATUS=unreviewed; source_slot=69; intended_group=p02-cross-single-boundary-line; synthetic prompt-derived intent label, not human visual gold and not a model prediction.",,unreviewed,v1.1
IMG_007588,parking_order_violation,1,positive,"GT_BASIS=generation_intent; GT_REVIEW_STATUS=unreviewed; source_slot=70; intended_group=p02-cross-single-boundary-line; synthetic prompt-derived intent label, not human visual gold and not a model prediction.",,unreviewed,v1.1
IMG_007589,parking_order_violation,1,positive,"GT_BASIS=generation_intent; GT_REVIEW_STATUS=unreviewed; source_slot=71; intended_group=p02-cross-single-boundary-line; synthetic prompt-derived intent label, not human visual gold and not a model prediction.",,unreviewed,v1.1
IMG_007590,parking_order_violation,1,positive,"GT_BASIS=generation_intent; GT_REVIEW_STATUS=unreviewed; source_slot=72; intended_group=p02-cross-single-boundary-line; synthetic prompt-derived intent label, not human visual gold and not a model prediction.",,unreviewed,v1.1
IMG_007591,parking_order_violation,1,positive,"GT_BASIS=generation_intent; GT_REVIEW_STATUS=unreviewed; source_slot=73; intended_group=p02-cross-single-boundary-line; synthetic prompt-derived intent label, not human visual gold and not a model prediction.",,unreviewed,v1.1
IMG_007592,parking_order_violation,1,positive,"GT_BASIS=generation_intent; GT_REVIEW_STATUS=unreviewed; source_slot=74; intended_group=p02-cross-single-boundary-line; synthetic prompt-derived intent label, not human visual gold and not a model prediction.",,unreviewed,v1.1
IMG_007593,parking_order_violation,1,positive,"GT_BASIS=generation_intent; GT_REVIEW_STATUS=unreviewed; source_slot=75; intended_group=p02-cross-single-boundary-line; synthetic prompt-derived intent label, not human visual gold and not a model prediction.",,unreviewed,v1.1
IMG_007594,parking_order_violation,1,positive,"GT_BASIS=generation_intent; GT_REVIEW_STATUS=unreviewed; source_slot=76; intended_group=p03-span-two-bays; synthetic prompt-derived intent label, not human visual gold and not a model prediction.",,unreviewed,v1.1
IMG_007595,parking_order_violation,1,positive,"GT_BASIS=generation_intent; GT_REVIEW_STATUS=unreviewed; source_slot=77; intended_group=p03-span-two-bays; synthetic prompt-derived intent label, not human visual gold and not a model prediction.",,unreviewed,v1.1
IMG_007596,parking_order_violation,1,positive,"GT_BASIS=generation_intent; GT_REVIEW_STATUS=unreviewed; source_slot=78; intended_group=p03-span-two-bays; synthetic prompt-derived intent label, not human visual gold and not a model prediction.",,unreviewed,v1.1
IMG_007597,parking_order_violation,1,positive,"GT_BASIS=generation_intent; GT_REVIEW_STATUS=unreviewed; source_slot=79; intended_group=p03-span-two-bays; synthetic prompt-derived intent label, not human visual gold and not a model prediction.",,unreviewed,v1.1
IMG_007598,parking_order_violation,1,positive,"GT_BASIS=generation_intent; GT_REVIEW_STATUS=unreviewed; source_slot=80; intended_group=p03-span-two-bays; synthetic prompt-derived intent label, not human visual gold and not a model prediction.",,unreviewed,v1.1
IMG_007599,parking_order_violation,1,positive,"GT_BASIS=generation_intent; GT_REVIEW_STATUS=unreviewed; source_slot=81; intended_group=p03-span-two-bays; synthetic prompt-derived intent label, not human visual gold and not a model prediction.",,unreviewed,v1.1
IMG_007600,parking_order_violation,1,positive,"GT_BASIS=generation_intent; GT_REVIEW_STATUS=unreviewed; source_slot=82; intended_group=p03-span-two-bays; synthetic prompt-derived intent label, not human visual gold and not a model prediction.",,unreviewed,v1.1
IMG_007601,parking_order_violation,1,positive,"GT_BASIS=generation_intent; GT_REVIEW_STATUS=unreviewed; source_slot=83; intended_group=p03-span-two-bays; synthetic prompt-derived intent label, not human visual gold and not a model prediction.",,unreviewed,v1.1
IMG_007602,parking_order_violation,1,positive,"GT_BASIS=generation_intent; GT_REVIEW_STATUS=unreviewed; source_slot=84; intended_group=p03-span-two-bays; synthetic prompt-derived intent label, not human visual gold and not a model prediction.",,unreviewed,v1.1
IMG_007603,parking_order_violation,1,positive,"GT_BASIS=generation_intent; GT_REVIEW_STATUS=unreviewed; source_slot=85; intended_group=p03-span-two-bays; synthetic prompt-derived intent label, not human visual gold and not a model prediction.",,unreviewed,v1.1
IMG_007604,parking_order_violation,1,positive,"GT_BASIS=generation_intent; GT_REVIEW_STATUS=unreviewed; source_slot=86; intended_group=p03-span-two-bays; synthetic prompt-derived intent label, not human visual gold and not a model prediction.",,unreviewed,v1.1
IMG_007605,parking_order_violation,1,positive,"GT_BASIS=generation_intent; GT_REVIEW_STATUS=unreviewed; source_slot=87; intended_group=p03-span-two-bays; synthetic prompt-derived intent label, not human visual gold and not a model prediction.",,unreviewed,v1.1
IMG_007606,parking_order_violation,1,positive,"GT_BASIS=generation_intent; GT_REVIEW_STATUS=unreviewed; source_slot=88; intended_group=p03-span-two-bays; synthetic prompt-derived intent label, not human visual gold and not a model prediction.",,unreviewed,v1.1
IMG_007607,parking_order_violation,1,positive,"GT_BASIS=generation_intent; GT_REVIEW_STATUS=unreviewed; source_slot=89; intended_group=p03-span-two-bays; synthetic prompt-derived intent label, not human visual gold and not a model prediction.",,unreviewed,v1.1
IMG_007608,parking_order_violation,1,positive,"GT_BASIS=generation_intent; GT_REVIEW_STATUS=unreviewed; source_slot=90; intended_group=p03-span-two-bays; synthetic prompt-derived intent label, not human visual gold and not a model prediction.",,unreviewed,v1.1
IMG_007609,parking_order_violation,1,positive,"GT_BASIS=generation_intent; GT_REVIEW_STATUS=unreviewed; source_slot=91; intended_group=p03-span-two-bays; synthetic prompt-derived intent label, not human visual gold and not a model prediction.",,unreviewed,v1.1
IMG_007610,parking_order_violation,1,positive,"GT_BASIS=generation_intent; GT_REVIEW_STATUS=unreviewed; source_slot=92; intended_group=p03-span-two-bays; synthetic prompt-derived intent label, not human visual gold and not a model prediction.",,unreviewed,v1.1
IMG_007611,parking_order_violation,1,positive,"GT_BASIS=generation_intent; GT_REVIEW_STATUS=unreviewed; source_slot=93; intended_group=p03-span-two-bays; synthetic prompt-derived intent label, not human visual gold and not a model prediction.",,unreviewed,v1.1
IMG_007612,parking_order_violation,1,positive,"GT_BASIS=generation_intent; GT_REVIEW_STATUS=unreviewed; source_slot=94; intended_group=p03-span-two-bays; synthetic prompt-derived intent label, not human visual gold and not a model prediction.",,unreviewed,v1.1
IMG_007613,parking_order_violation,1,positive,"GT_BASIS=generation_intent; GT_REVIEW_STATUS=unreviewed; source_slot=95; intended_group=p03-span-two-bays; synthetic prompt-derived intent label, not human visual gold and not a model prediction.",,unreviewed,v1.1
IMG_007614,parking_order_violation,1,positive,"GT_BASIS=generation_intent; GT_REVIEW_STATUS=unreviewed; source_slot=96; intended_group=p03-span-two-bays; synthetic prompt-derived intent label, not human visual gold and not a model prediction.",,unreviewed,v1.1
IMG_007615,parking_order_violation,1,positive,"GT_BASIS=generation_intent; GT_REVIEW_STATUS=unreviewed; source_slot=97; intended_group=p03-span-two-bays; synthetic prompt-derived intent label, not human visual gold and not a model prediction.",,unreviewed,v1.1
IMG_007616,parking_order_violation,1,positive,"GT_BASIS=generation_intent; GT_REVIEW_STATUS=unreviewed; source_slot=98; intended_group=p03-span-two-bays; synthetic prompt-derived intent label, not human visual gold and not a model prediction.",,unreviewed,v1.1
IMG_007617,parking_order_violation,1,positive,"GT_BASIS=generation_intent; GT_REVIEW_STATUS=unreviewed; source_slot=99; intended_group=p03-span-two-bays; synthetic prompt-derived intent label, not human visual gold and not a model prediction.",,unreviewed,v1.1
IMG_007618,parking_order_violation,1,positive,"GT_BASIS=generation_intent; GT_REVIEW_STATUS=unreviewed; source_slot=100; intended_group=p03-span-two-bays; synthetic prompt-derived intent label, not human visual gold and not a model prediction.",,unreviewed,v1.1
IMG_007619,parking_order_violation,1,positive,"GT_BASIS=generation_intent; GT_REVIEW_STATUS=unreviewed; source_slot=101; intended_group=p03-span-two-bays; synthetic prompt-derived intent label, not human visual gold and not a model prediction.",,unreviewed,v1.1
IMG_007620,parking_order_violation,1,positive,"GT_BASIS=generation_intent; GT_REVIEW_STATUS=unreviewed; source_slot=102; intended_group=p03-span-two-bays; synthetic prompt-derived intent label, not human visual gold and not a model prediction.",,unreviewed,v1.1
IMG_007621,parking_order_violation,1,positive,"GT_BASIS=generation_intent; GT_REVIEW_STATUS=unreviewed; source_slot=103; intended_group=p03-span-two-bays; synthetic prompt-derived intent label, not human visual gold and not a model prediction.",,unreviewed,v1.1
IMG_007622,parking_order_violation,1,positive,"GT_BASIS=generation_intent; GT_REVIEW_STATUS=unreviewed; source_slot=104; intended_group=p03-span-two-bays; synthetic prompt-derived intent label, not human visual gold and not a model prediction.",,unreviewed,v1.1
IMG_007623,parking_order_violation,1,positive,"GT_BASIS=generation_intent; GT_REVIEW_STATUS=unreviewed; source_slot=105; intended_group=p03-span-two-bays; synthetic prompt-derived intent label, not human visual gold and not a model prediction.",,unreviewed,v1.1
IMG_007624,parking_order_violation,1,positive,"GT_BASIS=generation_intent; GT_REVIEW_STATUS=unreviewed; source_slot=106; intended_group=p04-angled-footprint-outside; synthetic prompt-derived intent label, not human visual gold and not a model prediction.",,unreviewed,v1.1
IMG_007625,parking_order_violation,1,positive,"GT_BASIS=generation_intent; GT_REVIEW_STATUS=unreviewed; source_slot=108; intended_group=p04-angled-footprint-outside; synthetic prompt-derived intent label, not human visual gold and not a model prediction.",,unreviewed,v1.1
IMG_007626,parking_order_violation,1,positive,"GT_BASIS=generation_intent; GT_REVIEW_STATUS=unreviewed; source_slot=109; intended_group=p04-angled-footprint-outside; synthetic prompt-derived intent label, not human visual gold and not a model prediction.",,unreviewed,v1.1
IMG_007627,parking_order_violation,1,positive,"GT_BASIS=generation_intent; GT_REVIEW_STATUS=unreviewed; source_slot=110; intended_group=p04-angled-footprint-outside; synthetic prompt-derived intent label, not human visual gold and not a model prediction.",,unreviewed,v1.1
IMG_007628,parking_order_violation,1,positive,"GT_BASIS=generation_intent; GT_REVIEW_STATUS=unreviewed; source_slot=111; intended_group=p04-angled-footprint-outside; synthetic prompt-derived intent label, not human visual gold and not a model prediction.",,unreviewed,v1.1
IMG_007629,parking_order_violation,1,positive,"GT_BASIS=generation_intent; GT_REVIEW_STATUS=unreviewed; source_slot=112; intended_group=p04-angled-footprint-outside; synthetic prompt-derived intent label, not human visual gold and not a model prediction.",,unreviewed,v1.1
IMG_007630,parking_order_violation,1,positive,"GT_BASIS=generation_intent; GT_REVIEW_STATUS=unreviewed; source_slot=113; intended_group=p04-angled-footprint-outside; synthetic prompt-derived intent label, not human visual gold and not a model prediction.",,unreviewed,v1.1
IMG_007631,parking_order_violation,1,positive,"GT_BASIS=generation_intent; GT_REVIEW_STATUS=unreviewed; source_slot=114; intended_group=p04-angled-footprint-outside; synthetic prompt-derived intent label, not human visual gold and not a model prediction.",,unreviewed,v1.1
IMG_007632,parking_order_violation,1,positive,"GT_BASIS=generation_intent; GT_REVIEW_STATUS=unreviewed; source_slot=115; intended_group=p04-angled-footprint-outside; synthetic prompt-derived intent label, not human visual gold and not a model prediction.",,unreviewed,v1.1
IMG_007633,parking_order_violation,1,positive,"GT_BASIS=generation_intent; GT_REVIEW_STATUS=unreviewed; source_slot=116; intended_group=p04-angled-footprint-outside; synthetic prompt-derived intent label, not human visual gold and not a model prediction.",,unreviewed,v1.1
IMG_007634,parking_order_violation,1,positive,"GT_BASIS=generation_intent; GT_REVIEW_STATUS=unreviewed; source_slot=117; intended_group=p04-angled-footprint-outside; synthetic prompt-derived intent label, not human visual gold and not a model prediction.",,unreviewed,v1.1
IMG_007635,parking_order_violation,1,positive,"GT_BASIS=generation_intent; GT_REVIEW_STATUS=unreviewed; source_slot=118; intended_group=p04-angled-footprint-outside; synthetic prompt-derived intent label, not human visual gold and not a model prediction.",,unreviewed,v1.1
IMG_007636,parking_order_violation,1,positive,"GT_BASIS=generation_intent; GT_REVIEW_STATUS=unreviewed; source_slot=119; intended_group=p04-angled-footprint-outside; synthetic prompt-derived intent label, not human visual gold and not a model prediction.",,unreviewed,v1.1
IMG_007637,parking_order_violation,1,positive,"GT_BASIS=generation_intent; GT_REVIEW_STATUS=unreviewed; source_slot=120; intended_group=p04-angled-footprint-outside; synthetic prompt-derived intent label, not human visual gold and not a model prediction.",,unreviewed,v1.1
IMG_007638,parking_order_violation,1,positive,"GT_BASIS=generation_intent; GT_REVIEW_STATUS=unreviewed; source_slot=122; intended_group=p04-angled-footprint-outside; synthetic prompt-derived intent label, not human visual gold and not a model prediction.",,unreviewed,v1.1
IMG_007639,parking_order_violation,1,positive,"GT_BASIS=generation_intent; GT_REVIEW_STATUS=unreviewed; source_slot=123; intended_group=p04-angled-footprint-outside; synthetic prompt-derived intent label, not human visual gold and not a model prediction.",,unreviewed,v1.1
IMG_007640,parking_order_violation,1,positive,"GT_BASIS=generation_intent; GT_REVIEW_STATUS=unreviewed; source_slot=124; intended_group=p04-angled-footprint-outside; synthetic prompt-derived intent label, not human visual gold and not a model prediction.",,unreviewed,v1.1
IMG_007641,parking_order_violation,1,positive,"GT_BASIS=generation_intent; GT_REVIEW_STATUS=unreviewed; source_slot=125; intended_group=p04-angled-footprint-outside; synthetic prompt-derived intent label, not human visual gold and not a model prediction.",,unreviewed,v1.1
IMG_007642,parking_order_violation,1,positive,"GT_BASIS=generation_intent; GT_REVIEW_STATUS=unreviewed; source_slot=126; intended_group=p04-angled-footprint-outside; synthetic prompt-derived intent label, not human visual gold and not a model prediction.",,unreviewed,v1.1
IMG_007643,parking_order_violation,1,positive,"GT_BASIS=generation_intent; GT_REVIEW_STATUS=unreviewed; source_slot=127; intended_group=p04-angled-footprint-outside; synthetic prompt-derived intent label, not human visual gold and not a model prediction.",,unreviewed,v1.1
IMG_007644,parking_order_violation,1,positive,"GT_BASIS=generation_intent; GT_REVIEW_STATUS=unreviewed; source_slot=128; intended_group=p04-angled-footprint-outside; synthetic prompt-derived intent label, not human visual gold and not a model prediction.",,unreviewed,v1.1
IMG_007645,parking_order_violation,1,positive,"GT_BASIS=generation_intent; GT_REVIEW_STATUS=unreviewed; source_slot=129; intended_group=p04-angled-footprint-outside; synthetic prompt-derived intent label, not human visual gold and not a model prediction.",,unreviewed,v1.1
IMG_007646,parking_order_violation,1,positive,"GT_BASIS=generation_intent; GT_REVIEW_STATUS=unreviewed; source_slot=130; intended_group=p04-angled-footprint-outside; synthetic prompt-derived intent label, not human visual gold and not a model prediction.",,unreviewed,v1.1
IMG_007647,parking_order_violation,1,positive,"GT_BASIS=generation_intent; GT_REVIEW_STATUS=unreviewed; source_slot=131; intended_group=p05-multi-vehicle-at-least-one-violation; synthetic prompt-derived intent label, not human visual gold and not a model prediction.",,unreviewed,v1.1
IMG_007648,parking_order_violation,1,positive,"GT_BASIS=generation_intent; GT_REVIEW_STATUS=unreviewed; source_slot=132; intended_group=p05-multi-vehicle-at-least-one-violation; synthetic prompt-derived intent label, not human visual gold and not a model prediction.",,unreviewed,v1.1
IMG_007649,parking_order_violation,1,positive,"GT_BASIS=generation_intent; GT_REVIEW_STATUS=unreviewed; source_slot=133; intended_group=p05-multi-vehicle-at-least-one-violation; synthetic prompt-derived intent label, not human visual gold and not a model prediction.",,unreviewed,v1.1
IMG_007650,parking_order_violation,1,positive,"GT_BASIS=generation_intent; GT_REVIEW_STATUS=unreviewed; source_slot=134; intended_group=p05-multi-vehicle-at-least-one-violation; synthetic prompt-derived intent label, not human visual gold and not a model prediction.",,unreviewed,v1.1
IMG_007651,parking_order_violation,1,positive,"GT_BASIS=generation_intent; GT_REVIEW_STATUS=unreviewed; source_slot=135; intended_group=p05-multi-vehicle-at-least-one-violation; synthetic prompt-derived intent label, not human visual gold and not a model prediction.",,unreviewed,v1.1
IMG_007652,parking_order_violation,1,positive,"GT_BASIS=generation_intent; GT_REVIEW_STATUS=unreviewed; source_slot=136; intended_group=p05-multi-vehicle-at-least-one-violation; synthetic prompt-derived intent label, not human visual gold and not a model prediction.",,unreviewed,v1.1
IMG_007653,parking_order_violation,1,positive,"GT_BASIS=generation_intent; GT_REVIEW_STATUS=unreviewed; source_slot=137; intended_group=p05-multi-vehicle-at-least-one-violation; synthetic prompt-derived intent label, not human visual gold and not a model prediction.",,unreviewed,v1.1
IMG_007654,parking_order_violation,1,positive,"GT_BASIS=generation_intent; GT_REVIEW_STATUS=unreviewed; source_slot=138; intended_group=p05-multi-vehicle-at-least-one-violation; synthetic prompt-derived intent label, not human visual gold and not a model prediction.",,unreviewed,v1.1
IMG_007655,parking_order_violation,1,positive,"GT_BASIS=generation_intent; GT_REVIEW_STATUS=unreviewed; source_slot=139; intended_group=p05-multi-vehicle-at-least-one-violation; synthetic prompt-derived intent label, not human visual gold and not a model prediction.",,unreviewed,v1.1
IMG_007656,parking_order_violation,1,positive,"GT_BASIS=generation_intent; GT_REVIEW_STATUS=unreviewed; source_slot=140; intended_group=p05-multi-vehicle-at-least-one-violation; synthetic prompt-derived intent label, not human visual gold and not a model prediction.",,unreviewed,v1.1
IMG_007657,parking_order_violation,1,positive,"GT_BASIS=generation_intent; GT_REVIEW_STATUS=unreviewed; source_slot=141; intended_group=p05-multi-vehicle-at-least-one-violation; synthetic prompt-derived intent label, not human visual gold and not a model prediction.",,unreviewed,v1.1
IMG_007658,parking_order_violation,1,positive,"GT_BASIS=generation_intent; GT_REVIEW_STATUS=unreviewed; source_slot=142; intended_group=p05-multi-vehicle-at-least-one-violation; synthetic prompt-derived intent label, not human visual gold and not a model prediction.",,unreviewed,v1.1
IMG_007659,parking_order_violation,1,positive,"GT_BASIS=generation_intent; GT_REVIEW_STATUS=unreviewed; source_slot=143; intended_group=p05-multi-vehicle-at-least-one-violation; synthetic prompt-derived intent label, not human visual gold and not a model prediction.",,unreviewed,v1.1
IMG_007660,parking_order_violation,1,positive,"GT_BASIS=generation_intent; GT_REVIEW_STATUS=unreviewed; source_slot=144; intended_group=p05-multi-vehicle-at-least-one-violation; synthetic prompt-derived intent label, not human visual gold and not a model prediction.",,unreviewed,v1.1
IMG_007661,parking_order_violation,1,positive,"GT_BASIS=generation_intent; GT_REVIEW_STATUS=unreviewed; source_slot=145; intended_group=p05-multi-vehicle-at-least-one-violation; synthetic prompt-derived intent label, not human visual gold and not a model prediction.",,unreviewed,v1.1
IMG_007662,parking_order_violation,1,positive,"GT_BASIS=generation_intent; GT_REVIEW_STATUS=unreviewed; source_slot=146; intended_group=p05-multi-vehicle-at-least-one-violation; synthetic prompt-derived intent label, not human visual gold and not a model prediction.",,unreviewed,v1.1
IMG_007663,parking_order_violation,1,positive,"GT_BASIS=generation_intent; GT_REVIEW_STATUS=unreviewed; source_slot=147; intended_group=p05-multi-vehicle-at-least-one-violation; synthetic prompt-derived intent label, not human visual gold and not a model prediction.",,unreviewed,v1.1
IMG_007664,parking_order_violation,1,positive,"GT_BASIS=generation_intent; GT_REVIEW_STATUS=unreviewed; source_slot=148; intended_group=p05-multi-vehicle-at-least-one-violation; synthetic prompt-derived intent label, not human visual gold and not a model prediction.",,unreviewed,v1.1
IMG_007665,parking_order_violation,1,positive,"GT_BASIS=generation_intent; GT_REVIEW_STATUS=unreviewed; source_slot=149; intended_group=p05-multi-vehicle-at-least-one-violation; synthetic prompt-derived intent label, not human visual gold and not a model prediction.",,unreviewed,v1.1
IMG_007666,parking_order_violation,1,positive,"GT_BASIS=generation_intent; GT_REVIEW_STATUS=unreviewed; source_slot=150; intended_group=p05-multi-vehicle-at-least-one-violation; synthetic prompt-derived intent label, not human visual gold and not a model prediction.",,unreviewed,v1.1
IMG_007667,parking_order_violation,1,positive,"GT_BASIS=generation_intent; GT_REVIEW_STATUS=unreviewed; source_slot=151; intended_group=p06-nose-or-tail-intrudes-aisle; synthetic prompt-derived intent label, not human visual gold and not a model prediction.",,unreviewed,v1.1
IMG_007668,parking_order_violation,1,positive,"GT_BASIS=generation_intent; GT_REVIEW_STATUS=unreviewed; source_slot=152; intended_group=p06-nose-or-tail-intrudes-aisle; synthetic prompt-derived intent label, not human visual gold and not a model prediction.",,unreviewed,v1.1
IMG_007669,parking_order_violation,1,positive,"GT_BASIS=generation_intent; GT_REVIEW_STATUS=unreviewed; source_slot=153; intended_group=p06-nose-or-tail-intrudes-aisle; synthetic prompt-derived intent label, not human visual gold and not a model prediction.",,unreviewed,v1.1
IMG_007670,parking_order_violation,1,positive,"GT_BASIS=generation_intent; GT_REVIEW_STATUS=unreviewed; source_slot=154; intended_group=p06-nose-or-tail-intrudes-aisle; synthetic prompt-derived intent label, not human visual gold and not a model prediction.",,unreviewed,v1.1
IMG_007671,parking_order_violation,1,positive,"GT_BASIS=generation_intent; GT_REVIEW_STATUS=unreviewed; source_slot=155; intended_group=p06-nose-or-tail-intrudes-aisle; synthetic prompt-derived intent label, not human visual gold and not a model prediction.",,unreviewed,v1.1
IMG_007672,parking_order_violation,1,positive,"GT_BASIS=generation_intent; GT_REVIEW_STATUS=unreviewed; source_slot=156; intended_group=p06-nose-or-tail-intrudes-aisle; synthetic prompt-derived intent label, not human visual gold and not a model prediction.",,unreviewed,v1.1
IMG_007673,parking_order_violation,1,positive,"GT_BASIS=generation_intent; GT_REVIEW_STATUS=unreviewed; source_slot=157; intended_group=p06-nose-or-tail-intrudes-aisle; synthetic prompt-derived intent label, not human visual gold and not a model prediction.",,unreviewed,v1.1
IMG_007674,parking_order_violation,1,positive,"GT_BASIS=generation_intent; GT_REVIEW_STATUS=unreviewed; source_slot=158; intended_group=p06-nose-or-tail-intrudes-aisle; synthetic prompt-derived intent label, not human visual gold and not a model prediction.",,unreviewed,v1.1
IMG_007675,parking_order_violation,1,positive,"GT_BASIS=generation_intent; GT_REVIEW_STATUS=unreviewed; source_slot=159; intended_group=p06-nose-or-tail-intrudes-aisle; synthetic prompt-derived intent label, not human visual gold and not a model prediction.",,unreviewed,v1.1
IMG_007676,parking_order_violation,1,positive,"GT_BASIS=generation_intent; GT_REVIEW_STATUS=unreviewed; source_slot=160; intended_group=p06-nose-or-tail-intrudes-aisle; synthetic prompt-derived intent label, not human visual gold and not a model prediction.",,unreviewed,v1.1
IMG_007400,parking_order_violation,0,negative,"GT_BASIS=generation_intent; GT_REVIEW_STATUS=unreviewed; source_slot=161; intended_group=n01-standard-inside-bay; synthetic prompt-derived intent label, not human visual gold and not a model prediction.",,unreviewed,v1.1
IMG_007401,parking_order_violation,0,negative,"GT_BASIS=generation_intent; GT_REVIEW_STATUS=unreviewed; source_slot=162; intended_group=n01-standard-inside-bay; synthetic prompt-derived intent label, not human visual gold and not a model prediction.",,unreviewed,v1.1
IMG_007402,parking_order_violation,0,negative,"GT_BASIS=generation_intent; GT_REVIEW_STATUS=unreviewed; source_slot=163; intended_group=n01-standard-inside-bay; synthetic prompt-derived intent label, not human visual gold and not a model prediction.",,unreviewed,v1.1
IMG_007403,parking_order_violation,0,negative,"GT_BASIS=generation_intent; GT_REVIEW_STATUS=unreviewed; source_slot=164; intended_group=n01-standard-inside-bay; synthetic prompt-derived intent label, not human visual gold and not a model prediction.",,unreviewed,v1.1
IMG_007404,parking_order_violation,0,negative,"GT_BASIS=generation_intent; GT_REVIEW_STATUS=unreviewed; source_slot=165; intended_group=n01-standard-inside-bay; synthetic prompt-derived intent label, not human visual gold and not a model prediction.",,unreviewed,v1.1
IMG_007405,parking_order_violation,0,negative,"GT_BASIS=generation_intent; GT_REVIEW_STATUS=unreviewed; source_slot=166; intended_group=n01-standard-inside-bay; synthetic prompt-derived intent label, not human visual gold and not a model prediction.",,unreviewed,v1.1
IMG_007406,parking_order_violation,0,negative,"GT_BASIS=generation_intent; GT_REVIEW_STATUS=unreviewed; source_slot=167; intended_group=n01-standard-inside-bay; synthetic prompt-derived intent label, not human visual gold and not a model prediction.",,unreviewed,v1.1
IMG_007407,parking_order_violation,0,negative,"GT_BASIS=generation_intent; GT_REVIEW_STATUS=unreviewed; source_slot=168; intended_group=n01-standard-inside-bay; synthetic prompt-derived intent label, not human visual gold and not a model prediction.",,unreviewed,v1.1
IMG_007408,parking_order_violation,0,negative,"GT_BASIS=generation_intent; GT_REVIEW_STATUS=unreviewed; source_slot=169; intended_group=n01-standard-inside-bay; synthetic prompt-derived intent label, not human visual gold and not a model prediction.",,unreviewed,v1.1
IMG_007409,parking_order_violation,0,negative,"GT_BASIS=generation_intent; GT_REVIEW_STATUS=unreviewed; source_slot=170; intended_group=n01-standard-inside-bay; synthetic prompt-derived intent label, not human visual gold and not a model prediction.",,unreviewed,v1.1
IMG_007410,parking_order_violation,0,negative,"GT_BASIS=generation_intent; GT_REVIEW_STATUS=unreviewed; source_slot=171; intended_group=n01-standard-inside-bay; synthetic prompt-derived intent label, not human visual gold and not a model prediction.",,unreviewed,v1.1
IMG_007411,parking_order_violation,0,negative,"GT_BASIS=generation_intent; GT_REVIEW_STATUS=unreviewed; source_slot=172; intended_group=n01-standard-inside-bay; synthetic prompt-derived intent label, not human visual gold and not a model prediction.",,unreviewed,v1.1
IMG_007412,parking_order_violation,0,negative,"GT_BASIS=generation_intent; GT_REVIEW_STATUS=unreviewed; source_slot=173; intended_group=n01-standard-inside-bay; synthetic prompt-derived intent label, not human visual gold and not a model prediction.",,unreviewed,v1.1
IMG_007413,parking_order_violation,0,negative,"GT_BASIS=generation_intent; GT_REVIEW_STATUS=unreviewed; source_slot=174; intended_group=n01-standard-inside-bay; synthetic prompt-derived intent label, not human visual gold and not a model prediction.",,unreviewed,v1.1
IMG_007414,parking_order_violation,0,negative,"GT_BASIS=generation_intent; GT_REVIEW_STATUS=unreviewed; source_slot=175; intended_group=n01-standard-inside-bay; synthetic prompt-derived intent label, not human visual gold and not a model prediction.",,unreviewed,v1.1
IMG_007415,parking_order_violation,0,negative,"GT_BASIS=generation_intent; GT_REVIEW_STATUS=unreviewed; source_slot=176; intended_group=n01-standard-inside-bay; synthetic prompt-derived intent label, not human visual gold and not a model prediction.",,unreviewed,v1.1
IMG_007416,parking_order_violation,0,negative,"GT_BASIS=generation_intent; GT_REVIEW_STATUS=unreviewed; source_slot=177; intended_group=n01-standard-inside-bay; synthetic prompt-derived intent label, not human visual gold and not a model prediction.",,unreviewed,v1.1
IMG_007417,parking_order_violation,0,negative,"GT_BASIS=generation_intent; GT_REVIEW_STATUS=unreviewed; source_slot=178; intended_group=n01-standard-inside-bay; synthetic prompt-derived intent label, not human visual gold and not a model prediction.",,unreviewed,v1.1
IMG_007418,parking_order_violation,0,negative,"GT_BASIS=generation_intent; GT_REVIEW_STATUS=unreviewed; source_slot=179; intended_group=n01-standard-inside-bay; synthetic prompt-derived intent label, not human visual gold and not a model prediction.",,unreviewed,v1.1
IMG_007419,parking_order_violation,0,negative,"GT_BASIS=generation_intent; GT_REVIEW_STATUS=unreviewed; source_slot=180; intended_group=n01-standard-inside-bay; synthetic prompt-derived intent label, not human visual gold and not a model prediction.",,unreviewed,v1.1
IMG_007420,parking_order_violation,0,negative,"GT_BASIS=generation_intent; GT_REVIEW_STATUS=unreviewed; source_slot=181; intended_group=n01-standard-inside-bay; synthetic prompt-derived intent label, not human visual gold and not a model prediction.",,unreviewed,v1.1
IMG_007421,parking_order_violation,0,negative,"GT_BASIS=generation_intent; GT_REVIEW_STATUS=unreviewed; source_slot=182; intended_group=n01-standard-inside-bay; synthetic prompt-derived intent label, not human visual gold and not a model prediction.",,unreviewed,v1.1
IMG_007422,parking_order_violation,0,negative,"GT_BASIS=generation_intent; GT_REVIEW_STATUS=unreviewed; source_slot=183; intended_group=n01-standard-inside-bay; synthetic prompt-derived intent label, not human visual gold and not a model prediction.",,unreviewed,v1.1
IMG_007423,parking_order_violation,0,negative,"GT_BASIS=generation_intent; GT_REVIEW_STATUS=unreviewed; source_slot=184; intended_group=n01-standard-inside-bay; synthetic prompt-derived intent label, not human visual gold and not a model prediction.",,unreviewed,v1.1
IMG_007424,parking_order_violation,0,negative,"GT_BASIS=generation_intent; GT_REVIEW_STATUS=unreviewed; source_slot=185; intended_group=n01-standard-inside-bay; synthetic prompt-derived intent label, not human visual gold and not a model prediction.",,unreviewed,v1.1
IMG_007425,parking_order_violation,0,negative,"GT_BASIS=generation_intent; GT_REVIEW_STATUS=unreviewed; source_slot=186; intended_group=n01-standard-inside-bay; synthetic prompt-derived intent label, not human visual gold and not a model prediction.",,unreviewed,v1.1
IMG_007426,parking_order_violation,0,negative,"GT_BASIS=generation_intent; GT_REVIEW_STATUS=unreviewed; source_slot=187; intended_group=n01-standard-inside-bay; synthetic prompt-derived intent label, not human visual gold and not a model prediction.",,unreviewed,v1.1
IMG_007427,parking_order_violation,0,negative,"GT_BASIS=generation_intent; GT_REVIEW_STATUS=unreviewed; source_slot=188; intended_group=n01-standard-inside-bay; synthetic prompt-derived intent label, not human visual gold and not a model prediction.",,unreviewed,v1.1
IMG_007428,parking_order_violation,0,negative,"GT_BASIS=generation_intent; GT_REVIEW_STATUS=unreviewed; source_slot=189; intended_group=n01-standard-inside-bay; synthetic prompt-derived intent label, not human visual gold and not a model prediction.",,unreviewed,v1.1
IMG_007429,parking_order_violation,0,negative,"GT_BASIS=generation_intent; GT_REVIEW_STATUS=unreviewed; source_slot=190; intended_group=n01-standard-inside-bay; synthetic prompt-derived intent label, not human visual gold and not a model prediction.",,unreviewed,v1.1
IMG_007430,parking_order_violation,0,negative,"GT_BASIS=generation_intent; GT_REVIEW_STATUS=unreviewed; source_slot=191; intended_group=n02-close-to-line-but-inside; synthetic prompt-derived intent label, not human visual gold and not a model prediction.",,unreviewed,v1.1
IMG_007431,parking_order_violation,0,negative,"GT_BASIS=generation_intent; GT_REVIEW_STATUS=unreviewed; source_slot=192; intended_group=n02-close-to-line-but-inside; synthetic prompt-derived intent label, not human visual gold and not a model prediction.",,unreviewed,v1.1
IMG_007432,parking_order_violation,0,negative,"GT_BASIS=generation_intent; GT_REVIEW_STATUS=unreviewed; source_slot=193; intended_group=n02-close-to-line-but-inside; synthetic prompt-derived intent label, not human visual gold and not a model prediction.",,unreviewed,v1.1
IMG_007433,parking_order_violation,0,negative,"GT_BASIS=generation_intent; GT_REVIEW_STATUS=unreviewed; source_slot=194; intended_group=n02-close-to-line-but-inside; synthetic prompt-derived intent label, not human visual gold and not a model prediction.",,unreviewed,v1.1
IMG_007434,parking_order_violation,0,negative,"GT_BASIS=generation_intent; GT_REVIEW_STATUS=unreviewed; source_slot=195; intended_group=n02-close-to-line-but-inside; synthetic prompt-derived intent label, not human visual gold and not a model prediction.",,unreviewed,v1.1
IMG_007435,parking_order_violation,0,negative,"GT_BASIS=generation_intent; GT_REVIEW_STATUS=unreviewed; source_slot=196; intended_group=n02-close-to-line-but-inside; synthetic prompt-derived intent label, not human visual gold and not a model prediction.",,unreviewed,v1.1
IMG_007436,parking_order_violation,0,negative,"GT_BASIS=generation_intent; GT_REVIEW_STATUS=unreviewed; source_slot=197; intended_group=n02-close-to-line-but-inside; synthetic prompt-derived intent label, not human visual gold and not a model prediction.",,unreviewed,v1.1
IMG_007437,parking_order_violation,0,negative,"GT_BASIS=generation_intent; GT_REVIEW_STATUS=unreviewed; source_slot=198; intended_group=n02-close-to-line-but-inside; synthetic prompt-derived intent label, not human visual gold and not a model prediction.",,unreviewed,v1.1
IMG_007438,parking_order_violation,0,negative,"GT_BASIS=generation_intent; GT_REVIEW_STATUS=unreviewed; source_slot=199; intended_group=n02-close-to-line-but-inside; synthetic prompt-derived intent label, not human visual gold and not a model prediction.",,unreviewed,v1.1
IMG_007439,parking_order_violation,0,negative,"GT_BASIS=generation_intent; GT_REVIEW_STATUS=unreviewed; source_slot=200; intended_group=n02-close-to-line-but-inside; synthetic prompt-derived intent label, not human visual gold and not a model prediction.",,unreviewed,v1.1
IMG_007440,parking_order_violation,0,negative,"GT_BASIS=generation_intent; GT_REVIEW_STATUS=unreviewed; source_slot=201; intended_group=n02-close-to-line-but-inside; synthetic prompt-derived intent label, not human visual gold and not a model prediction.",,unreviewed,v1.1
IMG_007441,parking_order_violation,0,negative,"GT_BASIS=generation_intent; GT_REVIEW_STATUS=unreviewed; source_slot=202; intended_group=n02-close-to-line-but-inside; synthetic prompt-derived intent label, not human visual gold and not a model prediction.",,unreviewed,v1.1
IMG_007442,parking_order_violation,0,negative,"GT_BASIS=generation_intent; GT_REVIEW_STATUS=unreviewed; source_slot=203; intended_group=n02-close-to-line-but-inside; synthetic prompt-derived intent label, not human visual gold and not a model prediction.",,unreviewed,v1.1
IMG_007443,parking_order_violation,0,negative,"GT_BASIS=generation_intent; GT_REVIEW_STATUS=unreviewed; source_slot=204; intended_group=n02-close-to-line-but-inside; synthetic prompt-derived intent label, not human visual gold and not a model prediction.",,unreviewed,v1.1
IMG_007444,parking_order_violation,0,negative,"GT_BASIS=generation_intent; GT_REVIEW_STATUS=unreviewed; source_slot=205; intended_group=n02-close-to-line-but-inside; synthetic prompt-derived intent label, not human visual gold and not a model prediction.",,unreviewed,v1.1
IMG_007445,parking_order_violation,0,negative,"GT_BASIS=generation_intent; GT_REVIEW_STATUS=unreviewed; source_slot=206; intended_group=n02-close-to-line-but-inside; synthetic prompt-derived intent label, not human visual gold and not a model prediction.",,unreviewed,v1.1
IMG_007446,parking_order_violation,0,negative,"GT_BASIS=generation_intent; GT_REVIEW_STATUS=unreviewed; source_slot=207; intended_group=n02-close-to-line-but-inside; synthetic prompt-derived intent label, not human visual gold and not a model prediction.",,unreviewed,v1.1
IMG_007447,parking_order_violation,0,negative,"GT_BASIS=generation_intent; GT_REVIEW_STATUS=unreviewed; source_slot=208; intended_group=n02-close-to-line-but-inside; synthetic prompt-derived intent label, not human visual gold and not a model prediction.",,unreviewed,v1.1
IMG_007448,parking_order_violation,0,negative,"GT_BASIS=generation_intent; GT_REVIEW_STATUS=unreviewed; source_slot=209; intended_group=n02-close-to-line-but-inside; synthetic prompt-derived intent label, not human visual gold and not a model prediction.",,unreviewed,v1.1
IMG_007449,parking_order_violation,0,negative,"GT_BASIS=generation_intent; GT_REVIEW_STATUS=unreviewed; source_slot=210; intended_group=n02-close-to-line-but-inside; synthetic prompt-derived intent label, not human visual gold and not a model prediction.",,unreviewed,v1.1
IMG_007450,parking_order_violation,0,negative,"GT_BASIS=generation_intent; GT_REVIEW_STATUS=unreviewed; source_slot=211; intended_group=n02-close-to-line-but-inside; synthetic prompt-derived intent label, not human visual gold and not a model prediction.",,unreviewed,v1.1
IMG_007451,parking_order_violation,0,negative,"GT_BASIS=generation_intent; GT_REVIEW_STATUS=unreviewed; source_slot=212; intended_group=n02-close-to-line-but-inside; synthetic prompt-derived intent label, not human visual gold and not a model prediction.",,unreviewed,v1.1
IMG_007452,parking_order_violation,0,negative,"GT_BASIS=generation_intent; GT_REVIEW_STATUS=unreviewed; source_slot=213; intended_group=n02-close-to-line-but-inside; synthetic prompt-derived intent label, not human visual gold and not a model prediction.",,unreviewed,v1.1
IMG_007453,parking_order_violation,0,negative,"GT_BASIS=generation_intent; GT_REVIEW_STATUS=unreviewed; source_slot=214; intended_group=n02-close-to-line-but-inside; synthetic prompt-derived intent label, not human visual gold and not a model prediction.",,unreviewed,v1.1
IMG_007454,parking_order_violation,0,negative,"GT_BASIS=generation_intent; GT_REVIEW_STATUS=unreviewed; source_slot=215; intended_group=n02-close-to-line-but-inside; synthetic prompt-derived intent label, not human visual gold and not a model prediction.",,unreviewed,v1.1
IMG_007455,parking_order_violation,0,negative,"GT_BASIS=generation_intent; GT_REVIEW_STATUS=unreviewed; source_slot=216; intended_group=n03-diagonal-bay-correct; synthetic prompt-derived intent label, not human visual gold and not a model prediction.",,unreviewed,v1.1
IMG_007456,parking_order_violation,0,negative,"GT_BASIS=generation_intent; GT_REVIEW_STATUS=unreviewed; source_slot=217; intended_group=n03-diagonal-bay-correct; synthetic prompt-derived intent label, not human visual gold and not a model prediction.",,unreviewed,v1.1
IMG_007457,parking_order_violation,0,negative,"GT_BASIS=generation_intent; GT_REVIEW_STATUS=unreviewed; source_slot=218; intended_group=n03-diagonal-bay-correct; synthetic prompt-derived intent label, not human visual gold and not a model prediction.",,unreviewed,v1.1
IMG_007458,parking_order_violation,0,negative,"GT_BASIS=generation_intent; GT_REVIEW_STATUS=unreviewed; source_slot=219; intended_group=n03-diagonal-bay-correct; synthetic prompt-derived intent label, not human visual gold and not a model prediction.",,unreviewed,v1.1
IMG_007459,parking_order_violation,0,negative,"GT_BASIS=generation_intent; GT_REVIEW_STATUS=unreviewed; source_slot=220; intended_group=n03-diagonal-bay-correct; synthetic prompt-derived intent label, not human visual gold and not a model prediction.",,unreviewed,v1.1
IMG_007460,parking_order_violation,0,negative,"GT_BASIS=generation_intent; GT_REVIEW_STATUS=unreviewed; source_slot=221; intended_group=n03-diagonal-bay-correct; synthetic prompt-derived intent label, not human visual gold and not a model prediction.",,unreviewed,v1.1
IMG_007461,parking_order_violation,0,negative,"GT_BASIS=generation_intent; GT_REVIEW_STATUS=unreviewed; source_slot=222; intended_group=n03-diagonal-bay-correct; synthetic prompt-derived intent label, not human visual gold and not a model prediction.",,unreviewed,v1.1
IMG_007462,parking_order_violation,0,negative,"GT_BASIS=generation_intent; GT_REVIEW_STATUS=unreviewed; source_slot=223; intended_group=n03-diagonal-bay-correct; synthetic prompt-derived intent label, not human visual gold and not a model prediction.",,unreviewed,v1.1
IMG_007463,parking_order_violation,0,negative,"GT_BASIS=generation_intent; GT_REVIEW_STATUS=unreviewed; source_slot=224; intended_group=n03-diagonal-bay-correct; synthetic prompt-derived intent label, not human visual gold and not a model prediction.",,unreviewed,v1.1
IMG_007464,parking_order_violation,0,negative,"GT_BASIS=generation_intent; GT_REVIEW_STATUS=unreviewed; source_slot=225; intended_group=n03-diagonal-bay-correct; synthetic prompt-derived intent label, not human visual gold and not a model prediction.",,unreviewed,v1.1
IMG_007465,parking_order_violation,0,negative,"GT_BASIS=generation_intent; GT_REVIEW_STATUS=unreviewed; source_slot=226; intended_group=n03-diagonal-bay-correct; synthetic prompt-derived intent label, not human visual gold and not a model prediction.",,unreviewed,v1.1
IMG_007466,parking_order_violation,0,negative,"GT_BASIS=generation_intent; GT_REVIEW_STATUS=unreviewed; source_slot=227; intended_group=n03-diagonal-bay-correct; synthetic prompt-derived intent label, not human visual gold and not a model prediction.",,unreviewed,v1.1
IMG_007467,parking_order_violation,0,negative,"GT_BASIS=generation_intent; GT_REVIEW_STATUS=unreviewed; source_slot=228; intended_group=n03-diagonal-bay-correct; synthetic prompt-derived intent label, not human visual gold and not a model prediction.",,unreviewed,v1.1
IMG_007468,parking_order_violation,0,negative,"GT_BASIS=generation_intent; GT_REVIEW_STATUS=unreviewed; source_slot=229; intended_group=n03-diagonal-bay-correct; synthetic prompt-derived intent label, not human visual gold and not a model prediction.",,unreviewed,v1.1
IMG_007469,parking_order_violation,0,negative,"GT_BASIS=generation_intent; GT_REVIEW_STATUS=unreviewed; source_slot=230; intended_group=n03-diagonal-bay-correct; synthetic prompt-derived intent label, not human visual gold and not a model prediction.",,unreviewed,v1.1
IMG_007470,parking_order_violation,0,negative,"GT_BASIS=generation_intent; GT_REVIEW_STATUS=unreviewed; source_slot=231; intended_group=n04-parallel-bay-correct; synthetic prompt-derived intent label, not human visual gold and not a model prediction.",,unreviewed,v1.1
IMG_007471,parking_order_violation,0,negative,"GT_BASIS=generation_intent; GT_REVIEW_STATUS=unreviewed; source_slot=232; intended_group=n04-parallel-bay-correct; synthetic prompt-derived intent label, not human visual gold and not a model prediction.",,unreviewed,v1.1
IMG_007472,parking_order_violation,0,negative,"GT_BASIS=generation_intent; GT_REVIEW_STATUS=unreviewed; source_slot=233; intended_group=n04-parallel-bay-correct; synthetic prompt-derived intent label, not human visual gold and not a model prediction.",,unreviewed,v1.1
IMG_007473,parking_order_violation,0,negative,"GT_BASIS=generation_intent; GT_REVIEW_STATUS=unreviewed; source_slot=234; intended_group=n04-parallel-bay-correct; synthetic prompt-derived intent label, not human visual gold and not a model prediction.",,unreviewed,v1.1
IMG_007474,parking_order_violation,0,negative,"GT_BASIS=generation_intent; GT_REVIEW_STATUS=unreviewed; source_slot=235; intended_group=n04-parallel-bay-correct; synthetic prompt-derived intent label, not human visual gold and not a model prediction.",,unreviewed,v1.1
IMG_007475,parking_order_violation,0,negative,"GT_BASIS=generation_intent; GT_REVIEW_STATUS=unreviewed; source_slot=236; intended_group=n04-parallel-bay-correct; synthetic prompt-derived intent label, not human visual gold and not a model prediction.",,unreviewed,v1.1
IMG_007476,parking_order_violation,0,negative,"GT_BASIS=generation_intent; GT_REVIEW_STATUS=unreviewed; source_slot=237; intended_group=n04-parallel-bay-correct; synthetic prompt-derived intent label, not human visual gold and not a model prediction.",,unreviewed,v1.1
IMG_007477,parking_order_violation,0,negative,"GT_BASIS=generation_intent; GT_REVIEW_STATUS=unreviewed; source_slot=238; intended_group=n04-parallel-bay-correct; synthetic prompt-derived intent label, not human visual gold and not a model prediction.",,unreviewed,v1.1
IMG_007478,parking_order_violation,0,negative,"GT_BASIS=generation_intent; GT_REVIEW_STATUS=unreviewed; source_slot=239; intended_group=n04-parallel-bay-correct; synthetic prompt-derived intent label, not human visual gold and not a model prediction.",,unreviewed,v1.1
IMG_007479,parking_order_violation,0,negative,"GT_BASIS=generation_intent; GT_REVIEW_STATUS=unreviewed; source_slot=240; intended_group=n04-parallel-bay-correct; synthetic prompt-derived intent label, not human visual gold and not a model prediction.",,unreviewed,v1.1
IMG_007480,parking_order_violation,0,negative,"GT_BASIS=generation_intent; GT_REVIEW_STATUS=unreviewed; source_slot=241; intended_group=n04-parallel-bay-correct; synthetic prompt-derived intent label, not human visual gold and not a model prediction.",,unreviewed,v1.1
IMG_007481,parking_order_violation,0,negative,"GT_BASIS=generation_intent; GT_REVIEW_STATUS=unreviewed; source_slot=242; intended_group=n04-parallel-bay-correct; synthetic prompt-derived intent label, not human visual gold and not a model prediction.",,unreviewed,v1.1
IMG_007482,parking_order_violation,0,negative,"GT_BASIS=generation_intent; GT_REVIEW_STATUS=unreviewed; source_slot=243; intended_group=n04-parallel-bay-correct; synthetic prompt-derived intent label, not human visual gold and not a model prediction.",,unreviewed,v1.1
IMG_007483,parking_order_violation,0,negative,"GT_BASIS=generation_intent; GT_REVIEW_STATUS=unreviewed; source_slot=244; intended_group=n04-parallel-bay-correct; synthetic prompt-derived intent label, not human visual gold and not a model prediction.",,unreviewed,v1.1
IMG_007484,parking_order_violation,0,negative,"GT_BASIS=generation_intent; GT_REVIEW_STATUS=unreviewed; source_slot=245; intended_group=n04-parallel-bay-correct; synthetic prompt-derived intent label, not human visual gold and not a model prediction.",,unreviewed,v1.1
IMG_007485,parking_order_violation,0,negative,"GT_BASIS=generation_intent; GT_REVIEW_STATUS=unreviewed; source_slot=246; intended_group=n05-multiple-all-correct; synthetic prompt-derived intent label, not human visual gold and not a model prediction.",,unreviewed,v1.1
IMG_007486,parking_order_violation,0,negative,"GT_BASIS=generation_intent; GT_REVIEW_STATUS=unreviewed; source_slot=247; intended_group=n05-multiple-all-correct; synthetic prompt-derived intent label, not human visual gold and not a model prediction.",,unreviewed,v1.1
IMG_007487,parking_order_violation,0,negative,"GT_BASIS=generation_intent; GT_REVIEW_STATUS=unreviewed; source_slot=248; intended_group=n05-multiple-all-correct; synthetic prompt-derived intent label, not human visual gold and not a model prediction.",,unreviewed,v1.1
IMG_007488,parking_order_violation,0,negative,"GT_BASIS=generation_intent; GT_REVIEW_STATUS=unreviewed; source_slot=249; intended_group=n05-multiple-all-correct; synthetic prompt-derived intent label, not human visual gold and not a model prediction.",,unreviewed,v1.1
IMG_007489,parking_order_violation,0,negative,"GT_BASIS=generation_intent; GT_REVIEW_STATUS=unreviewed; source_slot=250; intended_group=n05-multiple-all-correct; synthetic prompt-derived intent label, not human visual gold and not a model prediction.",,unreviewed,v1.1
IMG_007490,parking_order_violation,0,negative,"GT_BASIS=generation_intent; GT_REVIEW_STATUS=unreviewed; source_slot=251; intended_group=n05-multiple-all-correct; synthetic prompt-derived intent label, not human visual gold and not a model prediction.",,unreviewed,v1.1
IMG_007491,parking_order_violation,0,negative,"GT_BASIS=generation_intent; GT_REVIEW_STATUS=unreviewed; source_slot=252; intended_group=n05-multiple-all-correct; synthetic prompt-derived intent label, not human visual gold and not a model prediction.",,unreviewed,v1.1
IMG_007492,parking_order_violation,0,negative,"GT_BASIS=generation_intent; GT_REVIEW_STATUS=unreviewed; source_slot=253; intended_group=n05-multiple-all-correct; synthetic prompt-derived intent label, not human visual gold and not a model prediction.",,unreviewed,v1.1
IMG_007493,parking_order_violation,0,negative,"GT_BASIS=generation_intent; GT_REVIEW_STATUS=unreviewed; source_slot=254; intended_group=n05-multiple-all-correct; synthetic prompt-derived intent label, not human visual gold and not a model prediction.",,unreviewed,v1.1
IMG_007494,parking_order_violation,0,negative,"GT_BASIS=generation_intent; GT_REVIEW_STATUS=unreviewed; source_slot=255; intended_group=n05-multiple-all-correct; synthetic prompt-derived intent label, not human visual gold and not a model prediction.",,unreviewed,v1.1
IMG_007495,parking_order_violation,0,negative,"GT_BASIS=generation_intent; GT_REVIEW_STATUS=unreviewed; source_slot=256; intended_group=n05-multiple-all-correct; synthetic prompt-derived intent label, not human visual gold and not a model prediction.",,unreviewed,v1.1
IMG_007496,parking_order_violation,0,negative,"GT_BASIS=generation_intent; GT_REVIEW_STATUS=unreviewed; source_slot=257; intended_group=n05-multiple-all-correct; synthetic prompt-derived intent label, not human visual gold and not a model prediction.",,unreviewed,v1.1
IMG_007497,parking_order_violation,0,negative,"GT_BASIS=generation_intent; GT_REVIEW_STATUS=unreviewed; source_slot=258; intended_group=n05-multiple-all-correct; synthetic prompt-derived intent label, not human visual gold and not a model prediction.",,unreviewed,v1.1
IMG_007498,parking_order_violation,0,negative,"GT_BASIS=generation_intent; GT_REVIEW_STATUS=unreviewed; source_slot=259; intended_group=n05-multiple-all-correct; synthetic prompt-derived intent label, not human visual gold and not a model prediction.",,unreviewed,v1.1
IMG_007499,parking_order_violation,0,negative,"GT_BASIS=generation_intent; GT_REVIEW_STATUS=unreviewed; source_slot=260; intended_group=n05-multiple-all-correct; synthetic prompt-derived intent label, not human visual gold and not a model prediction.",,unreviewed,v1.1
IMG_007500,parking_order_violation,0,negative,"GT_BASIS=generation_intent; GT_REVIEW_STATUS=unreviewed; source_slot=261; intended_group=n06-special-marked-space-geometry-correct; synthetic prompt-derived intent label, not human visual gold and not a model prediction.",,unreviewed,v1.1
IMG_007501,parking_order_violation,0,negative,"GT_BASIS=generation_intent; GT_REVIEW_STATUS=unreviewed; source_slot=262; intended_group=n06-special-marked-space-geometry-correct; synthetic prompt-derived intent label, not human visual gold and not a model prediction.",,unreviewed,v1.1
IMG_007502,parking_order_violation,0,negative,"GT_BASIS=generation_intent; GT_REVIEW_STATUS=unreviewed; source_slot=263; intended_group=n06-special-marked-space-geometry-correct; synthetic prompt-derived intent label, not human visual gold and not a model prediction.",,unreviewed,v1.1
IMG_007503,parking_order_violation,0,negative,"GT_BASIS=generation_intent; GT_REVIEW_STATUS=unreviewed; source_slot=264; intended_group=n06-special-marked-space-geometry-correct; synthetic prompt-derived intent label, not human visual gold and not a model prediction.",,unreviewed,v1.1
IMG_007504,parking_order_violation,0,negative,"GT_BASIS=generation_intent; GT_REVIEW_STATUS=unreviewed; source_slot=265; intended_group=n06-special-marked-space-geometry-correct; synthetic prompt-derived intent label, not human visual gold and not a model prediction.",,unreviewed,v1.1
IMG_007505,parking_order_violation,0,negative,"GT_BASIS=generation_intent; GT_REVIEW_STATUS=unreviewed; source_slot=266; intended_group=n06-special-marked-space-geometry-correct; synthetic prompt-derived intent label, not human visual gold and not a model prediction.",,unreviewed,v1.1
IMG_007506,parking_order_violation,0,negative,"GT_BASIS=generation_intent; GT_REVIEW_STATUS=unreviewed; source_slot=267; intended_group=n06-special-marked-space-geometry-correct; synthetic prompt-derived intent label, not human visual gold and not a model prediction.",,unreviewed,v1.1
IMG_007507,parking_order_violation,0,negative,"GT_BASIS=generation_intent; GT_REVIEW_STATUS=unreviewed; source_slot=268; intended_group=n06-special-marked-space-geometry-correct; synthetic prompt-derived intent label, not human visual gold and not a model prediction.",,unreviewed,v1.1
IMG_007508,parking_order_violation,0,negative,"GT_BASIS=generation_intent; GT_REVIEW_STATUS=unreviewed; source_slot=269; intended_group=n06-special-marked-space-geometry-correct; synthetic prompt-derived intent label, not human visual gold and not a model prediction.",,unreviewed,v1.1
IMG_007509,parking_order_violation,0,negative,"GT_BASIS=generation_intent; GT_REVIEW_STATUS=unreviewed; source_slot=270; intended_group=n06-special-marked-space-geometry-correct; synthetic prompt-derived intent label, not human visual gold and not a model prediction.",,unreviewed,v1.1
IMG_007510,parking_order_violation,0,negative,"GT_BASIS=generation_intent; GT_REVIEW_STATUS=unreviewed; source_slot=271; intended_group=n06-special-marked-space-geometry-correct; synthetic prompt-derived intent label, not human visual gold and not a model prediction.",,unreviewed,v1.1
IMG_007511,parking_order_violation,0,negative,"GT_BASIS=generation_intent; GT_REVIEW_STATUS=unreviewed; source_slot=272; intended_group=n06-special-marked-space-geometry-correct; synthetic prompt-derived intent label, not human visual gold and not a model prediction.",,unreviewed,v1.1
IMG_007512,parking_order_violation,0,negative,"GT_BASIS=generation_intent; GT_REVIEW_STATUS=unreviewed; source_slot=273; intended_group=n06-special-marked-space-geometry-correct; synthetic prompt-derived intent label, not human visual gold and not a model prediction.",,unreviewed,v1.1
IMG_007513,parking_order_violation,0,negative,"GT_BASIS=generation_intent; GT_REVIEW_STATUS=unreviewed; source_slot=274; intended_group=n06-special-marked-space-geometry-correct; synthetic prompt-derived intent label, not human visual gold and not a model prediction.",,unreviewed,v1.1
IMG_007514,parking_order_violation,0,negative,"GT_BASIS=generation_intent; GT_REVIEW_STATUS=unreviewed; source_slot=275; intended_group=n06-special-marked-space-geometry-correct; synthetic prompt-derived intent label, not human visual gold and not a model prediction.",,unreviewed,v1.1
IMG_007515,parking_order_violation,0,negative,"GT_BASIS=generation_intent; GT_REVIEW_STATUS=unreviewed; source_slot=276; intended_group=n06-special-marked-space-geometry-correct; synthetic prompt-derived intent label, not human visual gold and not a model prediction.",,unreviewed,v1.1
IMG_007516,parking_order_violation,0,negative,"GT_BASIS=generation_intent; GT_REVIEW_STATUS=unreviewed; source_slot=277; intended_group=n06-special-marked-space-geometry-correct; synthetic prompt-derived intent label, not human visual gold and not a model prediction.",,unreviewed,v1.1
IMG_007517,parking_order_violation,0,negative,"GT_BASIS=generation_intent; GT_REVIEW_STATUS=unreviewed; source_slot=278; intended_group=n06-special-marked-space-geometry-correct; synthetic prompt-derived intent label, not human visual gold and not a model prediction.",,unreviewed,v1.1
IMG_007518,parking_order_violation,0,negative,"GT_BASIS=generation_intent; GT_REVIEW_STATUS=unreviewed; source_slot=279; intended_group=n06-special-marked-space-geometry-correct; synthetic prompt-derived intent label, not human visual gold and not a model prediction.",,unreviewed,v1.1
IMG_007519,parking_order_violation,0,negative,"GT_BASIS=generation_intent; GT_REVIEW_STATUS=unreviewed; source_slot=280; intended_group=n06-special-marked-space-geometry-correct; synthetic prompt-derived intent label, not human visual gold and not a model prediction.",,unreviewed,v1.1
IMG_007320,parking_order_violation,0,hard_negative,"GT_BASIS=generation_intent; GT_REVIEW_STATUS=unreviewed; source_slot=281; intended_group=hn01-gate-queue; synthetic prompt-derived intent label, not human visual gold and not a model prediction.",,unreviewed,v1.1
IMG_007321,parking_order_violation,0,hard_negative,"GT_BASIS=generation_intent; GT_REVIEW_STATUS=unreviewed; source_slot=282; intended_group=hn01-gate-queue; synthetic prompt-derived intent label, not human visual gold and not a model prediction.",,unreviewed,v1.1
IMG_007322,parking_order_violation,0,hard_negative,"GT_BASIS=generation_intent; GT_REVIEW_STATUS=unreviewed; source_slot=283; intended_group=hn01-gate-queue; synthetic prompt-derived intent label, not human visual gold and not a model prediction.",,unreviewed,v1.1
IMG_007323,parking_order_violation,0,hard_negative,"GT_BASIS=generation_intent; GT_REVIEW_STATUS=unreviewed; source_slot=284; intended_group=hn01-gate-queue; synthetic prompt-derived intent label, not human visual gold and not a model prediction.",,unreviewed,v1.1
IMG_007324,parking_order_violation,0,hard_negative,"GT_BASIS=generation_intent; GT_REVIEW_STATUS=unreviewed; source_slot=285; intended_group=hn01-gate-queue; synthetic prompt-derived intent label, not human visual gold and not a model prediction.",,unreviewed,v1.1
IMG_007325,parking_order_violation,0,hard_negative,"GT_BASIS=generation_intent; GT_REVIEW_STATUS=unreviewed; source_slot=286; intended_group=hn01-gate-queue; synthetic prompt-derived intent label, not human visual gold and not a model prediction.",,unreviewed,v1.1
IMG_007326,parking_order_violation,0,hard_negative,"GT_BASIS=generation_intent; GT_REVIEW_STATUS=unreviewed; source_slot=287; intended_group=hn01-gate-queue; synthetic prompt-derived intent label, not human visual gold and not a model prediction.",,unreviewed,v1.1
IMG_007327,parking_order_violation,0,hard_negative,"GT_BASIS=generation_intent; GT_REVIEW_STATUS=unreviewed; source_slot=288; intended_group=hn01-gate-queue; synthetic prompt-derived intent label, not human visual gold and not a model prediction.",,unreviewed,v1.1
IMG_007328,parking_order_violation,0,hard_negative,"GT_BASIS=generation_intent; GT_REVIEW_STATUS=unreviewed; source_slot=289; intended_group=hn01-gate-queue; synthetic prompt-derived intent label, not human visual gold and not a model prediction.",,unreviewed,v1.1
IMG_007329,parking_order_violation,0,hard_negative,"GT_BASIS=generation_intent; GT_REVIEW_STATUS=unreviewed; source_slot=290; intended_group=hn01-gate-queue; synthetic prompt-derived intent label, not human visual gold and not a model prediction.",,unreviewed,v1.1
IMG_007330,parking_order_violation,0,hard_negative,"GT_BASIS=generation_intent; GT_REVIEW_STATUS=unreviewed; source_slot=291; intended_group=hn01-gate-queue; synthetic prompt-derived intent label, not human visual gold and not a model prediction.",,unreviewed,v1.1
IMG_007331,parking_order_violation,0,hard_negative,"GT_BASIS=generation_intent; GT_REVIEW_STATUS=unreviewed; source_slot=292; intended_group=hn01-gate-queue; synthetic prompt-derived intent label, not human visual gold and not a model prediction.",,unreviewed,v1.1
IMG_007332,parking_order_violation,0,hard_negative,"GT_BASIS=generation_intent; GT_REVIEW_STATUS=unreviewed; source_slot=293; intended_group=hn01-gate-queue; synthetic prompt-derived intent label, not human visual gold and not a model prediction.",,unreviewed,v1.1
IMG_007333,parking_order_violation,0,hard_negative,"GT_BASIS=generation_intent; GT_REVIEW_STATUS=unreviewed; source_slot=294; intended_group=hn01-gate-queue; synthetic prompt-derived intent label, not human visual gold and not a model prediction.",,unreviewed,v1.1
IMG_007334,parking_order_violation,0,hard_negative,"GT_BASIS=generation_intent; GT_REVIEW_STATUS=unreviewed; source_slot=295; intended_group=hn01-gate-queue; synthetic prompt-derived intent label, not human visual gold and not a model prediction.",,unreviewed,v1.1
IMG_007335,parking_order_violation,0,hard_negative,"GT_BASIS=generation_intent; GT_REVIEW_STATUS=unreviewed; source_slot=296; intended_group=hn01-gate-queue; synthetic prompt-derived intent label, not human visual gold and not a model prediction.",,unreviewed,v1.1
IMG_007336,parking_order_violation,0,hard_negative,"GT_BASIS=generation_intent; GT_REVIEW_STATUS=unreviewed; source_slot=297; intended_group=hn01-gate-queue; synthetic prompt-derived intent label, not human visual gold and not a model prediction.",,unreviewed,v1.1
IMG_007337,parking_order_violation,0,hard_negative,"GT_BASIS=generation_intent; GT_REVIEW_STATUS=unreviewed; source_slot=298; intended_group=hn01-gate-queue; synthetic prompt-derived intent label, not human visual gold and not a model prediction.",,unreviewed,v1.1
IMG_007338,parking_order_violation,0,hard_negative,"GT_BASIS=generation_intent; GT_REVIEW_STATUS=unreviewed; source_slot=299; intended_group=hn01-gate-queue; synthetic prompt-derived intent label, not human visual gold and not a model prediction.",,unreviewed,v1.1
IMG_007339,parking_order_violation,0,hard_negative,"GT_BASIS=generation_intent; GT_REVIEW_STATUS=unreviewed; source_slot=300; intended_group=hn01-gate-queue; synthetic prompt-derived intent label, not human visual gold and not a model prediction.",,unreviewed,v1.1
IMG_007340,parking_order_violation,0,hard_negative,"GT_BASIS=generation_intent; GT_REVIEW_STATUS=unreviewed; source_slot=301; intended_group=hn01-gate-queue; synthetic prompt-derived intent label, not human visual gold and not a model prediction.",,unreviewed,v1.1
IMG_007341,parking_order_violation,0,hard_negative,"GT_BASIS=generation_intent; GT_REVIEW_STATUS=unreviewed; source_slot=302; intended_group=hn01-gate-queue; synthetic prompt-derived intent label, not human visual gold and not a model prediction.",,unreviewed,v1.1
IMG_007342,parking_order_violation,0,hard_negative,"GT_BASIS=generation_intent; GT_REVIEW_STATUS=unreviewed; source_slot=303; intended_group=hn01-gate-queue; synthetic prompt-derived intent label, not human visual gold and not a model prediction.",,unreviewed,v1.1
IMG_007343,parking_order_violation,0,hard_negative,"GT_BASIS=generation_intent; GT_REVIEW_STATUS=unreviewed; source_slot=304; intended_group=hn01-gate-queue; synthetic prompt-derived intent label, not human visual gold and not a model prediction.",,unreviewed,v1.1
IMG_007344,parking_order_violation,0,hard_negative,"GT_BASIS=generation_intent; GT_REVIEW_STATUS=unreviewed; source_slot=305; intended_group=hn01-gate-queue; synthetic prompt-derived intent label, not human visual gold and not a model prediction.",,unreviewed,v1.1
IMG_007345,parking_order_violation,0,hard_negative,"GT_BASIS=generation_intent; GT_REVIEW_STATUS=unreviewed; source_slot=306; intended_group=hn01-gate-queue; synthetic prompt-derived intent label, not human visual gold and not a model prediction.",,unreviewed,v1.1
IMG_007346,parking_order_violation,0,hard_negative,"GT_BASIS=generation_intent; GT_REVIEW_STATUS=unreviewed; source_slot=307; intended_group=hn01-gate-queue; synthetic prompt-derived intent label, not human visual gold and not a model prediction.",,unreviewed,v1.1
IMG_007347,parking_order_violation,0,hard_negative,"GT_BASIS=generation_intent; GT_REVIEW_STATUS=unreviewed; source_slot=308; intended_group=hn01-gate-queue; synthetic prompt-derived intent label, not human visual gold and not a model prediction.",,unreviewed,v1.1
IMG_007348,parking_order_violation,0,hard_negative,"GT_BASIS=generation_intent; GT_REVIEW_STATUS=unreviewed; source_slot=309; intended_group=hn01-gate-queue; synthetic prompt-derived intent label, not human visual gold and not a model prediction.",,unreviewed,v1.1
IMG_007349,parking_order_violation,0,hard_negative,"GT_BASIS=generation_intent; GT_REVIEW_STATUS=unreviewed; source_slot=310; intended_group=hn01-gate-queue; synthetic prompt-derived intent label, not human visual gold and not a model prediction.",,unreviewed,v1.1
IMG_007350,parking_order_violation,0,hard_negative,"GT_BASIS=generation_intent; GT_REVIEW_STATUS=unreviewed; source_slot=311; intended_group=hn02-faded-lines-but-confirmably-inside; synthetic prompt-derived intent label, not human visual gold and not a model prediction.",,unreviewed,v1.1
IMG_007351,parking_order_violation,0,hard_negative,"GT_BASIS=generation_intent; GT_REVIEW_STATUS=unreviewed; source_slot=312; intended_group=hn02-faded-lines-but-confirmably-inside; synthetic prompt-derived intent label, not human visual gold and not a model prediction.",,unreviewed,v1.1
IMG_007352,parking_order_violation,0,hard_negative,"GT_BASIS=generation_intent; GT_REVIEW_STATUS=unreviewed; source_slot=313; intended_group=hn02-faded-lines-but-confirmably-inside; synthetic prompt-derived intent label, not human visual gold and not a model prediction.",,unreviewed,v1.1
IMG_007353,parking_order_violation,0,hard_negative,"GT_BASIS=generation_intent; GT_REVIEW_STATUS=unreviewed; source_slot=314; intended_group=hn02-faded-lines-but-confirmably-inside; synthetic prompt-derived intent label, not human visual gold and not a model prediction.",,unreviewed,v1.1
IMG_007354,parking_order_violation,0,hard_negative,"GT_BASIS=generation_intent; GT_REVIEW_STATUS=unreviewed; source_slot=315; intended_group=hn02-faded-lines-but-confirmably-inside; synthetic prompt-derived intent label, not human visual gold and not a model prediction.",,unreviewed,v1.1
IMG_007355,parking_order_violation,0,hard_negative,"GT_BASIS=generation_intent; GT_REVIEW_STATUS=unreviewed; source_slot=316; intended_group=hn02-faded-lines-but-confirmably-inside; synthetic prompt-derived intent label, not human visual gold and not a model prediction.",,unreviewed,v1.1
IMG_007356,parking_order_violation,0,hard_negative,"GT_BASIS=generation_intent; GT_REVIEW_STATUS=unreviewed; source_slot=317; intended_group=hn02-faded-lines-but-confirmably-inside; synthetic prompt-derived intent label, not human visual gold and not a model prediction.",,unreviewed,v1.1
IMG_007357,parking_order_violation,0,hard_negative,"GT_BASIS=generation_intent; GT_REVIEW_STATUS=unreviewed; source_slot=318; intended_group=hn02-faded-lines-but-confirmably-inside; synthetic prompt-derived intent label, not human visual gold and not a model prediction.",,unreviewed,v1.1
IMG_007358,parking_order_violation,0,hard_negative,"GT_BASIS=generation_intent; GT_REVIEW_STATUS=unreviewed; source_slot=319; intended_group=hn02-faded-lines-but-confirmably-inside; synthetic prompt-derived intent label, not human visual gold and not a model prediction.",,unreviewed,v1.1
IMG_007359,parking_order_violation,0,hard_negative,"GT_BASIS=generation_intent; GT_REVIEW_STATUS=unreviewed; source_slot=320; intended_group=hn02-faded-lines-but-confirmably-inside; synthetic prompt-derived intent label, not human visual gold and not a model prediction.",,unreviewed,v1.1
IMG_007360,parking_order_violation,0,hard_negative,"GT_BASIS=generation_intent; GT_REVIEW_STATUS=unreviewed; source_slot=321; intended_group=hn03-perspective-looks-like-crossing; synthetic prompt-derived intent label, not human visual gold and not a model prediction.",,unreviewed,v1.1
IMG_007361,parking_order_violation,0,hard_negative,"GT_BASIS=generation_intent; GT_REVIEW_STATUS=unreviewed; source_slot=322; intended_group=hn03-perspective-looks-like-crossing; synthetic prompt-derived intent label, not human visual gold and not a model prediction.",,unreviewed,v1.1
IMG_007362,parking_order_violation,0,hard_negative,"GT_BASIS=generation_intent; GT_REVIEW_STATUS=unreviewed; source_slot=323; intended_group=hn03-perspective-looks-like-crossing; synthetic prompt-derived intent label, not human visual gold and not a model prediction.",,unreviewed,v1.1
IMG_007363,parking_order_violation,0,hard_negative,"GT_BASIS=generation_intent; GT_REVIEW_STATUS=unreviewed; source_slot=324; intended_group=hn03-perspective-looks-like-crossing; synthetic prompt-derived intent label, not human visual gold and not a model prediction.",,unreviewed,v1.1
IMG_007364,parking_order_violation,0,hard_negative,"GT_BASIS=generation_intent; GT_REVIEW_STATUS=unreviewed; source_slot=325; intended_group=hn03-perspective-looks-like-crossing; synthetic prompt-derived intent label, not human visual gold and not a model prediction.",,unreviewed,v1.1
IMG_007365,parking_order_violation,0,hard_negative,"GT_BASIS=generation_intent; GT_REVIEW_STATUS=unreviewed; source_slot=326; intended_group=hn03-perspective-looks-like-crossing; synthetic prompt-derived intent label, not human visual gold and not a model prediction.",,unreviewed,v1.1
IMG_007366,parking_order_violation,0,hard_negative,"GT_BASIS=generation_intent; GT_REVIEW_STATUS=unreviewed; source_slot=327; intended_group=hn03-perspective-looks-like-crossing; synthetic prompt-derived intent label, not human visual gold and not a model prediction.",,unreviewed,v1.1
IMG_007367,parking_order_violation,0,hard_negative,"GT_BASIS=generation_intent; GT_REVIEW_STATUS=unreviewed; source_slot=328; intended_group=hn03-perspective-looks-like-crossing; synthetic prompt-derived intent label, not human visual gold and not a model prediction.",,unreviewed,v1.1
IMG_007368,parking_order_violation,0,hard_negative,"GT_BASIS=generation_intent; GT_REVIEW_STATUS=unreviewed; source_slot=329; intended_group=hn03-perspective-looks-like-crossing; synthetic prompt-derived intent label, not human visual gold and not a model prediction.",,unreviewed,v1.1
IMG_007369,parking_order_violation,0,hard_negative,"GT_BASIS=generation_intent; GT_REVIEW_STATUS=unreviewed; source_slot=330; intended_group=hn03-perspective-looks-like-crossing; synthetic prompt-derived intent label, not human visual gold and not a model prediction.",,unreviewed,v1.1
IMG_007370,parking_order_violation,0,hard_negative,"GT_BASIS=generation_intent; GT_REVIEW_STATUS=unreviewed; source_slot=331; intended_group=hn04-large-vehicle-compliant; synthetic prompt-derived intent label, not human visual gold and not a model prediction.",,unreviewed,v1.1
IMG_007371,parking_order_violation,0,hard_negative,"GT_BASIS=generation_intent; GT_REVIEW_STATUS=unreviewed; source_slot=332; intended_group=hn04-large-vehicle-compliant; synthetic prompt-derived intent label, not human visual gold and not a model prediction.",,unreviewed,v1.1
IMG_007372,parking_order_violation,0,hard_negative,"GT_BASIS=generation_intent; GT_REVIEW_STATUS=unreviewed; source_slot=333; intended_group=hn04-large-vehicle-compliant; synthetic prompt-derived intent label, not human visual gold and not a model prediction.",,unreviewed,v1.1
IMG_007373,parking_order_violation,0,hard_negative,"GT_BASIS=generation_intent; GT_REVIEW_STATUS=unreviewed; source_slot=334; intended_group=hn04-large-vehicle-compliant; synthetic prompt-derived intent label, not human visual gold and not a model prediction.",,unreviewed,v1.1
IMG_007374,parking_order_violation,0,hard_negative,"GT_BASIS=generation_intent; GT_REVIEW_STATUS=unreviewed; source_slot=335; intended_group=hn04-large-vehicle-compliant; synthetic prompt-derived intent label, not human visual gold and not a model prediction.",,unreviewed,v1.1
IMG_007375,parking_order_violation,0,hard_negative,"GT_BASIS=generation_intent; GT_REVIEW_STATUS=unreviewed; source_slot=336; intended_group=hn04-large-vehicle-compliant; synthetic prompt-derived intent label, not human visual gold and not a model prediction.",,unreviewed,v1.1
IMG_007376,parking_order_violation,0,hard_negative,"GT_BASIS=generation_intent; GT_REVIEW_STATUS=unreviewed; source_slot=337; intended_group=hn04-large-vehicle-compliant; synthetic prompt-derived intent label, not human visual gold and not a model prediction.",,unreviewed,v1.1
IMG_007377,parking_order_violation,0,hard_negative,"GT_BASIS=generation_intent; GT_REVIEW_STATUS=unreviewed; source_slot=338; intended_group=hn04-large-vehicle-compliant; synthetic prompt-derived intent label, not human visual gold and not a model prediction.",,unreviewed,v1.1
IMG_007378,parking_order_violation,0,hard_negative,"GT_BASIS=generation_intent; GT_REVIEW_STATUS=unreviewed; source_slot=339; intended_group=hn04-large-vehicle-compliant; synthetic prompt-derived intent label, not human visual gold and not a model prediction.",,unreviewed,v1.1
IMG_007379,parking_order_violation,0,hard_negative,"GT_BASIS=generation_intent; GT_REVIEW_STATUS=unreviewed; source_slot=340; intended_group=hn04-large-vehicle-compliant; synthetic prompt-derived intent label, not human visual gold and not a model prediction.",,unreviewed,v1.1
IMG_007380,parking_order_violation,0,hard_negative,"GT_BASIS=generation_intent; GT_REVIEW_STATUS=unreviewed; source_slot=341; intended_group=hn05-adjacent-vehicle-occludes-lines; synthetic prompt-derived intent label, not human visual gold and not a model prediction.",,unreviewed,v1.1
IMG_007381,parking_order_violation,0,hard_negative,"GT_BASIS=generation_intent; GT_REVIEW_STATUS=unreviewed; source_slot=342; intended_group=hn05-adjacent-vehicle-occludes-lines; synthetic prompt-derived intent label, not human visual gold and not a model prediction.",,unreviewed,v1.1
IMG_007382,parking_order_violation,0,hard_negative,"GT_BASIS=generation_intent; GT_REVIEW_STATUS=unreviewed; source_slot=343; intended_group=hn05-adjacent-vehicle-occludes-lines; synthetic prompt-derived intent label, not human visual gold and not a model prediction.",,unreviewed,v1.1
IMG_007383,parking_order_violation,0,hard_negative,"GT_BASIS=generation_intent; GT_REVIEW_STATUS=unreviewed; source_slot=344; intended_group=hn05-adjacent-vehicle-occludes-lines; synthetic prompt-derived intent label, not human visual gold and not a model prediction.",,unreviewed,v1.1
IMG_007384,parking_order_violation,0,hard_negative,"GT_BASIS=generation_intent; GT_REVIEW_STATUS=unreviewed; source_slot=345; intended_group=hn05-adjacent-vehicle-occludes-lines; synthetic prompt-derived intent label, not human visual gold and not a model prediction.",,unreviewed,v1.1
IMG_007385,parking_order_violation,0,hard_negative,"GT_BASIS=generation_intent; GT_REVIEW_STATUS=unreviewed; source_slot=346; intended_group=hn05-adjacent-vehicle-occludes-lines; synthetic prompt-derived intent label, not human visual gold and not a model prediction.",,unreviewed,v1.1
IMG_007386,parking_order_violation,0,hard_negative,"GT_BASIS=generation_intent; GT_REVIEW_STATUS=unreviewed; source_slot=347; intended_group=hn05-adjacent-vehicle-occludes-lines; synthetic prompt-derived intent label, not human visual gold and not a model prediction.",,unreviewed,v1.1
IMG_007387,parking_order_violation,0,hard_negative,"GT_BASIS=generation_intent; GT_REVIEW_STATUS=unreviewed; source_slot=348; intended_group=hn05-adjacent-vehicle-occludes-lines; synthetic prompt-derived intent label, not human visual gold and not a model prediction.",,unreviewed,v1.1
IMG_007388,parking_order_violation,0,hard_negative,"GT_BASIS=generation_intent; GT_REVIEW_STATUS=unreviewed; source_slot=349; intended_group=hn05-adjacent-vehicle-occludes-lines; synthetic prompt-derived intent label, not human visual gold and not a model prediction.",,unreviewed,v1.1
IMG_007389,parking_order_violation,0,hard_negative,"GT_BASIS=generation_intent; GT_REVIEW_STATUS=unreviewed; source_slot=350; intended_group=hn05-adjacent-vehicle-occludes-lines; synthetic prompt-derived intent label, not human visual gold and not a model prediction.",,unreviewed,v1.1
IMG_007390,parking_order_violation,0,hard_negative,"GT_BASIS=generation_intent; GT_REVIEW_STATUS=unreviewed; source_slot=351; intended_group=hn06-shadows-cracks-curbs-mimic-lines; synthetic prompt-derived intent label, not human visual gold and not a model prediction.",,unreviewed,v1.1
IMG_007391,parking_order_violation,0,hard_negative,"GT_BASIS=generation_intent; GT_REVIEW_STATUS=unreviewed; source_slot=352; intended_group=hn06-shadows-cracks-curbs-mimic-lines; synthetic prompt-derived intent label, not human visual gold and not a model prediction.",,unreviewed,v1.1
IMG_007392,parking_order_violation,0,hard_negative,"GT_BASIS=generation_intent; GT_REVIEW_STATUS=unreviewed; source_slot=353; intended_group=hn06-shadows-cracks-curbs-mimic-lines; synthetic prompt-derived intent label, not human visual gold and not a model prediction.",,unreviewed,v1.1
IMG_007393,parking_order_violation,0,hard_negative,"GT_BASIS=generation_intent; GT_REVIEW_STATUS=unreviewed; source_slot=354; intended_group=hn06-shadows-cracks-curbs-mimic-lines; synthetic prompt-derived intent label, not human visual gold and not a model prediction.",,unreviewed,v1.1
IMG_007394,parking_order_violation,0,hard_negative,"GT_BASIS=generation_intent; GT_REVIEW_STATUS=unreviewed; source_slot=355; intended_group=hn06-shadows-cracks-curbs-mimic-lines; synthetic prompt-derived intent label, not human visual gold and not a model prediction.",,unreviewed,v1.1
IMG_007395,parking_order_violation,0,hard_negative,"GT_BASIS=generation_intent; GT_REVIEW_STATUS=unreviewed; source_slot=356; intended_group=hn06-shadows-cracks-curbs-mimic-lines; synthetic prompt-derived intent label, not human visual gold and not a model prediction.",,unreviewed,v1.1
IMG_007396,parking_order_violation,0,hard_negative,"GT_BASIS=generation_intent; GT_REVIEW_STATUS=unreviewed; source_slot=357; intended_group=hn06-shadows-cracks-curbs-mimic-lines; synthetic prompt-derived intent label, not human visual gold and not a model prediction.",,unreviewed,v1.1
IMG_007397,parking_order_violation,0,hard_negative,"GT_BASIS=generation_intent; GT_REVIEW_STATUS=unreviewed; source_slot=358; intended_group=hn06-shadows-cracks-curbs-mimic-lines; synthetic prompt-derived intent label, not human visual gold and not a model prediction.",,unreviewed,v1.1
IMG_007398,parking_order_violation,0,hard_negative,"GT_BASIS=generation_intent; GT_REVIEW_STATUS=unreviewed; source_slot=359; intended_group=hn06-shadows-cracks-curbs-mimic-lines; synthetic prompt-derived intent label, not human visual gold and not a model prediction.",,unreviewed,v1.1
IMG_007399,parking_order_violation,0,hard_negative,"GT_BASIS=generation_intent; GT_REVIEW_STATUS=unreviewed; source_slot=360; intended_group=hn06-shadows-cracks-curbs-mimic-lines; synthetic prompt-derived intent label, not human visual gold and not a model prediction.",,unreviewed,v1.1
IMG_007677,parking_order_violation,uncertain,uncertain,"GT_BASIS=generation_intent; GT_REVIEW_STATUS=unreviewed; source_slot=361; intended_group=u01-insufficient-parking-visual-evidence; synthetic prompt-derived intent label, not human visual gold and not a model prediction.",,unreviewed,v1.1
IMG_007678,parking_order_violation,uncertain,uncertain,"GT_BASIS=generation_intent; GT_REVIEW_STATUS=unreviewed; source_slot=362; intended_group=u01-insufficient-parking-visual-evidence; synthetic prompt-derived intent label, not human visual gold and not a model prediction.",,unreviewed,v1.1
IMG_007679,parking_order_violation,uncertain,uncertain,"GT_BASIS=generation_intent; GT_REVIEW_STATUS=unreviewed; source_slot=363; intended_group=u01-insufficient-parking-visual-evidence; synthetic prompt-derived intent label, not human visual gold and not a model prediction.",,unreviewed,v1.1
IMG_007680,parking_order_violation,uncertain,uncertain,"GT_BASIS=generation_intent; GT_REVIEW_STATUS=unreviewed; source_slot=364; intended_group=u01-insufficient-parking-visual-evidence; synthetic prompt-derived intent label, not human visual gold and not a model prediction.",,unreviewed,v1.1
IMG_007681,parking_order_violation,uncertain,uncertain,"GT_BASIS=generation_intent; GT_REVIEW_STATUS=unreviewed; source_slot=365; intended_group=u01-insufficient-parking-visual-evidence; synthetic prompt-derived intent label, not human visual gold and not a model prediction.",,unreviewed,v1.1
IMG_007682,parking_order_violation,uncertain,uncertain,"GT_BASIS=generation_intent; GT_REVIEW_STATUS=unreviewed; source_slot=366; intended_group=u01-insufficient-parking-visual-evidence; synthetic prompt-derived intent label, not human visual gold and not a model prediction.",,unreviewed,v1.1
IMG_007683,parking_order_violation,uncertain,uncertain,"GT_BASIS=generation_intent; GT_REVIEW_STATUS=unreviewed; source_slot=367; intended_group=u01-insufficient-parking-visual-evidence; synthetic prompt-derived intent label, not human visual gold and not a model prediction.",,unreviewed,v1.1
IMG_007684,parking_order_violation,uncertain,uncertain,"GT_BASIS=generation_intent; GT_REVIEW_STATUS=unreviewed; source_slot=368; intended_group=u01-insufficient-parking-visual-evidence; synthetic prompt-derived intent label, not human visual gold and not a model prediction.",,unreviewed,v1.1
IMG_007685,parking_order_violation,uncertain,uncertain,"GT_BASIS=generation_intent; GT_REVIEW_STATUS=unreviewed; source_slot=369; intended_group=u01-insufficient-parking-visual-evidence; synthetic prompt-derived intent label, not human visual gold and not a model prediction.",,unreviewed,v1.1
IMG_007686,parking_order_violation,uncertain,uncertain,"GT_BASIS=generation_intent; GT_REVIEW_STATUS=unreviewed; source_slot=370; intended_group=u01-insufficient-parking-visual-evidence; synthetic prompt-derived intent label, not human visual gold and not a model prediction.",,unreviewed,v1.1
IMG_007687,parking_order_violation,uncertain,uncertain,"GT_BASIS=generation_intent; GT_REVIEW_STATUS=unreviewed; source_slot=371; intended_group=u01-insufficient-parking-visual-evidence; synthetic prompt-derived intent label, not human visual gold and not a model prediction.",,unreviewed,v1.1
IMG_007688,parking_order_violation,uncertain,uncertain,"GT_BASIS=generation_intent; GT_REVIEW_STATUS=unreviewed; source_slot=372; intended_group=u01-insufficient-parking-visual-evidence; synthetic prompt-derived intent label, not human visual gold and not a model prediction.",,unreviewed,v1.1
IMG_007689,parking_order_violation,uncertain,uncertain,"GT_BASIS=generation_intent; GT_REVIEW_STATUS=unreviewed; source_slot=373; intended_group=u01-insufficient-parking-visual-evidence; synthetic prompt-derived intent label, not human visual gold and not a model prediction.",,unreviewed,v1.1
IMG_007690,parking_order_violation,uncertain,uncertain,"GT_BASIS=generation_intent; GT_REVIEW_STATUS=unreviewed; source_slot=374; intended_group=u01-insufficient-parking-visual-evidence; synthetic prompt-derived intent label, not human visual gold and not a model prediction.",,unreviewed,v1.1
IMG_007691,parking_order_violation,uncertain,uncertain,"GT_BASIS=generation_intent; GT_REVIEW_STATUS=unreviewed; source_slot=375; intended_group=u01-insufficient-parking-visual-evidence; synthetic prompt-derived intent label, not human visual gold and not a model prediction.",,unreviewed,v1.1
IMG_007692,parking_order_violation,uncertain,uncertain,"GT_BASIS=generation_intent; GT_REVIEW_STATUS=unreviewed; source_slot=376; intended_group=u02-markings-severely-missing-or-occluded; synthetic prompt-derived intent label, not human visual gold and not a model prediction.",,unreviewed,v1.1
IMG_007693,parking_order_violation,uncertain,uncertain,"GT_BASIS=generation_intent; GT_REVIEW_STATUS=unreviewed; source_slot=377; intended_group=u02-markings-severely-missing-or-occluded; synthetic prompt-derived intent label, not human visual gold and not a model prediction.",,unreviewed,v1.1
IMG_007694,parking_order_violation,uncertain,uncertain,"GT_BASIS=generation_intent; GT_REVIEW_STATUS=unreviewed; source_slot=378; intended_group=u02-markings-severely-missing-or-occluded; synthetic prompt-derived intent label, not human visual gold and not a model prediction.",,unreviewed,v1.1
IMG_007695,parking_order_violation,uncertain,uncertain,"GT_BASIS=generation_intent; GT_REVIEW_STATUS=unreviewed; source_slot=379; intended_group=u02-markings-severely-missing-or-occluded; synthetic prompt-derived intent label, not human visual gold and not a model prediction.",,unreviewed,v1.1
IMG_007696,parking_order_violation,uncertain,uncertain,"GT_BASIS=generation_intent; GT_REVIEW_STATUS=unreviewed; source_slot=380; intended_group=u02-markings-severely-missing-or-occluded; synthetic prompt-derived intent label, not human visual gold and not a model prediction.",,unreviewed,v1.1
IMG_007697,parking_order_violation,uncertain,uncertain,"GT_BASIS=generation_intent; GT_REVIEW_STATUS=unreviewed; source_slot=381; intended_group=u02-markings-severely-missing-or-occluded; synthetic prompt-derived intent label, not human visual gold and not a model prediction.",,unreviewed,v1.1
IMG_007698,parking_order_violation,uncertain,uncertain,"GT_BASIS=generation_intent; GT_REVIEW_STATUS=unreviewed; source_slot=382; intended_group=u02-markings-severely-missing-or-occluded; synthetic prompt-derived intent label, not human visual gold and not a model prediction.",,unreviewed,v1.1
IMG_007699,parking_order_violation,uncertain,uncertain,"GT_BASIS=generation_intent; GT_REVIEW_STATUS=unreviewed; source_slot=383; intended_group=u02-markings-severely-missing-or-occluded; synthetic prompt-derived intent label, not human visual gold and not a model prediction.",,unreviewed,v1.1
IMG_007700,parking_order_violation,uncertain,uncertain,"GT_BASIS=generation_intent; GT_REVIEW_STATUS=unreviewed; source_slot=384; intended_group=u02-markings-severely-missing-or-occluded; synthetic prompt-derived intent label, not human visual gold and not a model prediction.",,unreviewed,v1.1
IMG_007701,parking_order_violation,uncertain,uncertain,"GT_BASIS=generation_intent; GT_REVIEW_STATUS=unreviewed; source_slot=385; intended_group=u02-markings-severely-missing-or-occluded; synthetic prompt-derived intent label, not human visual gold and not a model prediction.",,unreviewed,v1.1
IMG_007702,parking_order_violation,uncertain,uncertain,"GT_BASIS=generation_intent; GT_REVIEW_STATUS=unreviewed; source_slot=386; intended_group=u03-vehicle-cut-by-frame-edge; synthetic prompt-derived intent label, not human visual gold and not a model prediction.",,unreviewed,v1.1
IMG_007703,parking_order_violation,uncertain,uncertain,"GT_BASIS=generation_intent; GT_REVIEW_STATUS=unreviewed; source_slot=387; intended_group=u03-vehicle-cut-by-frame-edge; synthetic prompt-derived intent label, not human visual gold and not a model prediction.",,unreviewed,v1.1
IMG_007704,parking_order_violation,uncertain,uncertain,"GT_BASIS=generation_intent; GT_REVIEW_STATUS=unreviewed; source_slot=388; intended_group=u03-vehicle-cut-by-frame-edge; synthetic prompt-derived intent label, not human visual gold and not a model prediction.",,unreviewed,v1.1
IMG_007705,parking_order_violation,uncertain,uncertain,"GT_BASIS=generation_intent; GT_REVIEW_STATUS=unreviewed; source_slot=389; intended_group=u03-vehicle-cut-by-frame-edge; synthetic prompt-derived intent label, not human visual gold and not a model prediction.",,unreviewed,v1.1
IMG_007706,parking_order_violation,uncertain,uncertain,"GT_BASIS=generation_intent; GT_REVIEW_STATUS=unreviewed; source_slot=390; intended_group=u03-vehicle-cut-by-frame-edge; synthetic prompt-derived intent label, not human visual gold and not a model prediction.",,unreviewed,v1.1
IMG_007707,parking_order_violation,uncertain,uncertain,"GT_BASIS=generation_intent; GT_REVIEW_STATUS=unreviewed; source_slot=391; intended_group=u04-night-or-blur-boundary-unreadable; synthetic prompt-derived intent label, not human visual gold and not a model prediction.",,unreviewed,v1.1
IMG_007708,parking_order_violation,uncertain,uncertain,"GT_BASIS=generation_intent; GT_REVIEW_STATUS=unreviewed; source_slot=392; intended_group=u04-night-or-blur-boundary-unreadable; synthetic prompt-derived intent label, not human visual gold and not a model prediction.",,unreviewed,v1.1
IMG_007709,parking_order_violation,uncertain,uncertain,"GT_BASIS=generation_intent; GT_REVIEW_STATUS=unreviewed; source_slot=393; intended_group=u04-night-or-blur-boundary-unreadable; synthetic prompt-derived intent label, not human visual gold and not a model prediction.",,unreviewed,v1.1
IMG_007710,parking_order_violation,uncertain,uncertain,"GT_BASIS=generation_intent; GT_REVIEW_STATUS=unreviewed; source_slot=394; intended_group=u04-night-or-blur-boundary-unreadable; synthetic prompt-derived intent label, not human visual gold and not a model prediction.",,unreviewed,v1.1
IMG_007711,parking_order_violation,uncertain,uncertain,"GT_BASIS=generation_intent; GT_REVIEW_STATUS=unreviewed; source_slot=395; intended_group=u04-night-or-blur-boundary-unreadable; synthetic prompt-derived intent label, not human visual gold and not a model prediction.",,unreviewed,v1.1
IMG_007712,parking_order_violation,uncertain,uncertain,"GT_BASIS=generation_intent; GT_REVIEW_STATUS=unreviewed; source_slot=396; intended_group=u05-gate-queue-or-parking-ambiguous; synthetic prompt-derived intent label, not human visual gold and not a model prediction.",,unreviewed,v1.1
IMG_007713,parking_order_violation,uncertain,uncertain,"GT_BASIS=generation_intent; GT_REVIEW_STATUS=unreviewed; source_slot=397; intended_group=u05-gate-queue-or-parking-ambiguous; synthetic prompt-derived intent label, not human visual gold and not a model prediction.",,unreviewed,v1.1
IMG_007714,parking_order_violation,uncertain,uncertain,"GT_BASIS=generation_intent; GT_REVIEW_STATUS=unreviewed; source_slot=398; intended_group=u05-gate-queue-or-parking-ambiguous; synthetic prompt-derived intent label, not human visual gold and not a model prediction.",,unreviewed,v1.1
IMG_007715,parking_order_violation,uncertain,uncertain,"GT_BASIS=generation_intent; GT_REVIEW_STATUS=unreviewed; source_slot=399; intended_group=u05-gate-queue-or-parking-ambiguous; synthetic prompt-derived intent label, not human visual gold and not a model prediction.",,unreviewed,v1.1
IMG_007716,parking_order_violation,uncertain,uncertain,"GT_BASIS=generation_intent; GT_REVIEW_STATUS=unreviewed; source_slot=400; intended_group=u05-gate-queue-or-parking-ambiguous; synthetic prompt-derived intent label, not human visual gold and not a model prediction.",,unreviewed,v1.1
